Workbook

Sheet INICIO
A1: NUTRIMETRÍA · NMX-15
A2: Biblioteca profesional de fórmulas · versión 1.0 · Fase 8 · biblioteca de referencia transversal de la colección
A4: =HYPERLINK("#INDICE!A1","▶ ÍNDICE") -> ▶ ÍNDICE | C4: =HYPERLINK("#ENERGIA!A1","▶ ENERGÍA") -> ▶ ENERGÍA | E4: =HYPERLINK("#CRECIMIENTO!A1","▶ CRECIM.") -> ▶ CRECIM. | G4: =HYPERLINK("#COMPOSICION!A1","▶ COMPOS.") -> ▶ COMPOS.
A5: =HYPERLINK("#SOMATOTIPO!A1","▶ SOMATO.") -> ▶ SOMATO. | C5: =HYPERLINK("#FIABILIDAD!A1","▶ FIABIL.") -> ▶ FIABIL. | E5: =HYPERLINK("#DEPORTE!A1","▶ DEPORTE") -> ▶ DEPORTE | G5: =HYPERLINK("#RENAL!A1","▶ RENAL") -> ▶ RENAL
A6: =HYPERLINK("#CONDUCTA!A1","▶ CONDUCTA") -> ▶ CONDUCTA | C6: =HYPERLINK("#FUENTES!A1","▶ FUENTES") -> ▶ FUENTES | E6: =HYPERLINK("#PRUEBAS!A1","▶ PRUEBAS") -> ▶ PRUEBAS | G6: =HYPERLINK("#CONFIG!A1","▶ CONFIG") -> ▶ CONFIG
A7: =HYPERLINK("#CHANGELOG!A1","▶ CHANGELOG") -> ▶ CHANGELOG
A8: Código del producto | C8: NMX-15
A9: Versión | C9: 1.0
A10: Fecha | C10: 2026-07-24
A11: Naturaleza | C11: Biblioteca de REFERENCIA. Reúne y audita las fórmulas de la colección Nutrimetría. NO es un motor clínico ni reemplaza a las herramientas de cálculo.
A12: Cobertura | C12: Construida a partir de las publicaciones primarias de cada dominio, comunes a toda la suite (NMX-01, 08, 09, 10, 11, 12, 16, 24, 33, 34, 35, 36, 41, 42). Los módulos NMX-03, 07, 13, 14, 20 y 25 ya están disponibles y reutilizan estas ecuaciones de referencia —por ejemplo, el recordatorio NMX-13 emplea la TMB de Schofield y el GET/PAL factorial del dominio ENERGIA—, por lo que no se duplican aquí.
A13: Formato | C13: .xlsx sin macros · Microsoft 365 (Windows) y Excel 2021 · sin funciones matriciales
A14: Responsable | C14: Equipo Nutrimetría (completar por el titular)
A16: AVISO DE ALCANCE — LÉALO ANTES DE USAR
A17: EXACTITUD MATEMÁTICA ≠ VALIDACIÓN CLÍNICA. Reunir y cotejar las fórmulas contra sus fuentes NO valida su uso en un paciente concreto ni en población chilena.
A18: Esta biblioteca sólo REPRODUCE las ecuaciones tal como las aplican los módulos de la colección: es documentación y verificación, no diagnóstico ni prescripción.
A19: Cada fórmula conserva su POBLACIÓN de derivación y sus LIMITACIONES: no la traslade a poblaciones distintas (pediatría, embarazo, lactancia, deportistas de élite, pacientes críticos) sin criterio profesional.
A20: Sólo se usan ECUACIONES y COEFICIENTES (hechos no protegibles). La 'edad metabólica' (NMX-34) se incluye como constructo NO validado, con su advertencia; no la presente como diagnóstico.
A21: Las fórmulas que dependen de la Tabla INTA 2018 (grupo RENAL / equivalentes) heredan el BLOQUEO de licencia: uso personal, no redistribuir ni comercializar la base sin autorización documentada. Nutrimetría no cuenta con respaldo del INTA ni de la U. de Chile.
A22: Esta revisión no sustituye asesoría jurídica ni científica.
A24: CÓMO USAR ESTA BIBLIOTECA
A25: 1 | C25: ÍNDICE lista todas las fórmulas con su dominio, el módulo de origen y su nivel de verificación. Es el punto de entrada.
A26: 2 | C26: Cada hoja de DOMINIO (Energía, Crecimiento, Composición, Somatotipo, Fiabilidad, Deporte, Renal, Conducta) contiene la ecuación exacta, su autor y año, la población de derivación, las unidades y sus limitaciones.
A27: 3 | C27: FUENTES consolida la bibliografía con nivel de verificación, DOI/URL y condiciones de licencia.
A28: 4 | C28: PRUEBAS reproduce numéricamente cada fórmula contra un valor de control calculado de forma independiente. Revíselas tras cualquier edición de coeficientes.
A29: 5 | C29: CONFIG centraliza las constantes compartidas (factores de Atwater, MET, tolerancia de pruebas, umbrales). Edítelas ahí, no dentro de las fórmulas.
A31: CÓDIGO DE COLORES
C32: Título / encabezado de sección
C33: Metadatos e información derivada
C34: Advertencias y límites de uso
C35: Celdas editables (CONFIG)
C36: Resultado de prueba correcto

Sheet INDICE
A1: NUTRIMETRÍA · NMX-15
A2: Índice de fórmulas · dominios, origen y verificación
A3: =HYPERLINK("#INICIO!A1","◀ INICIO") -> ◀ INICIO | C3: =HYPERLINK("#FUENTES!A1","▶ FUENTES") -> ▶ FUENTES | E3: =HYPERLINK("#PRUEBAS!A1","▶ PRUEBAS") -> ▶ PRUEBAS | G3: =HYPERLINK("#CONFIG!A1","▶ CONFIG") -> ▶ CONFIG
A4: NIVEL A = publicación primaria / documento oficial · B = resumen primario o corroboración por pares · C = fuente secundaria o constructo no validado. Sólo se usan ecuaciones y coeficientes (hechos no protegibles). EXACTITUD ≠ VALIDACIÓN CLÍNICA.
A5: Dominio | B5: Nº de fórmulas | C5: Módulos de origen | D5: Contenido principal
A6: =HYPERLINK("#ENERGIA!A1","ENERGIA") -> ENERGIA | B6: 13 | C6: 01 · 10 · 34 | D6: GEB (7 ecuaciones), PAL/GET/GAF, MET, ETA, Atwater, edad metabólica
A7: =HYPERLINK("#CRECIMIENTO!A1","CRECIMIENTO") -> CRECIMIENTO | B7: 5 | C7: 09 | D7: LMS OMS, percentiles, cortes de clasificación pediátrica
A8: =HYPERLINK("#COMPOSICION!A1","COMPOSICION") -> COMPOSICION | B8: 13 | C8: 12 · 36 · 08 | D8: Densidad (DW, JP7/JP3), Siri/Brožek, US Navy, Deurenberg, Faulkner, MG/MLG e índices
A9: =HYPERLINK("#SOMATOTIPO!A1","SOMATOTIPO") -> SOMATOTIPO | B9: 5 | C9: 16 | D9: Heath–Carter: endo/meso/ecto y somatocarta
A10: =HYPERLINK("#FIABILIDAD!A1","FIABILIDAD") -> FIABILIDAD | B10: 7 | C10: 41 · 36 | D10: ETM, error relativo, fiabilidad, cambio mínimo detectable
A11: =HYPERLINK("#DEPORTE!A1","DEPORTE") -> DEPORTE | B11: 11 | C11: 08 · 11 · 33 | D11: Disponibilidad energética, sudoración, carga de Foster, periodización de CHO
A12: =HYPERLINK("#RENAL!A1","RENAL") -> RENAL | B12: 4 | C12: 42 | D12: Razón P/proteína, cortes K/P/Na (⚠ base INTA con bloqueo)
A13: =HYPERLINK("#CONDUCTA!A1","CONDUCTA") -> CONDUCTA | B13: 4 | C13: 24 · 35 | D13: Formación de hábitos (Lally), marcadores conductuales
A14: TOTAL | B14: =SUM(B6:B13) -> 62

Sheet ENERGIA
A1: NUTRIMETRÍA · NMX-15
A2: Energía · GEB, gasto total, efecto térmico y factores energéticos
A3: =HYPERLINK("#INICIO!A1","◀ INICIO") -> ◀ INICIO | C3: =HYPERLINK("#INDICE!A1","◀ ÍNDICE") -> ◀ ÍNDICE | E3: =HYPERLINK("#FUENTES!A1","▶ FUENTES") -> ▶ FUENTES | G3: =HYPERLINK("#PRUEBAS!A1","▶ PRUEBAS") -> ▶ PRUEBAS
A4: Ecuaciones de gasto energético basal/reposo, factor de actividad (PAL), efecto térmico y factores de Atwater. Provenientes de NMX-01, NMX-10 y NMX-34.
A5: Ecuación o dato | B5: Autor · año | C5: Población de derivación | D5: Fórmula / valor | E5: Unidades | F5: Limitaciones | G5: Módulo | H5: Nivel
A6: Mifflin–St Jeor | B6: Mifflin & St Jeor, 1990 | C6: 498 adultos sanos EE.UU., 19–78 años | D6: H: 10·P+6,25·T−5·E+5 · M: 10·P+6,25·T−5·E−161 | E6: P kg; T cm; E años; kcal/día | F6: Población estadounidense; menor sesgo en obesidad que Harris–Benedict. | G6: 01·10·34 | H6: B
A7: Harris–Benedict revisada | B7: Roza & Shizgal, 1984 | C7: 337 adultos; reanálisis de Harris–Benedict | D7: H: 88,362+13,397·P+4,799·T−5,677·E · M: 447,593+9,247·P+3,098·T−4,330·E | E7: P kg; T cm; E años; kcal/día | F7: Tiende a sobrestimar el GEB. | G7: 1 | H7: B
A8: Owen | B8: Owen et al., 1986/1987 | C8: 44 mujeres (8 atletas) y 60 hombres, 18–82 años | D8: H: 879+10,2·P · M: 795+7,18·P | E8: P kg; kcal/día | F8: Sólo usa peso; muestra pequeña. | G8: 01 | H8: B
A9: Cunningham 1980 | B9: Cunningham, 1980 | C9: Reanálisis de Harris–Benedict; MLG único predictor | D9: TMB = 500 + 22·MLG | E9: MLG kg; kcal/día | F9: Hereda por completo el error del método de composición corporal. | G9: 01 | H9: B
A10: Cunningham 1991 (alias Katch–McArdle) | B10: Cunningham, 1991 | C10: Ecuación general por masa libre de grasa | D10: REE = 370 + 21,6·FFM | E10: FFM (MLG) kg; kcal/día | F10: El alias 'Katch–McArdle' es atribución secundaria. | G10: 01·10·34 | H10: B/C
A11: Schofield adultos | B11: Schofield, 1985 | C11: Metaanálisis ~11.000 mediciones de TMB | D11: Bandas 18–30 / 30–60 / ≥60 (coeficientes por sexo en el módulo) | E11: P kg; kcal/día | F11: Sobrerrepresentación italiana en la base. | G11: 01 | H11: B
A12: Henry / Oxford | B12: Henry, 2005 | C12: 10.552 valores de TMB; más datos tropicales | D12: H: 16,0·P+545 | 14,2·P+593 | 13,5·P+514 · M: 13,1·P+558 | 9,74·P+694 | 10,1·P+569 (bandas 18–30/30–60/≥60) | E12: P kg; kcal/día | F12: Sólo peso; no aplicar bandas fuera de rango. | G12: 01·10 | H12: A
A13: PAL / GET (factorial) | B13: FAO/WHO/UNU, 2004 | C13: Consulta de expertos; definición oficial | D13: PAL = TEE 24h / TMB 24h → GET = GEB·PAL | E13: adimensional | F13: GEB·PAL YA es el gasto total: no volver a sumar ETA. | G13: 01·10 | H13: A
A14: GAF (gasto por actividad) | B14: Derivado de FAO 2004 | C14: — | D14: GAF = GEB·(PAL − 1) | E14: kcal/día | F14: Se resta 1 para NO doble-contar el basal ya incluido en el PAL. | G14: 01·10 | H14: A
A15: AEE por MET | B15: Ainsworth et al., 2011 | C15: 2011 Compendium of Physical Activities | D15: AEE = Σ máx(MET−1;0)·h · Peso · 1 kcal/kg/h | E15: MET adim; h; kg | F15: 1 MET = reposo ESTÁNDAR (≈1 kcal/kg/h), no el metabolismo individual. | G15: 10 | H15: A
A16: Efecto térmico (ETA / TID) | B16: Westerterp, 2004 | C16: Revisión de termogénesis inducida por la dieta | D16: Proteína ≈25% · HdeC ≈8% · Grasa ≈0–3% de su energía | E16: % de la energía | F16: Rangos poblacionales; no sumarlo sobre un PAL que ya lo incluye. | G16: 10 | H16: A/B
A17: Factores de Atwater (generales) | B17: Merrill & Watt, 1973 (USDA AH-74) | C17: Documento institucional del USDA | D17: Proteína 4 · HdeC 4 · Grasa 9 · Alcohol 7 | E17: kcal/g | F17: Factores GENERALES; existen factores específicos por alimento. | G17: 01·10·17·21 | H17: A
A18: Edad metabólica (⚠ NO validado) | B18: Katch–McArdle + Mifflin (NMX-34) | C18: Constructo comercial de bioimpedancia | D18: Se estima TMB por MLG (sin edad) y se despeja la edad en la ecuación poblacional. Sensibilidad ≈ 4,32 años por kg de MLG. | E18: años | F18: ⚠ NO es un constructo validado; no diagnostica; depende del %grasa (estimado con error). | G18: 34 | H18: C
A19: Valores MET60+ · adultos mayores | B19: Willis EA, Herrmann SD, Hastert M, Kracht CL, Barreira TV, Schuna JM Jr, Cai Z, Quan M, Conger SA, Brown WJ, Ainsworth BE. 2024 | C19: Adultos ≥60 años | D19: Older Adult Compendium · MET60+ con baseline 2,7 mL O₂/kg/min; conversión documentada 0,810 kcal/kg/h. | E19: MET60+; kcal/kg/h | F19: No tratar MET60+ como MET estándar. Usar catálogo y códigos específicos de Older Adult Compendium. | G19: 1 | H19: A
A20: Valores METWC · usuarios de silla de ruedas | B20: Conger SA, Herrmann SD, Willis EA, Nightingale TE, Sherman JR, Ainsworth BE. 2024 | C20: Adultos usuarios de silla de ruedas; evidencia publicada predominantemente en adultos jóvenes/mediana edad | D20: Wheelchair Compendium · METWC; baseline 0,992 kcal/kg/h. | E20: METWC; kcal/kg/h | F20: No mezclar METWC con MET o MET60+. La publicación advierte cautela al extrapolar a adultos mayores; NMX-01 bloquea PAL automático en silla de ruedas ≥60. | G20: 1 | H20: A
A21: Conversión energética 2024 · comparación de Compendia | B21: Herrmann SD, Conger SA, Willis EA, Ainsworth BE — Journal of Sport and Health Science 2024 | C21: Adultos, adultos mayores y usuarios de silla de ruedas | D21: Adult MET→kcal: MET×kg×h; METWC→kcal: METWC×0,992×kg×h; MET60+→kcal: MET60+×0,810×kg×h. | E21: kcal | F21: Ejemplos de conversión; siguen siendo estimaciones del Compendium, no calorimetría. | G21: 1 | H21: A

Sheet CRECIMIENTO
A1: NUTRIMETRÍA · NMX-15
A2: Crecimiento · método LMS y percentiles OMS
A3: =HYPERLINK("#INICIO!A1","◀ INICIO") -> ◀ INICIO | C3: =HYPERLINK("#INDICE!A1","◀ ÍNDICE") -> ◀ ÍNDICE | E3: =HYPERLINK("#FUENTES!A1","▶ FUENTES") -> ▶ FUENTES | G3: =HYPERLINK("#PRUEBAS!A1","▶ PRUEBAS") -> ▶ PRUEBAS
A4: Antropometría pediátrica por el método LMS de la OMS. Proveniente de NMX-09. Sólo se incluye peso para la edad 0–60 meses.
A5: Ecuación o dato | B5: Autor · año | C5: Población de derivación | D5: Fórmula / valor | E5: Unidades | F5: Limitaciones | G5: Módulo | H5: Nivel
A6: Método LMS | B6: Cole & Green, 1992 | C6: Método de suavizado de centiles | D6: z = ((X/M)^L − 1)/(L·S) · si L=0: z = ln(X/M)/S | E6: adimensional | F6: Asume distribución Box-Cox normal; se restringe a |z|≤3. | G6: 09 | H6: B
A7: Tablas LMS · peso/edad OMS | B7: OMS (MGRS), 2006 | C7: 8440 niños de 6 países (0–5 años) | D7: Coeficientes L, M, S por sexo y mes cumplido (0–60) | E7: kg; adim | F7: Estándar 0–5 años; para 5–19 usar la referencia 2007 (no incluida). | G7: 09 | H7: A
A8: Ajuste para |z|>3 | B8: OMS, 2006/2007 | C8: Documentación técnica de la OMS | D8: Fuera de ±3 SD la desviación se fija a la distancia entre ±2 y ±3 SD | E8: z | F8: Los percentiles sólo se definen para |z|≤3. | G8: 09 | H8: A
A9: Percentil desde z | B9: Φ normal estándar | C9: Estadística clásica | D9: percentil = Φ(z) (z=1,645 → P95) | E9: — | F9: Válido dentro del rango de la referencia (|z|≤3). | G9: 09 | H9: A
A10: Cortes de clasificación | B10: OMS / MINSAL | C10: Tamizaje nutricional | D10: <−3 muy bajo · −3 a <−2 bajo · −2 a +1 adecuado · +1 a +2 elevado · >+2 muy elevado | E10: z | F10: El peso/edad no distingue exceso de grasa. | G10: 09 | H10: A

Sheet COMPOSICION
A1: NUTRIMETRÍA · NMX-15
A2: Composición corporal · densidad, %grasa, masa magra e índices
A3: =HYPERLINK("#INICIO!A1","◀ INICIO") -> ◀ INICIO | C3: =HYPERLINK("#INDICE!A1","◀ ÍNDICE") -> ◀ ÍNDICE | E3: =HYPERLINK("#FUENTES!A1","▶ FUENTES") -> ▶ FUENTES | G3: =HYPERLINK("#PRUEBAS!A1","▶ PRUEBAS") -> ▶ PRUEBAS
A4: Estimación de composición por pliegues, circunferencias e IMC, con conversión densidad→%grasa y cortes de clasificación. De NMX-12 y NMX-36.
A5: Ecuación o dato | B5: Autor · año | C5: Población de derivación | D5: Fórmula / valor | E5: Unidades | F5: Limitaciones | G5: Módulo | H5: Nivel
A6: Densidad · Durnin–Womersley (4) | B6: Durnin & Womersley, 1974 | C6: 481 personas, 16–72 años; pesaje hidrostático | D6: D = c − m·log10(Σ4); Σ4=bíceps+tríceps+subescapular+suprailíaco (c,m por sexo y banda etaria) | E6: g/mL; mm | F6: Muestra británica; ecuación general; depende de la técnica. | G6: 12·36 | H6: B
A7: Densidad · Jackson–Pollock 7 (H) | B7: Jackson & Pollock, 1978 | C7: 308 hombres, 18–61 años; hidrostático | D7: BD = 1,112 − 0,00043499·Σ7 + 0,00000055·Σ7² − 0,00028826·edad | E7: g/mL; mm; años | F7: Error ~3,5 %grasa; muestra no atleta. | G7: 36 | H7: B
A8: Densidad · Jackson–Pollock 7 (M) | B8: Jackson, Pollock & Ward, 1980 | C8: 249 mujeres, 18–55 años; hidrostático | D8: BD = 1,097 − 0,00046971·Σ7 + 0,00000056·Σ7² − 0,00012828·edad | E8: g/mL; mm; años | F8: Precaución en mujeres >40 años. | G8: 36 | H8: B
A9: Densidad · Jackson–Pollock 3 (H) | B9: Jackson & Pollock, 1978 | C9: Sitios: pectoral, abdominal, muslo | D9: BD = 1,10938 − 0,0008267·Σ3 + 0,0000016·Σ3² − 0,0002574·edad | E9: g/mL; mm; años | F9: Versión abreviada; algo menos precisa. | G9: 36 | H9: B
A10: % grasa · Faulkner (4) | B10: Faulkner, 1968 (deriv. Yuhasz) | C10: Uso extendido en el ámbito deportivo | D10: %grasa = 0,153·(tríceps+subescapular+suprailíaco+abdominal) + 5,783 | E10: %; mm | F10: ⚠ Atribución secundaria (nivel C): verifíquela antes de un uso formal. | G10: 36 | H10: C
A11: Densidad → %grasa · Siri | B11: Siri, 1961 | C11: Modelo de dos compartimentos | D11: %grasa = 495/D − 450 | E11: %; D g/mL | F11: Densidades fijas; menos válida en extremos de composición. | G11: 12·36 | H11: B
A12: Densidad → %grasa · Brožek | B12: Brožek et al., 1963 | C12: Cuerpo de referencia | D12: %grasa = 457/D − 414 | E12: %; D g/mL | F12: Alternativa a Siri; difiere en los extremos. | G12: 12·36 | H12: B
A13: % grasa por circunferencias · US Navy | B13: Hodgdon & Beckett, 1984 | C13: Personal de la Marina de EE.UU. | D13: H: 495/(1,0324−0,19077·log10(cint−cuello)+0,15456·log10(talla))−450 · M usa (cint+cadera−cuello) | E13: cm; % | F13: Población militar; sensible a la técnica. | G13: 12 | H13: B
A14: % grasa por IMC · Deurenberg | B14: Deurenberg et al., 1991 | C14: 1229 sujetos, amplio rango | D14: %grasa = 1,20·IMC + 0,23·edad − 10,8·sexo − 5,4 (H=1, M=0) | E14: %; IMC kg/m² | F14: Poblacional; menos precisa en el individuo, deportistas y ancianos. | G14: 12 | H14: B
A15: Composición · MG, MLG, índices | B15: Modelo 2 comp. · anclaje CL (INTA/Salazar, 2003) | C15: Población chilena (dilución de deuterio) | D15: MG = %grasa·peso · MLG = peso−MG · IMG = MG/talla² · IMLG = MLG/talla² | E15: kg; kg/m² | F15: El anclaje regional es chileno. | G15: 12·36·08·34 | H15: A/B
A16: Clasificación por IMC | B16: MINSAL / OMS | C16: Adulto y adulto mayor | D16: Adulto: 18,5 / 25 / 30 / 35 / 40 · Adulto mayor: 23 / 28 / 32 | E16: kg/m² | F16: El IMC no distingue composición. | G16: 12 | H16: A
... A18: Rangos referenciales de %grasa | B18: ACE (divulgados) | C18: Por categoría y sexo | D18: H: esencial 2–5, atlético 6–13, en forma 14–17, aceptable 18–24, obesidad ≥25 (M ≈+8) | E18: % | F18: REFERENCIALES; no son un estándar chileno oficial. | G18: 12·36 | H18: C

Sheet SOMATOTIPO
A1: NUTRIMETRÍA · NMX-15
A2: Somatotipo · método antropométrico de Heath–Carter
A3: =HYPERLINK("#INICIO!A1","◀ INICIO") -> ◀ INICIO | C3: =HYPERLINK("#INDICE!A1","◀ ÍNDICE") -> ◀ ÍNDICE | E3: =HYPERLINK("#FUENTES!A1","▶ FUENTES") -> ▶ FUENTES | G3: =HYPERLINK("#PRUEBAS!A1","▶ PRUEBAS") -> ▶ PRUEBAS
A4: Endomorfia, mesomorfia, ectomorfia y coordenadas de la somatocarta. De NMX-16. Describe la FORMA corporal, no la composición.
A5: Ecuación o dato | B5: Autor · año | C5: Población de derivación | D5: Fórmula / valor | E5: Unidades | F5: Limitaciones | G5: Módulo | H5: Nivel
A6: Somatotipo Heath–Carter | B6: Carter, 1990/2002 (Heath & Carter, 1967) | C6: San Diego State University | D6: Tres componentes adimensionales: endomorfia, mesomorfia, ectomorfia | E6: adim | F6: Describe la FORMA, no la composición. | G6: 16 | H6: A
A7: Endomorfia (corregida por talla) | B7: Carter & Heath, 1990 | C7: Polinomio de 3er grado | D7: Endo = −0,7182 + 0,1451·X − 0,00068·X² + 0,0000014·X³ ; X = Σ3·(170,18/talla); Σ3=tríceps+subescapular+supraespinal | E7: mm; adim | F7: Sensible a la calidad de los pliegues. | G7: 16 | H7: A
A8: Mesomorfia | B8: Carter & Heath, 1990 | C8: Diámetros óseos y perímetros corregidos | D8: Meso = 0,858·húmero + 0,601·fémur + 0,188·brazoC + 0,161·pantorrillaC − 0,131·talla + 4,5 | E8: cm; adim | F8: Perímetros corregidos por el pliegue respectivo (÷10 mm→cm). | G8: 16 | H8: A
A9: Ectomorfia (por HWR) | B9: Carter & Heath, 1990 | C9: HWR = talla / peso^(1/3) | D9: HWR≥40,75: 0,732·HWR−28,58 · 38,25<HWR<40,75: 0,463·HWR−17,63 · HWR≤38,25: 0,1 | E9: adim | F9: Un componente ≤0 se fija en 0,1. | G9: 16 | H9: A
A10: Somatocarta | B10: Carter & Heath, 1990 | C10: Coordenadas 2D | D10: X = ecto − endo · Y = 2·meso − (endo+ecto) | E10: adim | F10: Clasificación cualitativa en 13 categorías. | G10: 16 | H10: A

Sheet FIABILIDAD
A1: NUTRIMETRÍA · NMX-15
A2: Fiabilidad de la medición · error técnico y cambio mínimo detectable
A3: =HYPERLINK("#INICIO!A1","◀ INICIO") -> ◀ INICIO | C3: =HYPERLINK("#INDICE!A1","◀ ÍNDICE") -> ◀ ÍNDICE | E3: =HYPERLINK("#FUENTES!A1","▶ FUENTES") -> ▶ FUENTES | G3: =HYPERLINK("#PRUEBAS!A1","▶ PRUEBAS") -> ▶ PRUEBAS
A4: Control de calidad de la plicometría: error del evaluador y del instrumento. De NMX-41 y NMX-36. No estima composición.
A5: Ecuación o dato | B5: Autor · año | C5: Población de derivación | D5: Fórmula / valor | E5: Unidades | F5: Limitaciones | G5: Módulo | H5: Nivel
A6: Error técnico de medición (ETM) | B6: ISAK | C6: Mediciones por duplicado | D6: ETM = √(Σd²/(2·k)) ; d = diferencia de cada par; k = nº de pares | E6: mm | F6: Mide reproducibilidad, NO exactitud. | G6: 41·36 | H6: A
A7: Error relativo | B7: ISAK | C7: — | D7: ETM% = ETM / media | E7: % | F7: Compara sitios de distinto espesor. | G7: 41 | H7: A
A8: Criterios de aceptación | B8: ISAK | C8: Acreditación antropométrica | D8: Intraevaluador 5% · interevaluador 7,5% | E8: % | F8: Editables en CONFIG. | G8: 41·36 | H8: A
A9: Coeficiente de fiabilidad | B9: Antropometría | C9: — | D9: R = 1 − ETM²/SD² (SD entre sujetos) | E9: adim | F9: Mínimo habitual 0,95. | G9: 41 | H9: A
A10: Cambio mínimo detectable (MDC) | B10: Estadística (95%) | C10: — | D10: MDC = ETM · √2 · 1,96 | E10: mm | F10: Un cambio menor no se distingue del error del método. | G10: 41 | H10: A
A11: Error de una suma de pliegues | B11: Propagación de errores | C11: — | D11: El error crece con √(nº de sitios); la Σ es proporcionalmente más sensible | E11: mm | F11: Seguir la Σ de pliegues, no pliegues aislados. | G11: 41 | H11: A
A12: Presión del instrumento | B12: ISAK | C12: Plicómetro profesional | D12: 10 g/mm² constante | E12: g/mm² | F12: Verificar contra patrones de espesor conocido. | G12: 41 | H12: A

Sheet RENAL
A1: NUTRIMETRÍA · NMX-15
A2: Enfermedad renal · selección de alimentos (⚠ base INTA con bloqueo de licencia)
A3: =HYPERLINK("#INICIO!A1","◀ INICIO") -> ◀ INICIO | C3: =HYPERLINK("#INDICE!A1","◀ ÍNDICE") -> ◀ ÍNDICE | E3: =HYPERLINK("#FUENTES!A1","▶ FUENTES") -> ▶ FUENTES | G3: =HYPERLINK("#PRUEBAS!A1","▶ PRUEBAS") -> ▶ PRUEBAS
A4: Criterios de potasio, fósforo y sodio y razón fósforo/proteína. De NMX-42. Depende de la Tabla INTA 2018: uso personal, no redistribuir.
A5: Ecuación o dato | B5: Autor · año | C5: Población de derivación | D5: Fórmula / valor | E5: Unidades | F5: Limitaciones | G5: Módulo | H5: Nivel
A6: Razón fósforo/proteína | B6: Criterio renal | C6: Fuentes proteicas | D6: P/proteína = mg de fósforo por g de proteína | E6: mg/g | F6: Cubre la proteína con la menor carga fosfórica. | G6: 42 | H6: A
A7: Clasificación K / P / Na | B7: Convención del libro | C7: Por 100 g | D7: Cortes bajo / medio / alto / muy alto (editables) | E7: mg/100 g | F7: ⚠ No hay categorías normadas por 100 g; importa la carga diaria del paciente. | G7: 42 | H7: C
A8: Cobertura de nutrientes críticos | B8: INTA 2018 | C8: 618 alimentos | D8: Sólo 376 tienen K, P y Na completos; 242 quedan EXCLUIDOS y marcados | E8: — | F8: Un dato ausente NUNCA se interpreta como cero. | G8: 42 | H8: A
A9: Limitación · fósforo de aditivos | B9: Evidencia renal | C9: — | D9: Las tablas NO capturan el fósforo inorgánico de aditivos (absorción casi total) | E9: — | F9: La carga real puede superar ampliamente lo mostrado. | G9: 42 | H9: A

Sheet DEPORTE
A1: NUTRIMETRÍA · NMX-15
A2: Nutrición y entrenamiento deportivo
A3: =HYPERLINK("#INICIO!A1","◀ INICIO") -> ◀ INICIO | C3: =HYPERLINK("#INDICE!A1","◀ ÍNDICE") -> ◀ ÍNDICE | E3: =HYPERLINK("#FUENTES!A1","▶ FUENTES") -> ▶ FUENTES | G3: =HYPERLINK("#PRUEBAS!A1","▶ PRUEBAS") -> ▶ PRUEBAS
A4: Disponibilidad energética, hidratación, carga de entrenamiento y periodización de carbohidratos. De NMX-08, NMX-11 y NMX-33.
A5: Ecuación o dato | B5: Autor · año | C5: Población de derivación | D5: Fórmula / valor | E5: Unidades | F5: Limitaciones | G5: Módulo | H5: Nivel
A6: Disponibilidad energética (DE) | B6: Marco RED-S (COI) | C6: Tamizaje de deficiencia energética | D6: DE = (ingesta energética − gasto por ejercicio) / MLG ; umbral orientador ~30 kcal/kg MLG/día | E6: kcal/kg MLG/día | F6: Estimación; depende de datos ingresados, no medidos. | G6: 08 | H6: A/B
A7: Tasa de sudoración | B7: Nutrición deportiva | C7: Pesaje pre/post sesión | D7: Sudor = (Δpeso + líquido ingerido − orina) / duración ; 1 g ≈ 1 mL | E7: mL/h | F7: Aproximación para sesiones de duración habitual. | G7: 08 | H7: B
A8: Umbral de deshidratación | B8: Consenso | C8: — | D8: Pérdida > 2% del peso corporal | E8: % | F8: Orientador y editable. | G8: 08 | H8: B
A9: Carga de sesión (Foster) | B9: Foster (JSCR) | C9: RPE 0–10 | D9: Carga = duración(min) · RPE | E9: UA | F9: Sólo compara semanas de UNA misma persona. | G9: 33 | H9: B
A10: Monotonía y strain | B10: Foster, 1998 | C10: Semana de entrenamiento | D10: Monotonía = media diaria / SD(muestral) · Strain = carga semanal · monotonía | E10: UA; adim | F10: Usa SD muestral (n−1). | G10: 33 | H10: B
A11: Razón carga aguda/crónica (ACWR) | B11: Gabbett, 2016 (objetada) | C11: — | D11: ACWR = carga de la semana / promedio de semanas recientes | E11: adim | F11: ⚠ NO predice lesión; sólo descriptor de progresión. | G11: 33 | H11: C
A12: Regla de progresión | B12: Convención | C12: — | D12: Aumento de referencia ~10% semanal | E12: % | F12: No validada; editable. | G12: 33 | H12: C
A13: CHO por carga de sesión | B13: Impey 2018 / Jeukendrup 2017 | C13: Consenso | D13: Rangos de g/kg según la demanda de cada sesión (ver módulo) | E13: g/kg | F13: Rangos poblacionales editables; no prescripción. | G13: 11 | H13: A/B
A14: CHO antes de la sesión | B14: Academy/DC/ACSM | C14: Documento de posición | D14: 1–4 g/kg, 1–4 h antes | E14: g/kg | F14: Probar en entrenamiento antes de competir. | G14: 11 | H14: A
A15: CHO durante la sesión | B15: Consenso | C15: — | D15: <60–75 min: 0 · 1–3 h: 30–60 g/h · >2–3 h sostenido: mayores (entrenamiento intestinal) | E15: g/h | F15: Requiere entrenamiento previo de la tolerancia. | G15: 11 | H15: A
A16: Proteína (no se periodiza) | B16: ISSN (Jäger et al., 2017) | C16: Documento de posición | D16: 1,6–2,2 g/kg/día constante | E16: g/kg/día | F16: Se mantiene incluso en días de descanso. | G16: 11 | H16: A

Sheet CONDUCTA
A1: NUTRIMETRÍA · NMX-15
A2: Conducta alimentaria y hábitos
A3: =HYPERLINK("#INICIO!A1","◀ INICIO") -> ◀ INICIO | C3: =HYPERLINK("#INDICE!A1","◀ ÍNDICE") -> ◀ ÍNDICE | E3: =HYPERLINK("#FUENTES!A1","▶ FUENTES") -> ▶ FUENTES | G3: =HYPERLINK("#PRUEBAS!A1","▶ PRUEBAS") -> ▶ PRUEBAS
A4: Formación de hábitos y marcadores conductuales. De NMX-24 y NMX-35. Describe conductas; no diagnostica.
A5: Ecuación o dato | B5: Autor · año | C5: Población de derivación | D5: Fórmula / valor | E5: Unidades | F5: Limitaciones | G5: Módulo | H5: Nivel
A6: Formación de hábitos | B6: Lally et al., 2010 | C6: 96 personas, 12 semanas | D6: Mediana ~66 días para automaticidad (rango 18–254) | E6: días | F6: El 'mito de los 21 días' (Maltz, 1960) no aplica. | G6: 24 | H6: A
A7: Indicador de interrupción | B7: Derivado de Lally 2010 | C7: — | D7: Señal = máximo de días seguidos sin cumplir (no la racha); regla: no fallar 2 días seguidos | E7: días | F7: La lógica de racha castiga un fallo aislado. | G7: 24 | H7: B
A8: Umbrales de adherencia | B8: Convención | C8: Lectura | D8: 80% y 60% (editables) | E8: % | F8: Sin significado clínico por sí mismos. | G8: 24 | H8: C
A9: Marcadores conductuales | B9: NMX-35 | C9: Registro dietético-conductual | D9: Cruces entre emoción, planificación, hambre/saciedad y pérdida de control (umbrales editables) | E9: — | F9: Describe patrones; NO diagnostica trastornos de conducta alimentaria. | G9: 35 | H9: C

Sheet FUENTES
A1: NUTRIMETRÍA · NMX-15
A2: Bibliografía consolidada · nivel de verificación y licencia
A3: =HYPERLINK("#INICIO!A1","◀ INICIO") -> ◀ INICIO | C3: =HYPERLINK("#INDICE!A1","◀ ÍNDICE") -> ◀ ÍNDICE | E3: =HYPERLINK("#PRUEBAS!A1","▶ PRUEBAS") -> ▶ PRUEBAS
A4: Referencias primarias de las fórmulas. Los coeficientes son hechos no protegibles. Las obras clásicas se citan sólo por su ecuación. La base de composición INTA 2018 NO tiene autorización de redistribución documentada: uso personal. Esta revisión no sustituye asesoría jurídica.
A5: Fuente / autor | B5: Año | C5: Publicación | D5: DOI / URL | E5: Nivel | F5: Licencia / condiciones
A6: Mifflin MD, St Jeor ST, et al. | B6: 1990 | C6: Am J Clin Nutr 51:241-247 | D6: — | E6: B | F6: Ecuación (hecho no protegible)
A7: Roza AM, Shizgal HM (Harris–Benedict rev.) | B7: 1984 | C7: Am J Clin Nutr 40:168-182 | D7: — | E7: B | F7: Ecuación
A8: Owen OE, et al. | B8: 1986/1987 | C8: Am J Clin Nutr | D8: — | E8: B | F8: Ecuación
A9: Cunningham JJ | B9: 1980/1991 | C9: Am J Clin Nutr 33:2372 · 54:963-969 | D9: — | E9: B | F9: Ecuación; alias 'Katch–McArdle' secundario
A10: Schofield WN | B10: 1985 | C10: Hum Nutr Clin Nutr 39 Suppl 1:5-41 | D10: — | E10: B | F10: Sólo bandas adultas
A11: Henry CJK (Oxford) | B11: 2005 | C11: Public Health Nutr 8(7A):1133-1152 | D11: — | E11: A | F11: Ecuación
A12: FAO/WHO/UNU | B12: 2004 | C12: Human Energy Requirements, FNTR Series 1 | D12: fao.org | E12: A | F12: Documento institucional
A13: Ainsworth BE, et al. | B13: 2011 | C13: Med Sci Sports Exerc 43:1575-1581 | D13: — | E13: A | F13: Compendio de actividades (MET)
A14: Westerterp KR | B14: 2004 | C14: Nutr Metab (Lond) 1:5 | D14: — | E14: A/B | F14: Revisión (TID)
A15: Merrill AL, Watt BK (Atwater) | B15: 1973 | C15: USDA Agriculture Handbook 74 | D15: usda.gov | E15: A | F15: Factores generales
A16: Cole TJ, Green PJ (LMS) | B16: 1992 | C16: Statistics in Medicine 11:1305-1319 | D16: 10.1002/sim.4780111005 | E16: B | F16: Método
... A34: American Council on Exercise (ACE) | B34: referencial | C34: Rangos divulgados de %grasa | D34: acefitness.org | E34: C | F34: REFERENCIALES, no estándar oficial
A35: PENDIENTES DE VERIFICACIÓN PRIMARIA (nivel B): varias ecuaciones disponen de resumen primario o corroboración por pares, pero no se inspeccionó cada PDF completo. Faulkner (nivel C) es de atribución secundaria. Confirme la fuente primaria antes de un uso formal.

Sheet PRUEBAS
A1: NUTRIMETRÍA · NMX-15
A2: Banco de verificación · el valor ESPERADO no lo calcula la fórmula del libro
A3: =HYPERLINK("#INICIO!A1","◀ INICIO") -> ◀ INICIO | C3: =HYPERLINK("#INDICE!A1","◀ ÍNDICE") -> ◀ ÍNDICE | E3: =HYPERLINK("#CONFIG!A1","▶ CONFIG") -> ▶ CONFIG
A4: REGLA: 'Obtenido' aplica la fórmula de la biblioteca sobre las entradas; 'Esperado' se calculó de forma independiente. Estado = OK si |Obtenido−Esperado| ≤ tolerancia (CONFIG!B5). Edite una entrada y el estado debe seguir en OK: valida la transcripción del coeficiente.
A5: ID | B5: Dominio | C5: Descripción / entradas | D5: Ent.1 | E5: Ent.2 | F5: Ent.3 | G5: Ent.4 | H5: Obtenido | I5: Esperado | J5: Estado
A6: E01 | B6: Energía | C6: Mifflin–St Jeor · hombre (P,T,E) | D6: 70 | E6: 175 | F6: 30 | H6: =10*D6+6.25*E6-5*F6+5 -> 1648.75 | I6: 1648.75 | J6: =IF(ABS(H6-I6)<=CONFIG!$B$8,"OK","REVISAR") -> OK
A7: E02 | B7: Energía | C7: Mifflin–St Jeor · mujer (P,T,E) | D7: 62 | E7: 162 | F7: 45 | H7: =10*D7+6.25*E7-5*F7-161 -> 1246.5 | I7: 1246.5 | J7: =IF(ABS(H7-I7)<=CONFIG!$B$8,"OK","REVISAR") -> OK
A8: E03 | B8: Energía | C8: Harris–Benedict rev. · hombre (P,T,E) | D8: 70 | E8: 175 | F8: 30 | H8: =88.362+13.397*D8+4.799*E8-5.677*F8 -> 1695.667 | I8: 1695.667 | J8: =IF(ABS(H8-I8)<=CONFIG!$B$8,"OK","REVISAR") -> OK
A9: E04 | B9: Energía | C9: Katch–McArdle / Cunningham 1991 (FFM) | D9: 60 | H9: =370+21.6*D9 -> 1666 | I9: 1666 | J9: =IF(ABS(H9-I9)<=CONFIG!$B$8,"OK","REVISAR") -> OK
A10: E05 | B10: Energía | C10: Cunningham 1980 (MLG) | D10: 60 | H10: =500+22*D10 -> 1820 | I10: 1820 | J10: =IF(ABS(H10-I10)<=CONFIG!$B$8,"OK","REVISAR") -> OK
A11: E06 | B11: Energía | C11: GET = GEB·PAL (GEB,PAL) | D11: 1648.75 | E11: 1.6 | H11: =D11*E11 -> 2638 | I11: 2638 | J11: =IF(ABS(H11-I11)<=CONFIG!$B$8,"OK","REVISAR") -> OK
A12: E07 | B12: Energía | C12: GAF = GEB·(PAL−1) (GEB,PAL) | D12: 1650 | E12: 1.6 | H12: =D12*(E12-1) -> 990 | I12: 990 | J12: =IF(ABS(H12-I12)<=CONFIG!$B$8,"OK","REVISAR") -> OK
A13: E08 | B13: Energía | C13: Atwater (prot,HdeC,grasa g) | D13: 50 | E13: 200 | F13: 70 | H13: =4*D13+4*E13+9*F13 -> 1630 | I13: 1630 | J13: =IF(ABS(H13-I13)<=CONFIG!$B$8,"OK","REVISAR") -> OK
A14: C01 | B14: Composición | C14: Siri (D) | D14: 1.05 | H14: =495/D14-450 -> 21.428571 | I14: 21.428571 | J14: =IF(ABS(H14-I14)<=CONFIG!$B$8,"OK","REVISAR") -> OK
A15: C02 | B15: Composición | C15: Brožek (D) | D15: 1.05 | H15: =457/D15-414 -> 21.238095 | I15: 21.238095 | J15: =IF(ABS(H15-I15)<=CONFIG!$B$8,"OK","REVISAR") -> OK
A16: C03 | B16: Composición | C16: Deurenberg · hombre (IMC,edad,sexo=1) | D16: 25 | E16: 40 | F16: 1 | H16: =1.2*D16+0.23*E16-10.8*F16-5.4 -> 23 | I16: 23 | J16: =IF(ABS(H16-I16)<=CONFIG!$B$8,"OK","REVISAR") -> OK
A17: C04 | B17: Composición | C17: Jackson–Pollock 7 · H (Σ7,edad) | D17: 100 | E17: 30 | H17: =1.112-0.00043499*D17+0.00000055*D17^2-0.00028826*E17 -> 1.0653532 | I17: 1.065353 | J17: =IF(ABS(H17-I17)<=CONFIG!$B$8,"OK","REVISAR") -> OK
A18: C05 | B18: Composición | C18: Jackson–Pollock 3 · H (Σ3,edad) | D18: 90 | E18: 30 | H18: =1.10938-0.0008267*D18+0.0000016*D18^2-0.0002574*E18 -> 1.040215 | I18: 1.040215 | J18: =IF(ABS(H18-I18)<=CONFIG!$B$8,"OK","REVISAR") -> OK
A19: C06 | B19: Composición | C19: Faulkner (Σ4) | D19: 40 | H19: =0.153*D19+5.783 -> 11.903 | I19: 11.903 | J19: =IF(ABS(H19-I19)<=CONFIG!$B$8,"OK","REVISAR") -> OK
A20: S01 | B20: Somatotipo | C20: Endomorfia (Σ3=30, talla=170,18 → X=30) | D20: 30 | E20: 170.18 | H20: =-0.7182+0.1451*(D20*(170.18/E20))-0.00068*(D20*(170.18/E20))^2+0.0000014*(D20*(170.18/E20))^3 -> 3.0606 | I20: 3.0606 | J20: =IF(ABS(H20-I20)<=CONFIG!$B$8,"OK","REVISAR") -> OK
A21: S02 | B21: Somatotipo | C21: Ectomorfia HWR (talla,peso) | D21: 176 | E21: 70 | H21: =0.732*(D21/E21^(1/3))-28.58 -> 2.6801508 | I21: 2.680151 | J21: =IF(ABS(H21-I21)<=CONFIG!$B$8,"OK","REVISAR") -> OK
A22: S03 | B22: Somatotipo | C22: Somatocarta Y = 2·meso−(endo+ecto) | D22: 4.5 | E22: 3.06 | F22: 2.68 | H22: =2*D22-(E22+F22) -> 3.26 | I22: 3.26 | J22: =IF(ABS(H22-I22)<=CONFIG!$B$8,"OK","REVISAR") -> OK
A23: G01 | B23: Crecimiento | C23: LMS invariante · X=M → z=0 (X,M,S,L) | D23: 7 | E23: 7 | F23: 0.12 | G23: 1 | H23: =((D23/E23)^G23-1)/(G23*F23) -> 0 | I23: 0 | J23: =IF(ABS(H23-I23)<=CONFIG!$B$8,"OK","REVISAR") -> OK
A24: G02 | B24: Crecimiento | C24: LMS numérico (X,M,S,L) | D24: 7.84 | E24: 7 | F24: 0.12 | G24: 1 | H24: =((D24/E24)^G24-1)/(G24*F24) -> 1 | I24: 1 | J24: =IF(ABS(H24-I24)<=CONFIG!$B$8,"OK","REVISAR") -> OK
A25: G03 | B25: Crecimiento | C25: LMS con L=0 · z=ln(X/M)/S (X,M,S) | D25: 7.7 | E25: 7 | F25: 0.1 | H25: =LN(D25/E25)/F25 -> 0.9531018 | I25: 0.953102 | J25: =IF(ABS(H25-I25)<=CONFIG!$B$8,"OK","REVISAR") -> OK
A26: F01 | B26: Fiabilidad | C26: ETM = √(Σd²/(2k)) · 3 pares (d1,d2,d3) | D26: 1 | E26: 0 | F26: 1 | H26: =SQRT((D26^2+E26^2+F26^2)/(2*3)) -> 0.57735027 | I26: 0.57735 | J26: =IF(ABS(H26-I26)<=CONFIG!$B$8,"OK","REVISAR") -> OK
A27: F02 | B27: Fiabilidad | C27: MDC = ETM·√2·1,96 (ETM) | D27: 0.57735027 | H27: =D27*SQRT(2)*1.96 -> 1.6003333 | I27: 1.600333 | J27: =IF(ABS(H27-I27)<=CONFIG!$B$8,"OK","REVISAR") -> OK
A28: D01 | B28: Deporte | C28: Disponibilidad energética (ingesta,gastoEj,MLG) | D28: 2500 | E28: 600 | F28: 50 | H28: =(D28-E28)/F28 -> 38 | I28: 38 | J28: =IF(ABS(H28-I28)<=CONFIG!$B$8,"OK","REVISAR") -> OK
A29: D02 | B29: Deporte | C29: Tasa de sudoración (Δpeso kg,ingerido mL,orina mL,horas) | D29: 1 | E29: 500 | F29: 100 | G29: 1.5 | H29: =(D29*1000+E29-F29)/G29 -> 933.33333 | I29: 933.33333 | J29: =IF(ABS(H29-I29)<=CONFIG!$B$8,"OK","REVISAR") -> OK
A30: D03 | B30: Deporte | C30: Carga de sesión Foster (min,RPE) | D30: 60 | E30: 7 | H30: =D30*E30 -> 420 | I30: 420 | J30: =IF(ABS(H30-I30)<=CONFIG!$B$8,"OK","REVISAR") -> OK
A31: R01 | B31: Renal | C31: Razón fósforo/proteína (P mg, prot g) | D31: 200 | E31: 20 | H31: =D31/E31 -> 10 | I31: 10 | J31: =IF(ABS(H31-I31)<=CONFIG!$B$8,"OK","REVISAR") -> OK
A32: RESUMEN
A33: Pruebas OK | H33: =COUNTIF(J6:J31,"OK") -> 26 | I33: 26 | J33: =IF(H33=I33,"TODO OK","REVISAR") -> TODO OK

Sheet CONFIG
A1: NUTRIMETRÍA · NMX-15
A2: Constantes compartidas · edítelas aquí, no dentro de las fórmulas
A3: =HYPERLINK("#INICIO!A1","◀ INICIO") -> ◀ INICIO | C3: =HYPERLINK("#INDICE!A1","◀ ÍNDICE") -> ◀ ÍNDICE | E3: =HYPERLINK("#PRUEBAS!A1","▶ PRUEBAS") -> ▶ PRUEBAS
A4: Toda constante transversal de la colección vive aquí. Las celdas ARENA son editables. Cambiar una constante debe reflejarse en las hojas de dominio y en PRUEBAS.
A5: C1 · PARÁMETROS Y COEFICIENTES COMPARTIDOS
A6: Parámetro | B6: Valor | C6: Unidad | D6: Tipo | E6: Nota / fuente
A7: Idioma | B7: Español (es-CL) | C7: — | D7: — | E7: Interfaz
A8: Tolerancia de las pruebas | B8: 0.001 | C8: ± | D8: Constante | E8: Margen |Obtenido−Esperado| en PRUEBAS
A9: Equivalente energético de 1 MET | B9: 1 | C9: kcal/kg/h | D9: Constante | E9: Compendio de Ainsworth 2011
A10: Horas del día | B10: 24 | C10: h | D10: Constante | E10: Base del factorial FAO
A11: Atwater · proteína | B11: 4 | C11: kcal/g | D11: Constante | E11: Merrill & Watt 1973
A12: Atwater · carbohidratos | B12: 4 | C12: kcal/g | D12: Constante | E12: Merrill & Watt 1973
A13: Atwater · grasa | B13: 9 | C13: kcal/g | D13: Constante | E13: Merrill & Watt 1973
A14: Atwater · alcohol | B14: 7 | C14: kcal/g | D14: Constante | E14: Atwater · alcohol etílico
A15: Constante de Siri (num.) | B15: 495 | C15: — | D15: Constante | E15: %grasa = 495/D − 450
A16: Constante de Siri (resta) | B16: 450 | C16: — | D16: Constante | E16: idem
A17: Constante de Brožek (num.) | B17: 457 | C17: — | D17: Constante | E17: %grasa = 457/D − 414
A18: Constante de Brožek (resta) | B18: 414 | C18: — | D18: Constante | E18: idem
A19: Talla de referencia Heath–Carter | B19: 170.18 | C19: cm | D19: Constante | E19: Factor de corrección de la endomorfia
... A29: Progresión semanal de referencia | B29: 0.1 | C29: % | D29: Sugerencia | E29: Convención (editable)

Sheet CHANGELOG
A1: NUTRIMETRÍA · NMX-15
A2: Historial de versiones
A3: =HYPERLINK("#INICIO!A1","◀ INICIO") -> ◀ INICIO | C3: =HYPERLINK("#INDICE!A1","◀ ÍNDICE") -> ◀ ÍNDICE
A5: Versión | B5: Fecha | C5: Cambio | D5: Motivo | E5: Responsable
A6: 1.0 | B6: 2026-07-24 | C6: Versión inicial de NMX-15: biblioteca de referencia de fórmulas con 8 dominios, índice, bibliografía, banco de pruebas y constantes compartidas. | D6: Fase 8 · consolidar las ecuaciones de la colección en un único libro auditable. | E6: Equipo Nutrimetría
A7: 1.0 | B7: 2026-07-24 | C7: Diseño visual, barra de navegación y paleta replicados de NMX-10 aprobado. | D7: Unificar la identidad de la colección. | E7: Equipo Nutrimetría
A8: 1.0 | B8: 2026-07-24 | C8: Construida sólo con los módulos disponibles (01,08,09,10,11,12,16,24,33,34,35,36,41,42). Quedan pendientes de integrar módulos no entregados (p. ej. 03,07,13,14,20,25). | D8: No inventar fórmulas de módulos ausentes; ampliar cuando se entreguen. | E8: Equipo Nutrimetría
A9: 1.0 | B9: 2026-07-24 | C9: El código NMX-15 se asignó como HERRAMIENTA (libro único de referencia), no como paquete con prefijo P. | D9: La biblioteca no agrupa archivos independientes; es un solo libro. Revisable si se trata como paquete. | E9: Equipo Nutrimetría
A10: 1.0.1 | B10: 2026-08-01 | C10: Se actualiza la nota de cobertura: los módulos NMX-03, 07, 13, 14, 20 y 25 ya existen. La biblioteca es transversal y sus fórmulas de referencia (energía, composición, ingesta, conducta) ya cubren lo que esos módulos reutilizan; no introducen ecuaciones nuevas en esta biblioteca. | D10: Corrige la afirmación previa de que esos módulos no estaban entregados (v1.0), sin duplicar fórmulas. | E10: Equipo Nutrimetría
