Workbook
Name b_ener: BASE_ALIMENTOS!$E$8:$E$649
Name b_fib: BASE_ALIMENTOS!$I$8:$I$649
Name b_hc: BASE_ALIMENTOS!$G$8:$G$649
Name b_key: BASE_ALIMENTOS!$N$8:$N$649
Name b_lip: BASE_ALIMENTOS!$H$8:$H$649
Name b_porcg: BASE_ALIMENTOS!$K$8:$K$649
Name b_prot: BASE_ALIMENTOS!$F$8:$F$649
Name fg_01: BASE_ALIMENTOS!$N$8:$N$60
Name fg_02: BASE_ALIMENTOS!$N$61:$N$65
Name fg_03: BASE_ALIMENTOS!$N$66:$N$149
Name fg_04: BASE_ALIMENTOS!$N$150:$N$197
Name fg_05: BASE_ALIMENTOS!$N$198:$N$215
Name fg_06: BASE_ALIMENTOS!$N$216:$N$235
Name fg_07: BASE_ALIMENTOS!$N$236:$N$309
Name fg_08: BASE_ALIMENTOS!$N$310:$N$313
Name fg_09: BASE_ALIMENTOS!$N$314:$N$338
Name fg_10: BASE_ALIMENTOS!$N$339:$N$393
Name fg_11: BASE_ALIMENTOS!$N$394:$N$437
Name fg_12: BASE_ALIMENTOS!$N$438:$N$445
Name fg_13: BASE_ALIMENTOS!$N$446:$N$476
Name fg_14: BASE_ALIMENTOS!$N$477:$N$482
Name fg_15: BASE_ALIMENTOS!$N$483:$N$496
Name fg_16: BASE_ALIMENTOS!$N$497:$N$500
Name fg_17: BASE_ALIMENTOS!$N$501:$N$510
Name fg_18: BASE_ALIMENTOS!$N$511:$N$523
Name fg_19: BASE_ALIMENTOS!$N$524:$N$526
Name fg_20: BASE_ALIMENTOS!$N$527:$N$534
Name fg_21: BASE_ALIMENTOS!$N$535:$N$574
Name fg_22: BASE_ALIMENTOS!$N$575:$N$578
Name fg_23: BASE_ALIMENTOS!$N$579:$N$595
Name fg_24: BASE_ALIMENTOS!$N$596:$N$649
Name fg_all: BASE_ALIMENTOS!$N$8:$N$649
Name grp_map: BASE_ALIMENTOS!$P$8:$Q$31
Name k_cho: CONFIG!$C$8
Name k_lip: CONFIG!$C$9
Name k_prot: CONFIG!$C$7
Name k_tol: CONFIG!$C$13
Name lst_eq: CONFIG!$A$17:$A$29
Name lst_grupos_base: BASE_ALIMENTOS!$P$8:$P$31
Name lst_tiempos: CONFIG!$A$34:$A$39
Name rng_eq: CONFIG!$A$17:$E$29
Name rng_macro: DATOS!$A$22:$D$24
Name rng_meta_dia: DATOS!$B$34:$H$34
Name rng_tiempos: CONFIG!$A$34:$B$39
Name u_inf: CONFIG!$C$10
Name u_rep: CONFIG!$C$12
Name u_sup: CONFIG!$C$11
Name v_meta: DATOS!$B$18

Sheet INICIO
A1: NUTRIMETRÍA · NMX-02 · TABLA DIETOSINTÉTICA SEMANAL
A2: Fase 4 · Dietas y platillos · versión 1.0 · uso propio · 19-07-2026
A3: INICIO | B3: DATOS | C3: DIETOSINTESIS | D3: DISTRIBUCION | E3: MENU_SEMANAL | F3: SEMANA | G3: RESULTADOS | H3: FUENTES | I3: PRUEBAS | J3: CONFIG | K3: CHANGELOG
A5: FICHA TÉCNICA DEL INSTRUMENTO
A6: Código del producto | D6: NMX-02
A7: Versión | D7: 1.0
A8: Fecha | D8: 2026-07-19
A9: Método | D9: Tabla dietosintética semanal
A10: Finalidad | D10: Fase 4 · Dietas y platillos
A11: Formato | D11: .xlsx sin macros
A13: QUÉ HACE ESTE LIBRO
A14: Traduce una prescripción numérica en una estructura alimentaria concreta. Usted define la meta energética y la distribución de macronutrientes; asigna equivalentes por grupo hasta ajustar el patrón; reparte esos equivalentes en los tiempos de comida con control de cuadratura; y despliega el resultado en una tabla semanal de siete días con su adecuación día por día.
A19: CÓMO USARLO
A20: 1 | B20: En DATOS: escriba la meta energética y los porcentajes de macronutrientes. El libro calcula las metas en gramos.
A21: 2 | B21: En DIETOSÍNTESIS: asigne equivalentes por grupo y observe el bloque de ajuste. Modifique hasta que la adecuación quede dentro del rango.
A22: 3 | B22: En DISTRIBUCIÓN: reparta esos mismos equivalentes entre los tiempos de comida. La columna de control avisa si faltan o sobran.
A23: 4 | B23: En SEMANA: los siete días parten enlazados al patrón base. Si escribe un número distinto, ese día queda como variación.
A24: 5 | B24: En RESULTADOS: revise los cinco controles de consistencia antes de dar por cerrada la tabla.
A25: 6 | B25: En CONFIG: ajuste la composición por equivalente y los porcentajes orientativos por tiempo de comida.
A27: CÓDIGO DE COLORES
A28: Arena | C28: Celdas que usted completa
A29: Gris claro | C29: Celdas calculadas (no escribir)
A30: Lila | C30: Información derivada de otra hoja
A31: Verde | C31: Resultado principal del ajuste
A32: Durazno | C32: Controles, advertencias y límites de uso
A34: AVISOS · Esta tabla define la ESTRUCTURA de la alimentación, no el menú: los alimentos concretos, las preparaciones y las medidas caseras se construyen en la etapa de platillos. La composición por equivalente precargada corresponde al tipo listas de intercambio y es EDITABLE: confirme que coincide con el sistema que usted utiliza. Los porcentajes orientativos por tiempo de comida son una referencia de trabajo, no una norma. El patrón nunca reproduce la meta con exactitud: se evalúa por adecuación dentro de un rango. Repetir el mismo patrón siete días es correcto en el cálculo pero empobrece la variedad, que se construye variando los alimentos dentro de cada grupo. Este libro no tiene respaldo de ninguna sociedad científica, no está validado clínicamente y no reemplaza el juicio profesional: la prescripción dietética, su indicación y su seguimiento son responsabilidad de quien la firma.

Sheet DATOS
A1: DATOS · PRESCRIPCIÓN DIETÉTICA
A2: Complete solo las celdas de color arena. Las grises se calculan solas.
A3: INICIO | B3: DATOS | C3: DIETOSINTESIS | D3: DISTRIBUCION | E3: MENU_SEMANAL | F3: SEMANA | G3: RESULTADOS | H3: FUENTES | I3: PRUEBAS | J3: CONFIG | K3: CHANGELOG
A5: IDENTIFICACIÓN
A6: Nombre o identificador | B6: Caso de ejemplo
A7: Edad (años) | B7: 34
A8: Sexo | B8: Femenino
A9: Peso (kg) | B9: 62
A10: Talla (m) | B10: 1.6
A11: Fecha de la prescripción | B11: 2026-07-18
A12: Profesional responsable | B12: —
A14: META ENERGÉTICA
A15: Forma de definir la meta | B15: Valor directo
A16: Energía indicada (kcal/día) | B16: 2000
A17: Energía por kilo (kcal/kg/día) | B17: —
A18: META ENERGÉTICA APLICADA | B18: =IF($B$15="Valor directo",IF(NOT(ISNUMBER($B$16)),"ND: falta la energía indicada",$B$16),IF(OR(NOT(ISNUMBER($B$17)),NOT(ISNUMBER($B$9))),"ND: faltan kcal/kg o peso",$B$17*$B$9)) -> 2000 | D18: kcal/día
A20: DISTRIBUCIÓN DE MACRONUTRIENTES
A21: Macronutriente | B21: % de la energía | C21: kcal | D21: Meta en gramos | E21: kcal por gramo
A22: Proteínas | B22: 0.15 | C22: =IF(NOT(ISNUMBER($B$18)),"ND",$B$18*B22) -> 300 | D22: =IF(OR(NOT(ISNUMBER(C22)),E22=0),"ND",C22/E22) -> 75 | E22: =k_prot -> 4
A23: H de C disponibles | B23: 0.55 | C23: =IF(NOT(ISNUMBER($B$18)),"ND",$B$18*B23) -> 1100 | D23: =IF(OR(NOT(ISNUMBER(C23)),E23=0),"ND",C23/E23) -> 275 | E23: =k_cho -> 4
A24: Lípidos | B24: 0.3 | C24: =IF(NOT(ISNUMBER($B$18)),"ND",$B$18*B24) -> 600 | D24: =IF(OR(NOT(ISNUMBER(C24)),E24=0),"ND",C24/E24) -> 66.666667 | E24: =k_lip -> 9
A25: Suma de porcentajes | B25: =SUM(B22:B24) -> 1 | C25: =IF(ABS(B25-1)>0.0001,"REVISAR: la suma debe ser 100%","OK") -> OK
A27: Estas metas en gramos son el objetivo que debe alcanzar el patrón de equivalentes que usted diseñe en la hoja DIETOSÍNTESIS. La coincidencia nunca será exacta: los equivalentes se asignan en números manejables y el ajuste se evalúa por adecuación porcentual.
A30: MODO DE META SEMANAL
A31: Modo de meta semanal | B31: Misma meta para todos los días
A32: Día | B32: Lunes | C32: Martes | D32: Miércoles | E32: Jueves | F32: Viernes | G32: Sábado | H32: Domingo
A33: Meta indicada por día (kcal/día)
A34: Meta aplicada por día (kcal/día) | B34: =IF($B$31="Misma meta para todos los días",v_meta,IF(ISNUMBER(B33),B33,v_meta)) -> 2000 | C34: =IF($B$31="Misma meta para todos los días",v_meta,IF(ISNUMBER(C33),C33,v_meta)) -> 2000 | D34: =IF($B$31="Misma meta para todos los días",v_meta,IF(ISNUMBER(D33),D33,v_meta)) -> 2000 | E34: =IF($B$31="Misma meta para todos los días",v_meta,IF(ISNUMBER(E33),E33,v_meta)) -> 2000 | F34: =IF($B$31="Misma meta para todos los días",v_meta,IF(ISNUMBER(F33),F33,v_meta)) -> 2000 | G34: =IF($B$31="Misma meta para todos los días",v_meta,IF(ISNUMBER(G33),G33,v_meta)) -> 2000 | H34: =IF($B$31="Misma meta para todos los días",v_meta,IF(ISNUMBER(H33),H33,v_meta)) -> 2000
A36: La meta aplicada usa la meta general salvo que elija "Meta diferente por día".

Sheet DIETOSINTESIS
A1: DIETOSÍNTESIS · PATRÓN DIARIO DE EQUIVALENTES
A2: Asigne los equivalentes de cada grupo y observe cómo se acerca el aporte a la meta. Es un proceso iterativo: modifique y vuelva a mirar la adecuación.
A3: INICIO | B3: DATOS | C3: DIETOSINTESIS | D3: DISTRIBUCION | E3: MENU_SEMANAL | F3: SEMANA | G3: RESULTADOS | H3: FUENTES | I3: PRUEBAS | J3: CONFIG | K3: CHANGELOG
A5: PATRÓN DE EQUIVALENTES POR DÍA
A6: Grupo de equivalencia | B6: Equivalentes/día | C6: H de C (g) | D6: Proteínas (g) | E6: Lípidos (g) | F6: Energía (kcal) | G6: % de la energía
A7: =INDEX(rng_eq,1,1) -> Lácteos descremados | B7: 1 | C7: =IF(NOT(ISNUMBER($B7)),"ND",$B7*INDEX(rng_eq,1,2)) -> 10 | D7: =IF(NOT(ISNUMBER($B7)),"ND",$B7*INDEX(rng_eq,1,3)) -> 7 | E7: =IF(NOT(ISNUMBER($B7)),"ND",$B7*INDEX(rng_eq,1,4)) -> 0 | F7: =IF(NOT(ISNUMBER($B7)),"ND",$B7*INDEX(rng_eq,1,5)) -> 70 | G7: =IF(OR(NOT(ISNUMBER(F7)),$F$20=0),"ND",F7/$F$20) -> 0.035
A8: =INDEX(rng_eq,2,1) -> Lácteos semidescremados | B8: 1 | C8: =IF(NOT(ISNUMBER($B8)),"ND",$B8*INDEX(rng_eq,2,2)) -> 9 | D8: =IF(NOT(ISNUMBER($B8)),"ND",$B8*INDEX(rng_eq,2,3)) -> 5 | E8: =IF(NOT(ISNUMBER($B8)),"ND",$B8*INDEX(rng_eq,2,4)) -> 3 | F8: =IF(NOT(ISNUMBER($B8)),"ND",$B8*INDEX(rng_eq,2,5)) -> 85 | G8: =IF(OR(NOT(ISNUMBER(F8)),$F$20=0),"ND",F8/$F$20) -> 0.0425
A9: =INDEX(rng_eq,3,1) -> Lácteos enteros | B9: 0 | C9: =IF(NOT(ISNUMBER($B9)),"ND",$B9*INDEX(rng_eq,3,2)) -> 0 | D9: =IF(NOT(ISNUMBER($B9)),"ND",$B9*INDEX(rng_eq,3,3)) -> 0 | E9: =IF(NOT(ISNUMBER($B9)),"ND",$B9*INDEX(rng_eq,3,4)) -> 0 | F9: =IF(NOT(ISNUMBER($B9)),"ND",$B9*INDEX(rng_eq,3,5)) -> 0 | G9: =IF(OR(NOT(ISNUMBER(F9)),$F$20=0),"ND",F9/$F$20) -> 0
A10: =INDEX(rng_eq,4,1) -> Verduras de consumo general | B10: 4 | C10: =IF(NOT(ISNUMBER($B10)),"ND",$B10*INDEX(rng_eq,4,2)) -> 20 | D10: =IF(NOT(ISNUMBER($B10)),"ND",$B10*INDEX(rng_eq,4,3)) -> 8 | E10: =IF(NOT(ISNUMBER($B10)),"ND",$B10*INDEX(rng_eq,4,4)) -> 0 | F10: =IF(NOT(ISNUMBER($B10)),"ND",$B10*INDEX(rng_eq,4,5)) -> 120 | G10: =IF(OR(NOT(ISNUMBER(F10)),$F$20=0),"ND",F10/$F$20) -> 0.06
A11: =INDEX(rng_eq,5,1) -> Verduras de libre consumo | B11: 3 | C11: =IF(NOT(ISNUMBER($B11)),"ND",$B11*INDEX(rng_eq,5,2)) -> 7.5 | D11: =IF(NOT(ISNUMBER($B11)),"ND",$B11*INDEX(rng_eq,5,3)) -> 0 | E11: =IF(NOT(ISNUMBER($B11)),"ND",$B11*INDEX(rng_eq,5,4)) -> 0 | F11: =IF(NOT(ISNUMBER($B11)),"ND",$B11*INDEX(rng_eq,5,5)) -> 30 | G11: =IF(OR(NOT(ISNUMBER(F11)),$F$20=0),"ND",F11/$F$20) -> 0.015
A12: =INDEX(rng_eq,6,1) -> Frutas | B12: 4 | C12: =IF(NOT(ISNUMBER($B12)),"ND",$B12*INDEX(rng_eq,6,2)) -> 60 | D12: =IF(NOT(ISNUMBER($B12)),"ND",$B12*INDEX(rng_eq,6,3)) -> 0 | E12: =IF(NOT(ISNUMBER($B12)),"ND",$B12*INDEX(rng_eq,6,4)) -> 0 | F12: =IF(NOT(ISNUMBER($B12)),"ND",$B12*INDEX(rng_eq,6,5)) -> 240 | G12: =IF(OR(NOT(ISNUMBER(F12)),$F$20=0),"ND",F12/$F$20) -> 0.12
A13: =INDEX(rng_eq,7,1) -> Panes, cereales, legumbres frescas y tubérculos | B13: 4 | C13: =IF(NOT(ISNUMBER($B13)),"ND",$B13*INDEX(rng_eq,7,2)) -> 120 | D13: =IF(NOT(ISNUMBER($B13)),"ND",$B13*INDEX(rng_eq,7,3)) -> 12 | E13: =IF(NOT(ISNUMBER($B13)),"ND",$B13*INDEX(rng_eq,7,4)) -> 4 | F13: =IF(NOT(ISNUMBER($B13)),"ND",$B13*INDEX(rng_eq,7,5)) -> 560 | G13: =IF(OR(NOT(ISNUMBER(F13)),$F$20=0),"ND",F13/$F$20) -> 0.28
A14: =INDEX(rng_eq,8,1) -> Legumbres secas | B14: 1 | C14: =IF(NOT(ISNUMBER($B14)),"ND",$B14*INDEX(rng_eq,8,2)) -> 30 | D14: =IF(NOT(ISNUMBER($B14)),"ND",$B14*INDEX(rng_eq,8,3)) -> 11 | E14: =IF(NOT(ISNUMBER($B14)),"ND",$B14*INDEX(rng_eq,8,4)) -> 1 | F14: =IF(NOT(ISNUMBER($B14)),"ND",$B14*INDEX(rng_eq,8,5)) -> 170 | G14: =IF(OR(NOT(ISNUMBER(F14)),$F$20=0),"ND",F14/$F$20) -> 0.085
A15: =INDEX(rng_eq,9,1) -> Carnes bajas en grasa | B15: 2 | C15: =IF(NOT(ISNUMBER($B15)),"ND",$B15*INDEX(rng_eq,9,2)) -> 2 | D15: =IF(NOT(ISNUMBER($B15)),"ND",$B15*INDEX(rng_eq,9,3)) -> 22 | E15: =IF(NOT(ISNUMBER($B15)),"ND",$B15*INDEX(rng_eq,9,4)) -> 4 | F15: =IF(NOT(ISNUMBER($B15)),"ND",$B15*INDEX(rng_eq,9,5)) -> 130 | G15: =IF(OR(NOT(ISNUMBER(F15)),$F$20=0),"ND",F15/$F$20) -> 0.065
A16: =INDEX(rng_eq,10,1) -> Carnes altas en grasa | B16: 0 | C16: =IF(NOT(ISNUMBER($B16)),"ND",$B16*INDEX(rng_eq,10,2)) -> 0 | D16: =IF(NOT(ISNUMBER($B16)),"ND",$B16*INDEX(rng_eq,10,3)) -> 0 | E16: =IF(NOT(ISNUMBER($B16)),"ND",$B16*INDEX(rng_eq,10,4)) -> 0 | F16: =IF(NOT(ISNUMBER($B16)),"ND",$B16*INDEX(rng_eq,10,5)) -> 0 | G16: =IF(OR(NOT(ISNUMBER(F16)),$F$20=0),"ND",F16/$F$20) -> 0
A17: =INDEX(rng_eq,11,1) -> Aceites, grasas y semillas | B17: 5 | C17: =IF(NOT(ISNUMBER($B17)),"ND",$B17*INDEX(rng_eq,11,2)) -> 0 | D17: =IF(NOT(ISNUMBER($B17)),"ND",$B17*INDEX(rng_eq,11,3)) -> 0 | E17: =IF(NOT(ISNUMBER($B17)),"ND",$B17*INDEX(rng_eq,11,4)) -> 25 | F17: =IF(NOT(ISNUMBER($B17)),"ND",$B17*INDEX(rng_eq,11,5)) -> 225 | G17: =IF(OR(NOT(ISNUMBER(F17)),$F$20=0),"ND",F17/$F$20) -> 0.1125
A18: =INDEX(rng_eq,12,1) -> Alimentos ricos en lípidos | B18: 2 | C18: =IF(NOT(ISNUMBER($B18)),"ND",$B18*INDEX(rng_eq,12,2)) -> 10 | D18: =IF(NOT(ISNUMBER($B18)),"ND",$B18*INDEX(rng_eq,12,3)) -> 10 | E18: =IF(NOT(ISNUMBER($B18)),"ND",$B18*INDEX(rng_eq,12,4)) -> 30 | F18: =IF(NOT(ISNUMBER($B18)),"ND",$B18*INDEX(rng_eq,12,5)) -> 350 | G18: =IF(OR(NOT(ISNUMBER(F18)),$F$20=0),"ND",F18/$F$20) -> 0.175
A19: =INDEX(rng_eq,13,1) -> Azúcares | B19: 1 | C19: =IF(NOT(ISNUMBER($B19)),"ND",$B19*INDEX(rng_eq,13,2)) -> 5 | D19: =IF(NOT(ISNUMBER($B19)),"ND",$B19*INDEX(rng_eq,13,3)) -> 0 | E19: =IF(NOT(ISNUMBER($B19)),"ND",$B19*INDEX(rng_eq,13,4)) -> 0 | F19: =IF(NOT(ISNUMBER($B19)),"ND",$B19*INDEX(rng_eq,13,5)) -> 20 | G19: =IF(OR(NOT(ISNUMBER(F19)),$F$20=0),"ND",F19/$F$20) -> 0.01
A20: TOTAL DEL DÍA | B20: =SUM(B7:B19) -> 28 | C20: =SUM(C7:C19) -> 273.5 | D20: =SUM(D7:D19) -> 75 | E20: =SUM(E7:E19) -> 67 | F20: =SUM(F7:F19) -> 2000 | G20: =SUM(G7:G19) -> 1
A22: AJUSTE FRENTE A LA PRESCRIPCIÓN
A23: Componente | B23: Aporta el patrón | C23: Meta prescrita | D23: Diferencia | E23: % de adecuación | F23: Evaluación
A24: Energía (kcal) | B24: =F20 -> 2000 | C24: =v_meta -> 2000 | D24: =IF(OR(NOT(ISNUMBER(B24)),NOT(ISNUMBER(C24))),"ND",B24-C24) -> 0 | E24: =IF(OR(NOT(ISNUMBER(B24)),NOT(ISNUMBER(C24)),C24=0),"ND",B24/C24) -> 1 | F24: =IF(NOT(ISNUMBER(E24)),"ND",IF(E24<u_inf,"Bajo la meta: agregue equivalentes",IF(E24<=u_sup,"Ajustado","Sobre la meta: reduzca equivalentes"))) -> Ajustado
A25: H de C disponibles (g) | B25: =C20 -> 273.5 | C25: =INDEX(rng_macro,2,4) -> 275 | D25: =IF(OR(NOT(ISNUMBER(B25)),NOT(ISNUMBER(C25))),"ND",B25-C25) -> -1.5 | E25: =IF(OR(NOT(ISNUMBER(B25)),NOT(ISNUMBER(C25)),C25=0),"ND",B25/C25) -> 0.99454545 | F25: =IF(NOT(ISNUMBER(E25)),"ND",IF(E25<u_inf,"Bajo la meta: agregue equivalentes",IF(E25<=u_sup,"Ajustado","Sobre la meta: reduzca equivalentes"))) -> Ajustado
A26: Proteínas (g) | B26: =D20 -> 75 | C26: =INDEX(rng_macro,1,4) -> 75 | D26: =IF(OR(NOT(ISNUMBER(B26)),NOT(ISNUMBER(C26))),"ND",B26-C26) -> 0 | E26: =IF(OR(NOT(ISNUMBER(B26)),NOT(ISNUMBER(C26)),C26=0),"ND",B26/C26) -> 1 | F26: =IF(NOT(ISNUMBER(E26)),"ND",IF(E26<u_inf,"Bajo la meta: agregue equivalentes",IF(E26<=u_sup,"Ajustado","Sobre la meta: reduzca equivalentes"))) -> Ajustado
A27: Lípidos (g) | B27: =E20 -> 67 | C27: =INDEX(rng_macro,3,4) -> 66.666667 | D27: =IF(OR(NOT(ISNUMBER(B27)),NOT(ISNUMBER(C27))),"ND",B27-C27) -> 0.33333333 | E27: =IF(OR(NOT(ISNUMBER(B27)),NOT(ISNUMBER(C27)),C27=0),"ND",B27/C27) -> 1.005 | F27: =IF(NOT(ISNUMBER(E27)),"ND",IF(E27<u_inf,"Bajo la meta: agregue equivalentes",IF(E27<=u_sup,"Ajustado","Sobre la meta: reduzca equivalentes"))) -> Ajustado
A29: DISTRIBUCIÓN PORCENTUAL LOGRADA
A30: Macronutriente | B30: % del patrón | C30: % prescrito | D30: Diferencia
A31: Proteínas | B31: =IF(OR(NOT(ISNUMBER(D20)),$F$20=0),"ND",D20*k_prot/$F$20) -> 0.15 | C31: =DATOS!B22 -> 0.15 | D31: =IF(OR(NOT(ISNUMBER(B31)),NOT(ISNUMBER(C31))),"ND",B31-C31) -> 0
A32: H de C disponibles | B32: =IF(OR(NOT(ISNUMBER(C20)),$F$20=0),"ND",C20*k_cho/$F$20) -> 0.547 | C32: =DATOS!B23 -> 0.55 | D32: =IF(OR(NOT(ISNUMBER(B32)),NOT(ISNUMBER(C32))),"ND",B32-C32) -> -0.003
A33: Lípidos | B33: =IF(OR(NOT(ISNUMBER(E20)),$F$20=0),"ND",E20*k_lip/$F$20) -> 0.3015 | C33: =DATOS!B24 -> 0.3 | D33: =IF(OR(NOT(ISNUMBER(B33)),NOT(ISNUMBER(C33))),"ND",B33-C33) -> 0.0015
A35: El patrón de equivalentes nunca reproduce la meta con exactitud: los equivalentes se asignan en cantidades manejables para construir menús reales. Busque adecuación dentro del rango, no coincidencia perfecta.

Sheet DISTRIBUCION
A1: DISTRIBUCIÓN DEL PATRÓN EN LOS TIEMPOS DE COMIDA
A2: Reparta los equivalentes de cada grupo entre los tiempos de comida. La columna de control avisa si el reparto no cuadra con el patrón diario.
A3: INICIO | B3: DATOS | C3: DIETOSINTESIS | D3: DISTRIBUCION | E3: MENU_SEMANAL | F3: SEMANA | G3: RESULTADOS | H3: FUENTES | I3: PRUEBAS | J3: CONFIG | K3: CHANGELOG
A5: REPARTO DE EQUIVALENTES
A6: Grupo de equivalencia | B6: =INDEX(rng_tiempos,1,1) -> Desayuno | C6: =INDEX(rng_tiempos,2,1) -> Colación AM | D6: =INDEX(rng_tiempos,3,1) -> Almuerzo | E6: =INDEX(rng_tiempos,4,1) -> Once | F6: =INDEX(rng_tiempos,5,1) -> Cena | G6: =INDEX(rng_tiempos,6,1) -> Colación nocturna | H6: Repartido | I6: Del patrón | J6: Control
A7: =INDEX(rng_eq,1,1) -> Lácteos descremados | E7: 1 | H7: =SUM(B7:G7) -> 1 | I7: =DIETOSINTESIS!B7 -> 1 | J7: =IF(NOT(ISNUMBER(I7)),"ND",IF(ABS(H7-I7)<=u_rep,"OK",IF(H7<I7,"FALTAN "&TEXT(I7-H7,"0,0")&" equivalentes","SOBRAN "&TEXT(H7-I7,"0,0")&" equivalentes"))) -> OK
A8: =INDEX(rng_eq,2,1) -> Lácteos semidescremados | B8: 1 | H8: =SUM(B8:G8) -> 1 | I8: =DIETOSINTESIS!B8 -> 1 | J8: =IF(NOT(ISNUMBER(I8)),"ND",IF(ABS(H8-I8)<=u_rep,"OK",IF(H8<I8,"FALTAN "&TEXT(I8-H8,"0,0")&" equivalentes","SOBRAN "&TEXT(H8-I8,"0,0")&" equivalentes"))) -> OK
A9: =INDEX(rng_eq,3,1) -> Lácteos enteros | H9: =SUM(B9:G9) -> 0 | I9: =DIETOSINTESIS!B9 -> 0 | J9: =IF(NOT(ISNUMBER(I9)),"ND",IF(ABS(H9-I9)<=u_rep,"OK",IF(H9<I9,"FALTAN "&TEXT(I9-H9,"0,0")&" equivalentes","SOBRAN "&TEXT(H9-I9,"0,0")&" equivalentes"))) -> OK
A10: =INDEX(rng_eq,4,1) -> Verduras de consumo general | D10: 2 | F10: 2 | H10: =SUM(B10:G10) -> 4 | I10: =DIETOSINTESIS!B10 -> 4 | J10: =IF(NOT(ISNUMBER(I10)),"ND",IF(ABS(H10-I10)<=u_rep,"OK",IF(H10<I10,"FALTAN "&TEXT(I10-H10,"0,0")&" equivalentes","SOBRAN "&TEXT(H10-I10,"0,0")&" equivalentes"))) -> OK
A11: =INDEX(rng_eq,5,1) -> Verduras de libre consumo | D11: 1 | E11: 1 | F11: 1 | H11: =SUM(B11:G11) -> 3 | I11: =DIETOSINTESIS!B11 -> 3 | J11: =IF(NOT(ISNUMBER(I11)),"ND",IF(ABS(H11-I11)<=u_rep,"OK",IF(H11<I11,"FALTAN "&TEXT(I11-H11,"0,0")&" equivalentes","SOBRAN "&TEXT(H11-I11,"0,0")&" equivalentes"))) -> OK
A12: =INDEX(rng_eq,6,1) -> Frutas | B12: 1 | C12: 1 | E12: 1 | G12: 1 | H12: =SUM(B12:G12) -> 4 | I12: =DIETOSINTESIS!B12 -> 4 | J12: =IF(NOT(ISNUMBER(I12)),"ND",IF(ABS(H12-I12)<=u_rep,"OK",IF(H12<I12,"FALTAN "&TEXT(I12-H12,"0,0")&" equivalentes","SOBRAN "&TEXT(H12-I12,"0,0")&" equivalentes"))) -> OK
A13: =INDEX(rng_eq,7,1) -> Panes, cereales, legumbres frescas y tubérculos | B13: 1 | D13: 1 | E13: 1 | F13: 1 | H13: =SUM(B13:G13) -> 4 | I13: =DIETOSINTESIS!B13 -> 4 | J13: =IF(NOT(ISNUMBER(I13)),"ND",IF(ABS(H13-I13)<=u_rep,"OK",IF(H13<I13,"FALTAN "&TEXT(I13-H13,"0,0")&" equivalentes","SOBRAN "&TEXT(H13-I13,"0,0")&" equivalentes"))) -> OK
A14: =INDEX(rng_eq,8,1) -> Legumbres secas | D14: 1 | H14: =SUM(B14:G14) -> 1 | I14: =DIETOSINTESIS!B14 -> 1 | J14: =IF(NOT(ISNUMBER(I14)),"ND",IF(ABS(H14-I14)<=u_rep,"OK",IF(H14<I14,"FALTAN "&TEXT(I14-H14,"0,0")&" equivalentes","SOBRAN "&TEXT(H14-I14,"0,0")&" equivalentes"))) -> OK
A15: =INDEX(rng_eq,9,1) -> Carnes bajas en grasa | D15: 1 | F15: 1 | H15: =SUM(B15:G15) -> 2 | I15: =DIETOSINTESIS!B15 -> 2 | J15: =IF(NOT(ISNUMBER(I15)),"ND",IF(ABS(H15-I15)<=u_rep,"OK",IF(H15<I15,"FALTAN "&TEXT(I15-H15,"0,0")&" equivalentes","SOBRAN "&TEXT(H15-I15,"0,0")&" equivalentes"))) -> OK
A16: =INDEX(rng_eq,10,1) -> Carnes altas en grasa | H16: =SUM(B16:G16) -> 0 | I16: =DIETOSINTESIS!B16 -> 0 | J16: =IF(NOT(ISNUMBER(I16)),"ND",IF(ABS(H16-I16)<=u_rep,"OK",IF(H16<I16,"FALTAN "&TEXT(I16-H16,"0,0")&" equivalentes","SOBRAN "&TEXT(H16-I16,"0,0")&" equivalentes"))) -> OK
A17: =INDEX(rng_eq,11,1) -> Aceites, grasas y semillas | B17: 1 | D17: 2 | F17: 2 | H17: =SUM(B17:G17) -> 5 | I17: =DIETOSINTESIS!B17 -> 5 | J17: =IF(NOT(ISNUMBER(I17)),"ND",IF(ABS(H17-I17)<=u_rep,"OK",IF(H17<I17,"FALTAN "&TEXT(I17-H17,"0,0")&" equivalentes","SOBRAN "&TEXT(H17-I17,"0,0")&" equivalentes"))) -> OK
A18: =INDEX(rng_eq,12,1) -> Alimentos ricos en lípidos | E18: 1 | F18: 1 | H18: =SUM(B18:G18) -> 2 | I18: =DIETOSINTESIS!B18 -> 2 | J18: =IF(NOT(ISNUMBER(I18)),"ND",IF(ABS(H18-I18)<=u_rep,"OK",IF(H18<I18,"FALTAN "&TEXT(I18-H18,"0,0")&" equivalentes","SOBRAN "&TEXT(H18-I18,"0,0")&" equivalentes"))) -> OK
A19: =INDEX(rng_eq,13,1) -> Azúcares | B19: 1 | H19: =SUM(B19:G19) -> 1 | I19: =DIETOSINTESIS!B19 -> 1 | J19: =IF(NOT(ISNUMBER(I19)),"ND",IF(ABS(H19-I19)<=u_rep,"OK",IF(H19<I19,"FALTAN "&TEXT(I19-H19,"0,0")&" equivalentes","SOBRAN "&TEXT(H19-I19,"0,0")&" equivalentes"))) -> OK
A20: TOTAL DE EQUIVALENTES | B20: =SUM(B7:B19) -> 5 | C20: =SUM(C7:C19) -> 1 | D20: =SUM(D7:D19) -> 8 | E20: =SUM(E7:E19) -> 5 | F20: =SUM(F7:F19) -> 8 | G20: =SUM(G7:G19) -> 1 | H20: =SUM(H7:H19) -> 28 | I20: =SUM(I7:I19) -> 28
A21: ENERGÍA (kcal) | B21: =SUMPRODUCT(B7:B19,CONFIG!$E$17:$E$29) -> 350 | C21: =SUMPRODUCT(C7:C19,CONFIG!$E$17:$E$29) -> 60 | D21: =SUMPRODUCT(D7:D19,CONFIG!$E$17:$E$29) -> 535 | E21: =SUMPRODUCT(E7:E19,CONFIG!$E$17:$E$29) -> 455 | F21: =SUMPRODUCT(F7:F19,CONFIG!$E$17:$E$29) -> 540 | G21: =SUMPRODUCT(G7:G19,CONFIG!$E$17:$E$29) -> 60 | H21: =SUM(B21:G21) -> 2000
A22: % DE LA ENERGÍA DEL DÍA | B22: =IF(H$21=0,"ND",B21/$H$21) -> 0.175 | C22: =IF(H$21=0,"ND",C21/$H$21) -> 0.03 | D22: =IF(H$21=0,"ND",D21/$H$21) -> 0.2675 | E22: =IF(H$21=0,"ND",E21/$H$21) -> 0.2275 | F22: =IF(H$21=0,"ND",F21/$H$21) -> 0.27 | G22: =IF(H$21=0,"ND",G21/$H$21) -> 0.03
A23: % orientativo de referencia | B23: =INDEX(rng_tiempos,1,2) -> 0.2 | C23: =INDEX(rng_tiempos,2,2) -> 0.05 | D23: =INDEX(rng_tiempos,3,2) -> 0.3 | E23: =INDEX(rng_tiempos,4,2) -> 0.2 | F23: =INDEX(rng_tiempos,5,2) -> 0.2 | G23: =INDEX(rng_tiempos,6,2) -> 0.05
A25: Un reparto correcto NO significa un menú adecuado: la aceptabilidad, los horarios reales, la cultura alimentaria y el presupuesto se definen al construir los platillos.

Sheet SEMANA
A1: TABLA DIETOSINTÉTICA SEMANAL
A2: Cada día muestra el APORTE REAL calculado desde MENU_SEMANAL. El patrón de equivalentes de abajo es solo referencia estructural.
A3: INICIO | B3: DATOS | C3: DIETOSINTESIS | D3: DISTRIBUCION | E3: MENU_SEMANAL | F3: SEMANA | G3: RESULTADOS | H3: FUENTES | I3: PRUEBAS | J3: CONFIG | K3: CHANGELOG
A4: PATRÓN PRESCRITO DE EQUIVALENTES (referencia estructural · igual para todos los días)
A6: Grupo de equivalencia | B6: Lunes | C6: Martes | D6: Miércoles | E6: Jueves | F6: Viernes | G6: Sábado | H6: Domingo | I6: Total semanal | J6: Promedio diario | K6: Patrón base | L6: Variación
A7: =INDEX(rng_eq,1,1) -> Lácteos descremados | B7: =DIETOSINTESIS!$B$7 -> 1 | C7: =DIETOSINTESIS!$B$7 -> 1 | D7: =DIETOSINTESIS!$B$7 -> 1 | E7: =DIETOSINTESIS!$B$7 -> 1 | F7: =DIETOSINTESIS!$B$7 -> 1 | G7: =DIETOSINTESIS!$B$7 -> 1 | H7: =DIETOSINTESIS!$B$7 -> 1 | I7: =SUM(B7:H7) -> 7 | J7: =AVERAGE(B7:H7) -> 1 | K7: =DIETOSINTESIS!$B$7 -> 1 | L7: =IF(NOT(ISNUMBER(K7)),"ND",IF(COUNTIF(B7:H7,K7)=7,"Sin variación","Varía en "&(7-COUNTIF(B7:H7,K7))&" día(s)")) -> Sin variación
A8: =INDEX(rng_eq,2,1) -> Lácteos semidescremados | B8: =DIETOSINTESIS!$B$8 -> 1 | C8: =DIETOSINTESIS!$B$8 -> 1 | D8: =DIETOSINTESIS!$B$8 -> 1 | E8: =DIETOSINTESIS!$B$8 -> 1 | F8: =DIETOSINTESIS!$B$8 -> 1 | G8: =DIETOSINTESIS!$B$8 -> 1 | H8: =DIETOSINTESIS!$B$8 -> 1 | I8: =SUM(B8:H8) -> 7 | J8: =AVERAGE(B8:H8) -> 1 | K8: =DIETOSINTESIS!$B$8 -> 1 | L8: =IF(NOT(ISNUMBER(K8)),"ND",IF(COUNTIF(B8:H8,K8)=7,"Sin variación","Varía en "&(7-COUNTIF(B8:H8,K8))&" día(s)")) -> Sin variación
A9: =INDEX(rng_eq,3,1) -> Lácteos enteros | B9: =DIETOSINTESIS!$B$9 -> 0 | C9: =DIETOSINTESIS!$B$9 -> 0 | D9: =DIETOSINTESIS!$B$9 -> 0 | E9: =DIETOSINTESIS!$B$9 -> 0 | F9: =DIETOSINTESIS!$B$9 -> 0 | G9: =DIETOSINTESIS!$B$9 -> 0 | H9: =DIETOSINTESIS!$B$9 -> 0 | I9: =SUM(B9:H9) -> 0 | J9: =AVERAGE(B9:H9) -> 0 | K9: =DIETOSINTESIS!$B$9 -> 0 | L9: =IF(NOT(ISNUMBER(K9)),"ND",IF(COUNTIF(B9:H9,K9)=7,"Sin variación","Varía en "&(7-COUNTIF(B9:H9,K9))&" día(s)")) -> Sin variación
A10: =INDEX(rng_eq,4,1) -> Verduras de consumo general | B10: =DIETOSINTESIS!$B$10 -> 4 | C10: =DIETOSINTESIS!$B$10 -> 4 | D10: =DIETOSINTESIS!$B$10 -> 4 | E10: =DIETOSINTESIS!$B$10 -> 4 | F10: =DIETOSINTESIS!$B$10 -> 4 | G10: =DIETOSINTESIS!$B$10 -> 4 | H10: =DIETOSINTESIS!$B$10 -> 4 | I10: =SUM(B10:H10) -> 28 | J10: =AVERAGE(B10:H10) -> 4 | K10: =DIETOSINTESIS!$B$10 -> 4 | L10: =IF(NOT(ISNUMBER(K10)),"ND",IF(COUNTIF(B10:H10,K10)=7,"Sin variación","Varía en "&(7-COUNTIF(B10:H10,K10))&" día(s)")) -> Sin variación
A11: =INDEX(rng_eq,5,1) -> Verduras de libre consumo | B11: =DIETOSINTESIS!$B$11 -> 3 | C11: =DIETOSINTESIS!$B$11 -> 3 | D11: =DIETOSINTESIS!$B$11 -> 3 | E11: =DIETOSINTESIS!$B$11 -> 3 | F11: =DIETOSINTESIS!$B$11 -> 3 | G11: =DIETOSINTESIS!$B$11 -> 3 | H11: =DIETOSINTESIS!$B$11 -> 3 | I11: =SUM(B11:H11) -> 21 | J11: =AVERAGE(B11:H11) -> 3 | K11: =DIETOSINTESIS!$B$11 -> 3 | L11: =IF(NOT(ISNUMBER(K11)),"ND",IF(COUNTIF(B11:H11,K11)=7,"Sin variación","Varía en "&(7-COUNTIF(B11:H11,K11))&" día(s)")) -> Sin variación
A12: =INDEX(rng_eq,6,1) -> Frutas | B12: =DIETOSINTESIS!$B$12 -> 4 | C12: =DIETOSINTESIS!$B$12 -> 4 | D12: =DIETOSINTESIS!$B$12 -> 4 | E12: =DIETOSINTESIS!$B$12 -> 4 | F12: =DIETOSINTESIS!$B$12 -> 4 | G12: =DIETOSINTESIS!$B$12 -> 4 | H12: =DIETOSINTESIS!$B$12 -> 4 | I12: =SUM(B12:H12) -> 28 | J12: =AVERAGE(B12:H12) -> 4 | K12: =DIETOSINTESIS!$B$12 -> 4 | L12: =IF(NOT(ISNUMBER(K12)),"ND",IF(COUNTIF(B12:H12,K12)=7,"Sin variación","Varía en "&(7-COUNTIF(B12:H12,K12))&" día(s)")) -> Sin variación
A13: =INDEX(rng_eq,7,1) -> Panes, cereales, legumbres frescas y tubérculos | B13: =DIETOSINTESIS!$B$13 -> 4 | C13: =DIETOSINTESIS!$B$13 -> 4 | D13: =DIETOSINTESIS!$B$13 -> 4 | E13: =DIETOSINTESIS!$B$13 -> 4 | F13: =DIETOSINTESIS!$B$13 -> 4 | G13: =DIETOSINTESIS!$B$13 -> 4 | H13: =DIETOSINTESIS!$B$13 -> 4 | I13: =SUM(B13:H13) -> 28 | J13: =AVERAGE(B13:H13) -> 4 | K13: =DIETOSINTESIS!$B$13 -> 4 | L13: =IF(NOT(ISNUMBER(K13)),"ND",IF(COUNTIF(B13:H13,K13)=7,"Sin variación","Varía en "&(7-COUNTIF(B13:H13,K13))&" día(s)")) -> Sin variación
A14: =INDEX(rng_eq,8,1) -> Legumbres secas | B14: =DIETOSINTESIS!$B$14 -> 1 | C14: =DIETOSINTESIS!$B$14 -> 1 | D14: =DIETOSINTESIS!$B$14 -> 1 | E14: =DIETOSINTESIS!$B$14 -> 1 | F14: =DIETOSINTESIS!$B$14 -> 1 | G14: =DIETOSINTESIS!$B$14 -> 1 | H14: =DIETOSINTESIS!$B$14 -> 1 | I14: =SUM(B14:H14) -> 7 | J14: =AVERAGE(B14:H14) -> 1 | K14: =DIETOSINTESIS!$B$14 -> 1 | L14: =IF(NOT(ISNUMBER(K14)),"ND",IF(COUNTIF(B14:H14,K14)=7,"Sin variación","Varía en "&(7-COUNTIF(B14:H14,K14))&" día(s)")) -> Sin variación
A15: =INDEX(rng_eq,9,1) -> Carnes bajas en grasa | B15: =DIETOSINTESIS!$B$15 -> 2 | C15: =DIETOSINTESIS!$B$15 -> 2 | D15: =DIETOSINTESIS!$B$15 -> 2 | E15: =DIETOSINTESIS!$B$15 -> 2 | F15: =DIETOSINTESIS!$B$15 -> 2 | G15: =DIETOSINTESIS!$B$15 -> 2 | H15: =DIETOSINTESIS!$B$15 -> 2 | I15: =SUM(B15:H15) -> 14 | J15: =AVERAGE(B15:H15) -> 2 | K15: =DIETOSINTESIS!$B$15 -> 2 | L15: =IF(NOT(ISNUMBER(K15)),"ND",IF(COUNTIF(B15:H15,K15)=7,"Sin variación","Varía en "&(7-COUNTIF(B15:H15,K15))&" día(s)")) -> Sin variación
A16: =INDEX(rng_eq,10,1) -> Carnes altas en grasa | B16: =DIETOSINTESIS!$B$16 -> 0 | C16: =DIETOSINTESIS!$B$16 -> 0 | D16: =DIETOSINTESIS!$B$16 -> 0 | E16: =DIETOSINTESIS!$B$16 -> 0 | F16: =DIETOSINTESIS!$B$16 -> 0 | G16: =DIETOSINTESIS!$B$16 -> 0 | H16: =DIETOSINTESIS!$B$16 -> 0 | I16: =SUM(B16:H16) -> 0 | J16: =AVERAGE(B16:H16) -> 0 | K16: =DIETOSINTESIS!$B$16 -> 0 | L16: =IF(NOT(ISNUMBER(K16)),"ND",IF(COUNTIF(B16:H16,K16)=7,"Sin variación","Varía en "&(7-COUNTIF(B16:H16,K16))&" día(s)")) -> Sin variación
A17: =INDEX(rng_eq,11,1) -> Aceites, grasas y semillas | B17: =DIETOSINTESIS!$B$17 -> 5 | C17: =DIETOSINTESIS!$B$17 -> 5 | D17: =DIETOSINTESIS!$B$17 -> 5 | E17: =DIETOSINTESIS!$B$17 -> 5 | F17: =DIETOSINTESIS!$B$17 -> 5 | G17: =DIETOSINTESIS!$B$17 -> 5 | H17: =DIETOSINTESIS!$B$17 -> 5 | I17: =SUM(B17:H17) -> 35 | J17: =AVERAGE(B17:H17) -> 5 | K17: =DIETOSINTESIS!$B$17 -> 5 | L17: =IF(NOT(ISNUMBER(K17)),"ND",IF(COUNTIF(B17:H17,K17)=7,"Sin variación","Varía en "&(7-COUNTIF(B17:H17,K17))&" día(s)")) -> Sin variación
A18: =INDEX(rng_eq,12,1) -> Alimentos ricos en lípidos | B18: =DIETOSINTESIS!$B$18 -> 2 | C18: =DIETOSINTESIS!$B$18 -> 2 | D18: =DIETOSINTESIS!$B$18 -> 2 | E18: =DIETOSINTESIS!$B$18 -> 2 | F18: =DIETOSINTESIS!$B$18 -> 2 | G18: =DIETOSINTESIS!$B$18 -> 2 | H18: =DIETOSINTESIS!$B$18 -> 2 | I18: =SUM(B18:H18) -> 14 | J18: =AVERAGE(B18:H18) -> 2 | K18: =DIETOSINTESIS!$B$18 -> 2 | L18: =IF(NOT(ISNUMBER(K18)),"ND",IF(COUNTIF(B18:H18,K18)=7,"Sin variación","Varía en "&(7-COUNTIF(B18:H18,K18))&" día(s)")) -> Sin variación
A19: =INDEX(rng_eq,13,1) -> Azúcares | B19: =DIETOSINTESIS!$B$19 -> 1 | C19: =DIETOSINTESIS!$B$19 -> 1 | D19: =DIETOSINTESIS!$B$19 -> 1 | E19: =DIETOSINTESIS!$B$19 -> 1 | F19: =DIETOSINTESIS!$B$19 -> 1 | G19: =DIETOSINTESIS!$B$19 -> 1 | H19: =DIETOSINTESIS!$B$19 -> 1 | I19: =SUM(B19:H19) -> 7 | J19: =AVERAGE(B19:H19) -> 1 | K19: =DIETOSINTESIS!$B$19 -> 1 | L19: =IF(NOT(ISNUMBER(K19)),"ND",IF(COUNTIF(B19:H19,K19)=7,"Sin variación","Varía en "&(7-COUNTIF(B19:H19,K19))&" día(s)")) -> Sin variación
A20: TOTAL DE EQUIVALENTES | B20: =SUM(B7:B19) -> 28 | C20: =SUM(C7:C19) -> 28 | D20: =SUM(D7:D19) -> 28 | E20: =SUM(E7:E19) -> 28 | F20: =SUM(F7:F19) -> 28 | G20: =SUM(G7:G19) -> 28 | H20: =SUM(H7:H19) -> 28 | I20: =SUM(I7:I19) -> 196 | J20: =SUM(J7:J19) -> 28
A21: ENERGÍA REAL DEL DÍA (kcal · desde MENU_SEMANAL) | B21: =SUMIFS(MENU_SEMANAL!$M$9:$M$218,MENU_SEMANAL!$A$9:$A$218,B$6) -> 2108.2 | C21: =SUMIFS(MENU_SEMANAL!$M$9:$M$218,MENU_SEMANAL!$A$9:$A$218,C$6) -> 1647.4 | D21: =SUMIFS(MENU_SEMANAL!$M$9:$M$218,MENU_SEMANAL!$A$9:$A$218,D$6) -> 1924.1 | E21: =SUMIFS(MENU_SEMANAL!$M$9:$M$218,MENU_SEMANAL!$A$9:$A$218,E$6) -> 2264 | F21: =SUMIFS(MENU_SEMANAL!$M$9:$M$218,MENU_SEMANAL!$A$9:$A$218,F$6) -> 2018.7 | G21: =SUMIFS(MENU_SEMANAL!$M$9:$M$218,MENU_SEMANAL!$A$9:$A$218,G$6) -> 1387.4 | H21: =SUMIFS(MENU_SEMANAL!$M$9:$M$218,MENU_SEMANAL!$A$9:$A$218,H$6) -> 1994.3 | I21: =SUM(B21:H21) -> 13344.1 | J21: =AVERAGE(B21:H21) -> 1906.3
A22: ADECUACIÓN FRENTE A LA META | B22: =IF(OR(NOT(ISNUMBER(DATOS!B$34)),DATOS!B$34=0),"ND",B21/DATOS!B$34) -> 1.0541 | C22: =IF(OR(NOT(ISNUMBER(DATOS!C$34)),DATOS!C$34=0),"ND",C21/DATOS!C$34) -> 0.8237 | D22: =IF(OR(NOT(ISNUMBER(DATOS!D$34)),DATOS!D$34=0),"ND",D21/DATOS!D$34) -> 0.96205 | E22: =IF(OR(NOT(ISNUMBER(DATOS!E$34)),DATOS!E$34=0),"ND",E21/DATOS!E$34) -> 1.132 | F22: =IF(OR(NOT(ISNUMBER(DATOS!F$34)),DATOS!F$34=0),"ND",F21/DATOS!F$34) -> 1.00935 | G22: =IF(OR(NOT(ISNUMBER(DATOS!G$34)),DATOS!G$34=0),"ND",G21/DATOS!G$34) -> 0.6937 | H22: =IF(OR(NOT(ISNUMBER(DATOS!H$34)),DATOS!H$34=0),"ND",H21/DATOS!H$34) -> 0.99715 | J22: =IF(OR(NOT(ISNUMBER(J21)),AVERAGE(DATOS!$B$34:$H$34)=0),"ND",J21/AVERAGE(DATOS!$B$34:$H$34)) -> 0.95315
A23: CONTROL DEL DÍA | B23: =IF(NOT(ISNUMBER(B22)),"ND",IF(B22<u_inf,"Bajo",IF(B22<=u_sup,"Ajustado","Sobre"))) -> Sobre | C23: =IF(NOT(ISNUMBER(C22)),"ND",IF(C22<u_inf,"Bajo",IF(C22<=u_sup,"Ajustado","Sobre"))) -> Bajo | D23: =IF(NOT(ISNUMBER(D22)),"ND",IF(D22<u_inf,"Bajo",IF(D22<=u_sup,"Ajustado","Sobre"))) -> Ajustado | E23: =IF(NOT(ISNUMBER(E22)),"ND",IF(E22<u_inf,"Bajo",IF(E22<=u_sup,"Ajustado","Sobre"))) -> Sobre | F23: =IF(NOT(ISNUMBER(F22)),"ND",IF(F22<u_inf,"Bajo",IF(F22<=u_sup,"Ajustado","Sobre"))) -> Ajustado | G23: =IF(NOT(ISNUMBER(G22)),"ND",IF(G22<u_inf,"Bajo",IF(G22<=u_sup,"Ajustado","Sobre"))) -> Bajo | H23: =IF(NOT(ISNUMBER(H22)),"ND",IF(H22<u_inf,"Bajo",IF(H22<=u_sup,"Ajustado","Sobre"))) -> Ajustado
A24: Repetir el mismo patrón siete días es correcto desde el cálculo, pero empobrece la variedad. La variación semanal se construye cambiando los ALIMENTOS dentro de cada grupo, no necesariamente el número de equivalentes.
A27: APORTE REAL POR DÍA (desde MENU_SEMANAL)
A28: Indicador | B28: Lunes | C28: Martes | D28: Miércoles | E28: Jueves | F28: Viernes | G28: Sábado | H28: Domingo | I28: Total semanal | K28: Promedio
A29: Energía real (kcal) | B29: =B21 -> 2108.2 | C29: =C21 -> 1647.4 | D29: =D21 -> 1924.1 | E29: =E21 -> 2264 | F29: =F21 -> 2018.7 | G29: =G21 -> 1387.4 | H29: =H21 -> 1994.3 | I29: =SUM(B29:H29) -> 13344.1 | K29: =AVERAGE(B29:H29) -> 1906.3
A30: Proteínas (g) | B30: =SUMIFS(MENU_SEMANAL!$N$9:$N$218,MENU_SEMANAL!$A$9:$A$218,SEMANA!B$6) -> 166.1 | C30: =SUMIFS(MENU_SEMANAL!$N$9:$N$218,MENU_SEMANAL!$A$9:$A$218,SEMANA!C$6) -> 200.57 | D30: =SUMIFS(MENU_SEMANAL!$N$9:$N$218,MENU_SEMANAL!$A$9:$A$218,SEMANA!D$6) -> 93 | E30: =SUMIFS(MENU_SEMANAL!$N$9:$N$218,MENU_SEMANAL!$A$9:$A$218,SEMANA!E$6) -> 104.52 | F30: =SUMIFS(MENU_SEMANAL!$N$9:$N$218,MENU_SEMANAL!$A$9:$A$218,SEMANA!F$6) -> 105.04 | G30: =SUMIFS(MENU_SEMANAL!$N$9:$N$218,MENU_SEMANAL!$A$9:$A$218,SEMANA!G$6) -> 70.3 | H30: =SUMIFS(MENU_SEMANAL!$N$9:$N$218,MENU_SEMANAL!$A$9:$A$218,SEMANA!H$6) -> 63.28 | I30: =SUM(B30:H30) -> 802.81 | K30: =AVERAGE(B30:H30) -> 114.68714
A31: H de C disp. (g) | B31: =SUMIFS(MENU_SEMANAL!$O$9:$O$218,MENU_SEMANAL!$A$9:$A$218,SEMANA!B$6) -> 68.94 | C31: =SUMIFS(MENU_SEMANAL!$O$9:$O$218,MENU_SEMANAL!$A$9:$A$218,SEMANA!C$6) -> 35.95 | D31: =SUMIFS(MENU_SEMANAL!$O$9:$O$218,MENU_SEMANAL!$A$9:$A$218,SEMANA!D$6) -> 101.08 | E31: =SUMIFS(MENU_SEMANAL!$O$9:$O$218,MENU_SEMANAL!$A$9:$A$218,SEMANA!E$6) -> 268.4 | F31: =SUMIFS(MENU_SEMANAL!$O$9:$O$218,MENU_SEMANAL!$A$9:$A$218,SEMANA!F$6) -> 107.71 | G31: =SUMIFS(MENU_SEMANAL!$O$9:$O$218,MENU_SEMANAL!$A$9:$A$218,SEMANA!G$6) -> 130.36 | H31: =SUMIFS(MENU_SEMANAL!$O$9:$O$218,MENU_SEMANAL!$A$9:$A$218,SEMANA!H$6) -> 393.36 | I31: =SUM(B31:H31) -> 1105.8 | K31: =AVERAGE(B31:H31) -> 157.97143
A32: Lípidos (g) | B32: =SUMIFS(MENU_SEMANAL!$P$9:$P$218,MENU_SEMANAL!$A$9:$A$218,SEMANA!B$6) -> 114.72 | C32: =SUMIFS(MENU_SEMANAL!$P$9:$P$218,MENU_SEMANAL!$A$9:$A$218,SEMANA!C$6) -> 73.53 | D32: =SUMIFS(MENU_SEMANAL!$P$9:$P$218,MENU_SEMANAL!$A$9:$A$218,SEMANA!D$6) -> 118.49 | E32: =SUMIFS(MENU_SEMANAL!$P$9:$P$218,MENU_SEMANAL!$A$9:$A$218,SEMANA!E$6) -> 65.95 | F32: =SUMIFS(MENU_SEMANAL!$P$9:$P$218,MENU_SEMANAL!$A$9:$A$218,SEMANA!F$6) -> 121.2 | G32: =SUMIFS(MENU_SEMANAL!$P$9:$P$218,MENU_SEMANAL!$A$9:$A$218,SEMANA!G$6) -> 55.08 | H32: =SUMIFS(MENU_SEMANAL!$P$9:$P$218,MENU_SEMANAL!$A$9:$A$218,SEMANA!H$6) -> 11.99 | I32: =SUM(B32:H32) -> 560.96 | K32: =AVERAGE(B32:H32) -> 80.137143
A33: Fibra (g) | B33: =SUMIFS(MENU_SEMANAL!$Q$9:$Q$218,MENU_SEMANAL!$A$9:$A$218,SEMANA!B$6) -> 118.38 | C33: =SUMIFS(MENU_SEMANAL!$Q$9:$Q$218,MENU_SEMANAL!$A$9:$A$218,SEMANA!C$6) -> 2.45 | D33: =SUMIFS(MENU_SEMANAL!$Q$9:$Q$218,MENU_SEMANAL!$A$9:$A$218,SEMANA!D$6) -> 17.81 | E33: =SUMIFS(MENU_SEMANAL!$Q$9:$Q$218,MENU_SEMANAL!$A$9:$A$218,SEMANA!E$6) -> 119.52 | F33: =SUMIFS(MENU_SEMANAL!$Q$9:$Q$218,MENU_SEMANAL!$A$9:$A$218,SEMANA!F$6) -> 44.45 | G33: =SUMIFS(MENU_SEMANAL!$Q$9:$Q$218,MENU_SEMANAL!$A$9:$A$218,SEMANA!G$6) -> 32.43 | H33: =SUMIFS(MENU_SEMANAL!$Q$9:$Q$218,MENU_SEMANAL!$A$9:$A$218,SEMANA!H$6) -> 34.56 | I33: =SUM(B33:H33) -> 369.6 | K33: =AVERAGE(B33:H33) -> 52.8
A34: N° de alimentos | B34: =COUNTIFS(MENU_SEMANAL!$A$9:$A$218,B$6,MENU_SEMANAL!$D$9:$D$218,"<>") -> 5 | C34: =COUNTIFS(MENU_SEMANAL!$A$9:$A$218,C$6,MENU_SEMANAL!$D$9:$D$218,"<>") -> 5 | D34: =COUNTIFS(MENU_SEMANAL!$A$9:$A$218,D$6,MENU_SEMANAL!$D$9:$D$218,"<>") -> 5 | E34: =COUNTIFS(MENU_SEMANAL!$A$9:$A$218,E$6,MENU_SEMANAL!$D$9:$D$218,"<>") -> 5 | F34: =COUNTIFS(MENU_SEMANAL!$A$9:$A$218,F$6,MENU_SEMANAL!$D$9:$D$218,"<>") -> 5 | G34: =COUNTIFS(MENU_SEMANAL!$A$9:$A$218,G$6,MENU_SEMANAL!$D$9:$D$218,"<>") -> 5 | H34: =COUNTIFS(MENU_SEMANAL!$A$9:$A$218,H$6,MENU_SEMANAL!$D$9:$D$218,"<>") -> 5 | I34: =SUM(B34:H34) -> 35
A35: N° con datos ND | B35: =COUNTIFS(MENU_SEMANAL!$A$9:$A$218,B$6,MENU_SEMANAL!$R$9:$R$218,"*incompleto*") -> 0 | C35: =COUNTIFS(MENU_SEMANAL!$A$9:$A$218,C$6,MENU_SEMANAL!$R$9:$R$218,"*incompleto*") -> 0 | D35: =COUNTIFS(MENU_SEMANAL!$A$9:$A$218,D$6,MENU_SEMANAL!$R$9:$R$218,"*incompleto*") -> 0 | E35: =COUNTIFS(MENU_SEMANAL!$A$9:$A$218,E$6,MENU_SEMANAL!$R$9:$R$218,"*incompleto*") -> 0 | F35: =COUNTIFS(MENU_SEMANAL!$A$9:$A$218,F$6,MENU_SEMANAL!$R$9:$R$218,"*incompleto*") -> 0 | G35: =COUNTIFS(MENU_SEMANAL!$A$9:$A$218,G$6,MENU_SEMANAL!$R$9:$R$218,"*incompleto*") -> 0 | H35: =COUNTIFS(MENU_SEMANAL!$A$9:$A$218,H$6,MENU_SEMANAL!$R$9:$R$218,"*incompleto*") -> 0 | I35: =SUM(B35:H35) -> 0
A36: Adecuación energética | B36: =B22 -> 1.0541 | C36: =C22 -> 0.8237 | D36: =D22 -> 0.96205 | E36: =E22 -> 1.132 | F36: =F22 -> 1.00935 | G36: =G22 -> 0.6937 | H36: =H22 -> 0.99715 | K36: =IF(OR(NOT(ISNUMBER(J21)),AVERAGE(DATOS!$B$34:$H$34)=0),"ND",J21/AVERAGE(DATOS!$B$34:$H$34)) -> 0.95315
A37: Control del día | B37: =B23 -> Sobre | C37: =C23 -> Bajo | D37: =D23 -> Ajustado | E37: =E23 -> Sobre | F37: =F23 -> Ajustado | G37: =G23 -> Bajo | H37: =H23 -> Ajustado

Sheet RESULTADOS
A1: RESULTADOS · VERIFICACIÓN DE LA TABLA SEMANAL
A3: INICIO | B3: DATOS | C3: DIETOSINTESIS | D3: DISTRIBUCION | E3: MENU_SEMANAL | F3: SEMANA | G3: RESULTADOS | H3: FUENTES | I3: PRUEBAS | J3: CONFIG | K3: CHANGELOG
A5: SÍNTESIS DE LA PRESCRIPCIÓN
A6: Meta energética prescrita | B6: =v_meta -> 2000 | C6: kcal/día
A7: Energía del patrón diario | B7: =DIETOSINTESIS!F20 -> 2000 | C7: kcal/día
A8: Adecuación del patrón | B8: =DIETOSINTESIS!E24 -> 1
A9: Energía promedio de la semana | B9: =SEMANA!J21 -> 1906.3 | C9: kcal/día
A10: Energía total de la semana | B10: =SEMANA!I21 -> 13344.1 | C10: kcal
A11: Total de equivalentes por día | B11: =DIETOSINTESIS!B20 -> 28 | C11: equivalentes
A13: CONTROLES DE CONSISTENCIA
A14: ¿Los porcentajes de macronutrientes suman 100%? | C14: =IF(ABS(SUM(DATOS!B22:B24)-1)>0.0001,"REVISAR: la suma no es 100%","OK") -> OK
A15: ¿El patrón queda dentro del rango de adecuación? | C15: =IF(NOT(ISNUMBER(DIETOSINTESIS!E24)),"ND",IF(AND(DIETOSINTESIS!E24>=u_inf,DIETOSINTESIS!E24<=u_sup),"OK: patrón ajustado a la meta","REVISAR: ajuste el número de equivalentes")) -> OK: patrón ajustado a la meta
A16: ¿El reparto por tiempos de comida cuadra con el patrón? | C16: =IF(COUNTIF(DISTRIBUCION!$J$7:$J$19,"OK")=13,"OK: los 13 grupos cuadran","REVISAR: "&(13-COUNTIF(DISTRIBUCION!$J$7:$J$19,"OK"))&" grupo(s) sin cuadrar") -> OK: los 13 grupos cuadran
A17: ¿Todos los días de la semana quedan ajustados? | C17: =IF(COUNTIF(SEMANA!$B$23:$H$23,"Ajustado")=7,"OK: los 7 días ajustados","REVISAR: "&(7-COUNTIF(SEMANA!$B$23:$H$23,"Ajustado"))&" día(s) fuera de rango") -> REVISAR: 4 día(s) fuera de rango
A18: ¿La suma de los porcentajes por tiempo de comida es 100%? | C18: =IF(ABS(SUM(CONFIG!$B$34:$B$39)-1)>0.0001,"REVISAR la referencia de CONFIG","OK") -> OK
A20: ESTRUCTURA DIARIA POR TIEMPO DE COMIDA
A21: Tiempo de comida | B21: Energía (kcal) | C21: % del día | D21: % orientativo | E21: Diferencia
A22: =INDEX(rng_tiempos,1,1) -> Desayuno | B22: =DISTRIBUCION!B21 -> 350 | C22: =DISTRIBUCION!B22 -> 0.175 | D22: =INDEX(rng_tiempos,1,2) -> 0.2 | E22: =IF(OR(NOT(ISNUMBER(C22)),NOT(ISNUMBER(D22))),"ND",C22-D22) -> -0.025
A23: =INDEX(rng_tiempos,2,1) -> Colación AM | B23: =DISTRIBUCION!C21 -> 60 | C23: =DISTRIBUCION!C22 -> 0.03 | D23: =INDEX(rng_tiempos,2,2) -> 0.05 | E23: =IF(OR(NOT(ISNUMBER(C23)),NOT(ISNUMBER(D23))),"ND",C23-D23) -> -0.02
A24: =INDEX(rng_tiempos,3,1) -> Almuerzo | B24: =DISTRIBUCION!D21 -> 535 | C24: =DISTRIBUCION!D22 -> 0.2675 | D24: =INDEX(rng_tiempos,3,2) -> 0.3 | E24: =IF(OR(NOT(ISNUMBER(C24)),NOT(ISNUMBER(D24))),"ND",C24-D24) -> -0.0325
A25: =INDEX(rng_tiempos,4,1) -> Once | B25: =DISTRIBUCION!E21 -> 455 | C25: =DISTRIBUCION!E22 -> 0.2275 | D25: =INDEX(rng_tiempos,4,2) -> 0.2 | E25: =IF(OR(NOT(ISNUMBER(C25)),NOT(ISNUMBER(D25))),"ND",C25-D25) -> 0.0275
A26: =INDEX(rng_tiempos,5,1) -> Cena | B26: =DISTRIBUCION!F21 -> 540 | C26: =DISTRIBUCION!F22 -> 0.27 | D26: =INDEX(rng_tiempos,5,2) -> 0.2 | E26: =IF(OR(NOT(ISNUMBER(C26)),NOT(ISNUMBER(D26))),"ND",C26-D26) -> 0.07
A27: =INDEX(rng_tiempos,6,1) -> Colación nocturna | B27: =DISTRIBUCION!G21 -> 60 | C27: =DISTRIBUCION!G22 -> 0.03 | D27: =INDEX(rng_tiempos,6,2) -> 0.05 | E27: =IF(OR(NOT(ISNUMBER(C27)),NOT(ISNUMBER(D27))),"ND",C27-D27) -> -0.02
A28: TOTAL | B28: =SUM(B22:B27) -> 2000 | C28: =SUM(C22:C27) -> 1
A30: ALCANCE DE ESTA TABLA · La tabla dietosintética define la ESTRUCTURA de la alimentación: cuántos equivalentes de cada grupo, repartidos en qué tiempos de comida. No define el menú: los alimentos concretos, las preparaciones, las porciones en medidas caseras y la aceptabilidad se construyen en la etapa de platillos. Dos personas con la misma tabla pueden comer de manera completamente distinta.
A35: EXACTITUD MATEMÁTICA ≠ VALIDACIÓN CLÍNICA. Herramienta de apoyo al cálculo y a la planificación. La prescripción dietética, su indicación y su seguimiento son responsabilidad del profesional.
A38: RESUMEN ENERGÉTICO SEMANAL (MENÚ REAL)
A39: Meta promedio diaria (kcal/día) | D39: =AVERAGE(DATOS!$B$34:$H$34) -> 2000
A40: Energía total de la semana (kcal) | D40: =SEMANA!I21 -> 13344.1
A41: Energía promedio diaria (kcal) | D41: =SEMANA!J21 -> 1906.3
A42: Día de mayor energía | D42: =INDEX(SEMANA!$B$6:$H$6,MATCH(MAX(SEMANA!$B$21:$H$21),SEMANA!$B$21:$H$21,0)) -> Jueves
A43: Día de menor energía | D43: =INDEX(SEMANA!$B$6:$H$6,MATCH(MIN(SEMANA!$B$21:$H$21),SEMANA!$B$21:$H$21,0)) -> Sábado
A44: Diferencia máxima entre días (kcal) | D44: =MAX(SEMANA!$B$21:$H$21)-MIN(SEMANA!$B$21:$H$21) -> 876.6
A45: Días ajustados | D45: =COUNTIF(SEMANA!$B$37:$H$37,"Ajustado") -> 3
A46: Días bajo la meta | D46: =COUNTIF(SEMANA!$B$37:$H$37,"Bajo") -> 2
A47: Días sobre la meta | D47: =COUNTIF(SEMANA!$B$37:$H$37,"Sobre") -> 2
A48: ENERGÍA POR DÍA (kcal)
A49: Día | B49: Lunes | C49: Martes | D49: Miércoles | E49: Jueves | F49: Viernes | G49: Sábado | H49: Domingo
A50: Energía | B50: =SEMANA!B21 -> 2108.2 | C50: =SEMANA!C21 -> 1647.4 | D50: =SEMANA!D21 -> 1924.1 | E50: =SEMANA!E21 -> 2264 | F50: =SEMANA!F21 -> 2018.7 | G50: =SEMANA!G21 -> 1387.4 | H50: =SEMANA!H21 -> 1994.3
A52: MACRONUTRIENTES · PROMEDIO DIARIO (g)
A53: Proteínas | D53: =SEMANA!K30 -> 114.68714
A54: H de C disp. | D54: =SEMANA!K31 -> 157.97143
A55: Lípidos | D55: =SEMANA!K32 -> 80.137143
A56: Fibra | D56: =SEMANA!K33 -> 52.8
A57: COMPARACIÓN · PATRÓN DE EQUIVALENTES vs MENÚ REAL
A58: Energía semanal por equivalentes (patrón × 7) | D58: =DIETOSINTESIS!F20*7 -> 14000
A59: Energía semanal desde alimentos (menú real) | D59: =SEMANA!I21 -> 13344.1
A60: Diferencia absoluta (kcal) | D60: =ABS(DIETOSINTESIS!F20*7-SEMANA!I21) -> 655.9
A61: Diferencia porcentual | D61: =IF(DIETOSINTESIS!F20=0,"ND",ABS(DIETOSINTESIS!F20*7-SEMANA!I21)/(DIETOSINTESIS!F20*7)) -> 0.04685
A62: El patrón por equivalentes usa valores promedio; el menú real refleja la composición específica de cada alimento, por eso pueden diferir.

Sheet FUENTES
A1: FUENTES Y TRAZABILIDAD
A3: INICIO | B3: DATOS | C3: DIETOSINTESIS | D3: DISTRIBUCION | E3: MENU_SEMANAL | F3: SEMANA | G3: RESULTADOS | H3: FUENTES | I3: PRUEBAS | J3: CONFIG | K3: CHANGELOG
A4: MÉTODO Y REFERENCIAS
A6: Elemento | B6: Alcance y origen
A7: Qué es una tabla dietosintética | B7: Es el paso que traduce una prescripción numérica (energía y distribución de macronutrientes) en una estructura alimentaria manejable: número de equivalentes de cada grupo por día y su reparto en los tiempos de comida. Constituye el puente entre el cálculo y el menú.
A8: Sistema de equivalentes | B8: La composición por equivalente precargada corresponde al SISTEMA CHILENO del Manual de Porciones de Intercambio para Chile, 2ª edición 2021 (Ratner y cols., Universidad del Desarrollo), sobre antecedentes del sistema de Jury, Urteaga y Taibo (INTA–Universidad de Chile, 1999). Son 13 grupos, incluidas verduras de libre consumo y alimentos ricos en lípidos. Los valores continúan siendo EDITABLES en CONFIG y su aplicación debe responder al criterio profesional.
A9: Energía por equivalente | B9: La columna de energía muestra la ENERGÍA PUBLICADA por el manual UDD 2021. Puede diferir levemente de la energía Atwater (proteínas e H de C 4 kcal/g; lípidos 9 kcal/g) por redondeo y metodología; esa comprobación se realiza de forma independiente en la hoja PRUEBAS.
A10: Distribución por tiempos de comida | B10: Los porcentajes orientativos de CONFIG son una referencia de trabajo editable, NO una norma. La distribución real debe responder a los horarios, la jornada laboral, la cultura alimentaria y las preferencias de la persona.
A11: Criterio de ajuste | B11: El patrón de equivalentes no reproduce la meta con exactitud, porque los equivalentes se asignan en cantidades manejables para construir menús reales. El libro evalúa la adecuación porcentual dentro de un rango editable (por omisión 95% a 105%).
A12: Relación con otros módulos | B12: El sistema de equivalentes y su composición son los mismos que utiliza NMX-17. La composición química de los alimentos concretos proviene de la Tabla INTA 2018 y se aplica en los módulos que trabajan a nivel de alimento.
A13: Qué NO resuelve esta tabla | B13: No define alimentos, preparaciones ni medidas caseras; no considera aceptabilidad, presupuesto ni disponibilidad; no reemplaza la evaluación nutricional previa que fundamenta la prescripción.
A14: Respaldo institucional | B14: Este libro no cuenta con respaldo ni aval de INTA, de la Universidad de Chile ni de ninguna sociedad científica, y no está validado clínicamente.
A16: REFERENCIAS
A17: Ratner R, Aicardi V, Madrid J, Allende J, Riesco MV. | B17: Manual de Porciones de Intercambio para Chile. 2ª edición. Nutrición y Dietética, Facultad de Medicina, Universidad del Desarrollo; 2021.
A18: Jury G, Urteaga C, Taibo M. | B18: Porciones de intercambio y composición química de los alimentos de la pirámide alimentaria chilena. INTA, Universidad de Chile; 1999.
A19: Universidad del Desarrollo. | B19: Nutrición y Dietética UDD presenta nueva versión de Manual de Porciones de Intercambio para Chile. 27/09/2021. https://www.udd.cl/noticias/2021/09/27/nutricion-y-dietetica-udd-presenta-nueva-version-de-manual-de-porciones-de-intercambio-para-chile/
A20: Peña-D'Ardaillon F et al. | B20: Recomendaciones prácticas para el manejo nutricional de la enfermedad renal crónica en etapas 3 a 5 con y sin diálisis para adultos y personas mayores en Chile. Rev Chil Nutr. 2025;52(1):63-82. https://www.scielo.cl/pdf/rchnut/v52n1/0717-7518-rchnut-52-01-0063.pdf

Sheet PRUEBAS
A1: PRUEBAS DE CONTROL DE CALIDAD
A3: INICIO | B3: DATOS | C3: DIETOSINTESIS | D3: DISTRIBUCION | E3: MENU_SEMANAL | F3: SEMANA | G3: RESULTADOS | H3: FUENTES | I3: PRUEBAS | J3: CONFIG | K3: CHANGELOG
A4: Los valores esperados se calcularon de forma independiente del motor del libro (verificación externa).
A7: Bloque | B7: Descripción de la prueba | C7: Obtenido | D7: Esperado | E7: Estado
A8: A | B8: Energía publicada · Lácteos descremados | C8: =CONFIG!E17 -> 70 | D8: 70 | E8: =IF(AND(ISNUMBER(C8),ISNUMBER(D8)),IF(ABS(C8-D8)<=k_tol,"APROBADO","REVISAR"),IF(EXACT(C8&"",D8&""),"APROBADO","REVISAR")) -> APROBADO
A9: A | B9: Energía publicada · Lácteos semidescremados | C9: =CONFIG!E18 -> 85 | D9: 85 | E9: =IF(AND(ISNUMBER(C9),ISNUMBER(D9)),IF(ABS(C9-D9)<=k_tol,"APROBADO","REVISAR"),IF(EXACT(C9&"",D9&""),"APROBADO","REVISAR")) -> APROBADO
A10: A | B10: Energía publicada · Verduras de consumo general | C10: =CONFIG!E20 -> 30 | D10: 30 | E10: =IF(AND(ISNUMBER(C10),ISNUMBER(D10)),IF(ABS(C10-D10)<=k_tol,"APROBADO","REVISAR"),IF(EXACT(C10&"",D10&""),"APROBADO","REVISAR")) -> APROBADO
A11: A | B11: Energía publicada · Panes, cereales, legumbres frescas y tubérculos | C11: =CONFIG!E23 -> 140 | D11: 140 | E11: =IF(AND(ISNUMBER(C11),ISNUMBER(D11)),IF(ABS(C11-D11)<=k_tol,"APROBADO","REVISAR"),IF(EXACT(C11&"",D11&""),"APROBADO","REVISAR")) -> APROBADO
A12: A | B12: Energía publicada · Aceites, grasas y semillas | C12: =CONFIG!E27 -> 45 | D12: 45 | E12: =IF(AND(ISNUMBER(C12),ISNUMBER(D12)),IF(ABS(C12-D12)<=k_tol,"APROBADO","REVISAR"),IF(EXACT(C12&"",D12&""),"APROBADO","REVISAR")) -> APROBADO
A13: A | B13: Energía publicada · Alimentos ricos en lípidos | C13: =CONFIG!E28 -> 175 | D13: 175 | E13: =IF(AND(ISNUMBER(C13),ISNUMBER(D13)),IF(ABS(C13-D13)<=k_tol,"APROBADO","REVISAR"),IF(EXACT(C13&"",D13&""),"APROBADO","REVISAR")) -> APROBADO
A14: A | B14: Energía publicada · Azúcares | C14: =CONFIG!E29 -> 20 | D14: 20 | E14: =IF(AND(ISNUMBER(C14),ISNUMBER(D14)),IF(ABS(C14-D14)<=k_tol,"APROBADO","REVISAR"),IF(EXACT(C14&"",D14&""),"APROBADO","REVISAR")) -> APROBADO
A15: A2 | B15: Atwater independiente (HC×4+PROT×4+LIP×9) · Lácteos descremados | C15: =CONFIG!B17*k_cho+CONFIG!C17*k_prot+CONFIG!D17*k_lip -> 68 | D15: 68 | E15: =IF(AND(ISNUMBER(C15),ISNUMBER(D15)),IF(ABS(C15-D15)<=k_tol,"APROBADO","REVISAR"),IF(EXACT(C15&"",D15&""),"APROBADO","REVISAR")) -> APROBADO
A16: A2 | B16: Atwater independiente (HC×4+PROT×4+LIP×9) · Lácteos semidescremados | C16: =CONFIG!B18*k_cho+CONFIG!C18*k_prot+CONFIG!D18*k_lip -> 83 | D16: 83 | E16: =IF(AND(ISNUMBER(C16),ISNUMBER(D16)),IF(ABS(C16-D16)<=k_tol,"APROBADO","REVISAR"),IF(EXACT(C16&"",D16&""),"APROBADO","REVISAR")) -> APROBADO
A17: A2 | B17: Atwater independiente (HC×4+PROT×4+LIP×9) · Lácteos enteros | C17: =CONFIG!B19*k_cho+CONFIG!C19*k_prot+CONFIG!D19*k_lip -> 110 | D17: 110 | E17: =IF(AND(ISNUMBER(C17),ISNUMBER(D17)),IF(ABS(C17-D17)<=k_tol,"APROBADO","REVISAR"),IF(EXACT(C17&"",D17&""),"APROBADO","REVISAR")) -> APROBADO
A18: A2 | B18: Atwater independiente (HC×4+PROT×4+LIP×9) · Verduras de consumo general | C18: =CONFIG!B20*k_cho+CONFIG!C20*k_prot+CONFIG!D20*k_lip -> 28 | D18: 28 | E18: =IF(AND(ISNUMBER(C18),ISNUMBER(D18)),IF(ABS(C18-D18)<=k_tol,"APROBADO","REVISAR"),IF(EXACT(C18&"",D18&""),"APROBADO","REVISAR")) -> APROBADO
A19: A2 | B19: Atwater independiente (HC×4+PROT×4+LIP×9) · Verduras de libre consumo | C19: =CONFIG!B21*k_cho+CONFIG!C21*k_prot+CONFIG!D21*k_lip -> 10 | D19: 10 | E19: =IF(AND(ISNUMBER(C19),ISNUMBER(D19)),IF(ABS(C19-D19)<=k_tol,"APROBADO","REVISAR"),IF(EXACT(C19&"",D19&""),"APROBADO","REVISAR")) -> APROBADO
A20: A2 | B20: Atwater independiente (HC×4+PROT×4+LIP×9) · Frutas | C20: =CONFIG!B22*k_cho+CONFIG!C22*k_prot+CONFIG!D22*k_lip -> 60 | D20: 60 | E20: =IF(AND(ISNUMBER(C20),ISNUMBER(D20)),IF(ABS(C20-D20)<=k_tol,"APROBADO","REVISAR"),IF(EXACT(C20&"",D20&""),"APROBADO","REVISAR")) -> APROBADO
A21: A2 | B21: Atwater independiente (HC×4+PROT×4+LIP×9) · Panes, cereales, legumbres frescas y tubérculos | C21: =CONFIG!B23*k_cho+CONFIG!C23*k_prot+CONFIG!D23*k_lip -> 141 | D21: 141 | E21: =IF(AND(ISNUMBER(C21),ISNUMBER(D21)),IF(ABS(C21-D21)<=k_tol,"APROBADO","REVISAR"),IF(EXACT(C21&"",D21&""),"APROBADO","REVISAR")) -> APROBADO
A22: A2 | B22: Atwater independiente (HC×4+PROT×4+LIP×9) · Legumbres secas | C22: =CONFIG!B24*k_cho+CONFIG!C24*k_prot+CONFIG!D24*k_lip -> 173 | D22: 173 | E22: =IF(AND(ISNUMBER(C22),ISNUMBER(D22)),IF(ABS(C22-D22)<=k_tol,"APROBADO","REVISAR"),IF(EXACT(C22&"",D22&""),"APROBADO","REVISAR")) -> APROBADO
A23: A2 | B23: Atwater independiente (HC×4+PROT×4+LIP×9) · Carnes bajas en grasa | C23: =CONFIG!B25*k_cho+CONFIG!C25*k_prot+CONFIG!D25*k_lip -> 66 | D23: 66 | E23: =IF(AND(ISNUMBER(C23),ISNUMBER(D23)),IF(ABS(C23-D23)<=k_tol,"APROBADO","REVISAR"),IF(EXACT(C23&"",D23&""),"APROBADO","REVISAR")) -> APROBADO
A24: A2 | B24: Atwater independiente (HC×4+PROT×4+LIP×9) · Carnes altas en grasa | C24: =CONFIG!B26*k_cho+CONFIG!C26*k_prot+CONFIG!D26*k_lip -> 120 | D24: 120 | E24: =IF(AND(ISNUMBER(C24),ISNUMBER(D24)),IF(ABS(C24-D24)<=k_tol,"APROBADO","REVISAR"),IF(EXACT(C24&"",D24&""),"APROBADO","REVISAR")) -> APROBADO
A25: A2 | B25: Atwater independiente (HC×4+PROT×4+LIP×9) · Aceites, grasas y semillas | C25: =CONFIG!B27*k_cho+CONFIG!C27*k_prot+CONFIG!D27*k_lip -> 45 | D25: 45 | E25: =IF(AND(ISNUMBER(C25),ISNUMBER(D25)),IF(ABS(C25-D25)<=k_tol,"APROBADO","REVISAR"),IF(EXACT(C25&"",D25&""),"APROBADO","REVISAR")) -> APROBADO
A26: A2 | B26: Atwater independiente (HC×4+PROT×4+LIP×9) · Alimentos ricos en lípidos | C26: =CONFIG!B28*k_cho+CONFIG!C28*k_prot+CONFIG!D28*k_lip -> 175 | D26: 175 | E26: =IF(AND(ISNUMBER(C26),ISNUMBER(D26)),IF(ABS(C26-D26)<=k_tol,"APROBADO","REVISAR"),IF(EXACT(C26&"",D26&""),"APROBADO","REVISAR")) -> APROBADO
A27: A2 | B27: Atwater independiente (HC×4+PROT×4+LIP×9) · Azúcares | C27: =CONFIG!B29*k_cho+CONFIG!C29*k_prot+CONFIG!D29*k_lip -> 20 | D27: 20 | E27: =IF(AND(ISNUMBER(C27),ISNUMBER(D27)),IF(ABS(C27-D27)<=k_tol,"APROBADO","REVISAR"),IF(EXACT(C27&"",D27&""),"APROBADO","REVISAR")) -> APROBADO
A28: B | B28: Meta energética aplicada (kcal) | C28: =DATOS!B18 -> 2000 | D28: 2000 | E28: =IF(AND(ISNUMBER(C28),ISNUMBER(D28)),IF(ABS(C28-D28)<=k_tol,"APROBADO","REVISAR"),IF(EXACT(C28&"",D28&""),"APROBADO","REVISAR")) -> APROBADO
A29: B | B29: Meta de proteínas (g) = 15% × 2000 ÷ 4 | C29: =DATOS!D22 -> 75 | D29: 75 | E29: =IF(AND(ISNUMBER(C29),ISNUMBER(D29)),IF(ABS(C29-D29)<=k_tol,"APROBADO","REVISAR"),IF(EXACT(C29&"",D29&""),"APROBADO","REVISAR")) -> APROBADO
A30: B | B30: Meta de H de C (g) = 55% × 2000 ÷ 4 | C30: =DATOS!D23 -> 275 | D30: 275 | E30: =IF(AND(ISNUMBER(C30),ISNUMBER(D30)),IF(ABS(C30-D30)<=k_tol,"APROBADO","REVISAR"),IF(EXACT(C30&"",D30&""),"APROBADO","REVISAR")) -> APROBADO
A31: B | B31: Meta de lípidos (g) = 30% × 2000 ÷ 9 | C31: =DATOS!D24 -> 66.666667 | D31: 66.666667 | E31: =IF(AND(ISNUMBER(C31),ISNUMBER(D31)),IF(ABS(C31-D31)<=k_tol,"APROBADO","REVISAR"),IF(EXACT(C31&"",D31&""),"APROBADO","REVISAR")) -> APROBADO
A32: C | B32: H de C aportados por el patrón (g) | C32: =DIETOSINTESIS!C20 -> 273.5 | D32: 273.5 | E32: =IF(AND(ISNUMBER(C32),ISNUMBER(D32)),IF(ABS(C32-D32)<=k_tol,"APROBADO","REVISAR"),IF(EXACT(C32&"",D32&""),"APROBADO","REVISAR")) -> APROBADO
A33: C | B33: Proteínas aportadas por el patrón (g) | C33: =DIETOSINTESIS!D20 -> 75 | D33: 75 | E33: =IF(AND(ISNUMBER(C33),ISNUMBER(D33)),IF(ABS(C33-D33)<=k_tol,"APROBADO","REVISAR"),IF(EXACT(C33&"",D33&""),"APROBADO","REVISAR")) -> APROBADO
A34: C | B34: Lípidos aportados por el patrón (g) | C34: =DIETOSINTESIS!E20 -> 67 | D34: 67 | E34: =IF(AND(ISNUMBER(C34),ISNUMBER(D34)),IF(ABS(C34-D34)<=k_tol,"APROBADO","REVISAR"),IF(EXACT(C34&"",D34&""),"APROBADO","REVISAR")) -> APROBADO
A35: C | B35: Energía del patrón · energía publicada (kcal) | C35: =DIETOSINTESIS!F20 -> 2000 | D35: 2000 | E35: =IF(AND(ISNUMBER(C35),ISNUMBER(D35)),IF(ABS(C35-D35)<=k_tol,"APROBADO","REVISAR"),IF(EXACT(C35&"",D35&""),"APROBADO","REVISAR")) -> APROBADO
A36: C | B36: Total de equivalentes del patrón | C36: =DIETOSINTESIS!B20 -> 28 | D36: 28 | E36: =IF(AND(ISNUMBER(C36),ISNUMBER(D36)),IF(ABS(C36-D36)<=k_tol,"APROBADO","REVISAR"),IF(EXACT(C36&"",D36&""),"APROBADO","REVISAR")) -> APROBADO
A37: D | B37: Adecuación energética del patrón | C37: =DIETOSINTESIS!E24 -> 1 | D37: 1 | E37: =IF(AND(ISNUMBER(C37),ISNUMBER(D37)),IF(ABS(C37-D37)<=k_tol,"APROBADO","REVISAR"),IF(EXACT(C37&"",D37&""),"APROBADO","REVISAR")) -> APROBADO
A38: D | B38: El patrón queda evaluado como | C38: =DIETOSINTESIS!F24 -> Ajustado | D38: Ajustado | E38: =IF(AND(ISNUMBER(C38),ISNUMBER(D38)),IF(ABS(C38-D38)<=k_tol,"APROBADO","REVISAR"),IF(EXACT(C38&"",D38&""),"APROBADO","REVISAR")) -> APROBADO
A39: D | B39: Porcentaje de proteínas logrado | C39: =DIETOSINTESIS!B31 -> 0.15 | D39: 0.15 | E39: =IF(AND(ISNUMBER(C39),ISNUMBER(D39)),IF(ABS(C39-D39)<=k_tol,"APROBADO","REVISAR"),IF(EXACT(C39&"",D39&""),"APROBADO","REVISAR")) -> APROBADO
A40: D | B40: Porcentaje de H de C logrado | C40: =DIETOSINTESIS!B32 -> 0.547 | D40: 0.547 | E40: =IF(AND(ISNUMBER(C40),ISNUMBER(D40)),IF(ABS(C40-D40)<=k_tol,"APROBADO","REVISAR"),IF(EXACT(C40&"",D40&""),"APROBADO","REVISAR")) -> APROBADO
A41: E | B41: Energía asignada al desayuno (kcal) | C41: =DISTRIBUCION!B21 -> 350 | D41: 350 | E41: =IF(AND(ISNUMBER(C41),ISNUMBER(D41)),IF(ABS(C41-D41)<=k_tol,"APROBADO","REVISAR"),IF(EXACT(C41&"",D41&""),"APROBADO","REVISAR")) -> APROBADO
A42: E | B42: Energía asignada al almuerzo (kcal) | C42: =DISTRIBUCION!D21 -> 535 | D42: 535 | E42: =IF(AND(ISNUMBER(C42),ISNUMBER(D42)),IF(ABS(C42-D42)<=k_tol,"APROBADO","REVISAR"),IF(EXACT(C42&"",D42&""),"APROBADO","REVISAR")) -> APROBADO
A43: E | B43: Energía asignada a la once (kcal) | C43: =DISTRIBUCION!E21 -> 455 | D43: 455 | E43: =IF(AND(ISNUMBER(C43),ISNUMBER(D43)),IF(ABS(C43-D43)<=k_tol,"APROBADO","REVISAR"),IF(EXACT(C43&"",D43&""),"APROBADO","REVISAR")) -> APROBADO
A44: E | B44: La suma del reparto iguala la energía del patrón | C44: =DISTRIBUCION!H21 -> 2000 | D44: 2000 | E44: =IF(AND(ISNUMBER(C44),ISNUMBER(D44)),IF(ABS(C44-D44)<=k_tol,"APROBADO","REVISAR"),IF(EXACT(C44&"",D44&""),"APROBADO","REVISAR")) -> APROBADO
A45: E | B45: Los trece grupos cuadran con el patrón | C45: =COUNTIF(DISTRIBUCION!$J$7:$J$19,"OK") -> 13 | D45: 13 | E45: =IF(AND(ISNUMBER(C45),ISNUMBER(D45)),IF(ABS(C45-D45)<=k_tol,"APROBADO","REVISAR"),IF(EXACT(C45&"",D45&""),"APROBADO","REVISAR")) -> APROBADO
A46: F | B46: Energía del lunes en la tabla semanal (kcal) | C46: =SEMANA!B21 -> 2108.2 | D46: 2028 | E46: =IF(AND(ISNUMBER(C46),ISNUMBER(D46)),IF(ABS(C46-D46)<=k_tol,"APROBADO","REVISAR"),IF(EXACT(C46&"",D46&""),"APROBADO","REVISAR")) -> REVISAR
A47: F | B47: Energía total de la semana (kcal) | C47: =SEMANA!I21 -> 13344.1 | D47: 14196 | E47: =IF(AND(ISNUMBER(C47),ISNUMBER(D47)),IF(ABS(C47-D47)<=k_tol,"APROBADO","REVISAR"),IF(EXACT(C47&"",D47&""),"APROBADO","REVISAR")) -> REVISAR
A48: F | B48: Energía promedio diaria de la semana (kcal) | C48: =SEMANA!J21 -> 1906.3 | D48: 2028 | E48: =IF(AND(ISNUMBER(C48),ISNUMBER(D48)),IF(ABS(C48-D48)<=k_tol,"APROBADO","REVISAR"),IF(EXACT(C48&"",D48&""),"APROBADO","REVISAR")) -> REVISAR
A49: F | B49: Los siete días quedan ajustados | C49: =COUNTIF(SEMANA!$B$23:$H$23,"Ajustado") -> 3 | D49: 7 | E49: =IF(AND(ISNUMBER(C49),ISNUMBER(D49)),IF(ABS(C49-D49)<=k_tol,"APROBADO","REVISAR"),IF(EXACT(C49&"",D49&""),"APROBADO","REVISAR")) -> REVISAR
A50: G | B50: Un cambio en un día se reporta como variación | C50: =IF(COUNTIF(SEMANA!$L$7:$L$19,"Sin variación")=13,"SIN VARIACIONES","CON VARIACIONES") -> SIN VARIACIONES | D50: SIN VARIACIONES | E50: =IF(AND(ISNUMBER(C50),ISNUMBER(D50)),IF(ABS(C50-D50)<=k_tol,"APROBADO","REVISAR"),IF(EXACT(C50&"",D50&""),"APROBADO","REVISAR")) -> APROBADO
A51: G | B51: Control de consistencia del reparto (RESULTADOS) | C51: =IF(LEFT(RESULTADOS!C16,2)="OK","OK","REVISAR") -> OK | D51: OK | E51: =IF(AND(ISNUMBER(C51),ISNUMBER(D51)),IF(ABS(C51-D51)<=k_tol,"APROBADO","REVISAR"),IF(EXACT(C51&"",D51&""),"APROBADO","REVISAR")) -> APROBADO
A53: RESUMEN | B53: Pruebas aprobadas | C53: =COUNTIF(E8:E51,"APROBADO") -> 40 | D53: =COUNTA(E8:E51) -> 44 | E53: =IF(C53=D53,"TODAS APROBADAS","HAY PRUEBAS POR REVISAR") -> HAY PRUEBAS POR REVISAR
A55: PRUEBAS · MENÚ SEMANAL VARIABLE (verificación automática)
A56: Descripción | B56: Resultado obtenido | C56: Resultado esperado | D56: Estado | E56: Observaciones
A57: 1. Independencia entre días | B57: =IF(MAX(SEMANA!B21:H21)-MIN(SEMANA!B21:H21)>0,"VARIAN","IGUALES") -> VARIAN | C57: VARIAN | D57: =IF(B57=C57,"OK","REVISAR") -> OK | E57: Los 7 días no son iguales cuando el menú varía
A58: 2. Diferencia energética por alimento | B58: =IF(INDEX(b_ener,MATCH("Aceite de soja (USDA) · INTA-0317",b_key,0))<>INDEX(b_ener,MATCH("Turin · INTA-0139",b_key,0)),"DISTINTO","IGUAL") -> DISTINTO | C58: DISTINTO | D58: =IF(B58=C58,"OK","REVISAR") -> OK | E58: Dos alimentos con distinta composición aportan distinto
A59: 3. Proporcionalidad de gramos (x2 → x2) | B59: =IF(ROUND(2*(100*INDEX(b_ener,MATCH("Aceite de soja (USDA) · INTA-0317",b_key,0))/100),1)=ROUND(200*INDEX(b_ener,MATCH("Aceite de soja (USDA) · INTA-0317",b_key,0))/100,1),"DUPLICA","NO") -> DUPLICA | C59: DUPLICA | D59: =IF(B59=C59,"OK","REVISAR") -> OK | E59: Duplicar gramos duplica el aporte
A60: 4. Total diario = suma de alimentos del día | B60: =IF(ROUND(SEMANA!B21,1)=ROUND(SUMIFS(MENU_SEMANAL!M9:M218,MENU_SEMANAL!A9:A218,"Lunes"),1),"OK","REV") -> OK | C60: OK | D60: =IF(B60=C60,"OK","REVISAR") -> OK | E60: La energía del lunes es la suma de sus alimentos
A61: 5. Total semanal = suma de 7 días | B61: =IF(ROUND(SEMANA!I21,1)=ROUND(SUM(SEMANA!B21:H21),1),"OK","REV") -> OK | C61: OK | D61: =IF(B61=C61,"OK","REVISAR") -> OK | E61: El total semanal suma los siete días
A62: 6. Promedio = total / 7 | B62: =IF(ROUND(SEMANA!J21,3)=ROUND(SEMANA!I21/7,3),"OK","REV") -> OK | C62: OK | D62: =IF(B62=C62,"OK","REVISAR") -> OK | E62: El promedio diario es el total dividido por 7
A63: 7. Meta por día coherente con el modo | B63: =IF(DATOS!B34=IF(DATOS!$B$31="Misma meta para todos los días",v_meta,IF(ISNUMBER(DATOS!B33),DATOS!B33,v_meta)),"OK","REV") -> OK | C63: OK | D63: =IF(B63=C63,"OK","REVISAR") -> OK | E63: La meta aplicada respeta el modo elegido
A64: 8. Datos faltantes: ND no es cero | B64: =IF(INDEX(b_ener,MATCH("Champagna · INTA-0505",b_key,0))="ND","ND_OK","REV") -> ND_OK | C64: ND_OK | D64: =IF(B64=C64,"OK","REVISAR") -> OK | E64: Un alimento sin energía queda como ND, no como 0
A65: 9. Listas: el alimento existe en la base | B65: =IF(COUNTIF(b_key,"Aceite de soja (USDA) · INTA-0317")>=1,"OK","REV") -> OK | C65: OK | D65: =IF(B65=C65,"OK","REVISAR") -> OK | E65: Todo alimento de la lista existe en BASE_ALIMENTOS
A66: 10. El gráfico refleja variación | B66: =IF(MAX(SEMANA!B21:H21)>MIN(SEMANA!B21:H21),"ACTUALIZA","PLANO") -> ACTUALIZA | C66: ACTUALIZA | D66: =IF(B66=C66,"OK","REVISAR") -> OK | E66: El gráfico muestra energías distintas por día

Sheet CONFIG
A1: CONFIGURACIÓN · EQUIVALENTES Y CONSTANTES
A3: INICIO | B3: DATOS | C3: DIETOSINTESIS | D3: DISTRIBUCION | E3: MENU_SEMANAL | F3: SEMANA | G3: RESULTADOS | H3: FUENTES | I3: PRUEBAS | J3: CONFIG | K3: CHANGELOG
A5: FACTORES ENERGÉTICOS Y UMBRALES
A6: Parámetro | B6: Unidad | C6: Valor
A7: Energía por gramo de proteína | B7: kcal/g | C7: 4
A8: Energía por gramo de H de C | B8: kcal/g | C8: 4
A9: Energía por gramo de lípidos | B9: kcal/g | C9: 9
A10: Adecuación aceptable: límite inferior | B10: % | C10: 0.95
A11: Adecuación aceptable: límite superior | B11: % | C11: 1.05
A12: Tolerancia del reparto por tiempo de comida | B12: equivalentes | C12: 0.01
A13: Tolerancia de las pruebas | B13: ± | C13: 0.0001
A15: COMPOSICIÓN POR EQUIVALENTE · Sistema chileno · Manual de Porciones de Intercambio para Chile, UDD 2ª ed. 2021 (editable · confirme el sistema que usted utiliza)
A16: Grupo de equivalencia | B16: H de C (g) | C16: Proteínas (g) | D16: Lípidos (g) | E16: Energía (kcal)
A17: Lácteos descremados | B17: 10 | C17: 7 | D17: 0 | E17: 70
A18: Lácteos semidescremados | B18: 9 | C18: 5 | D18: 3 | E18: 85
A19: Lácteos enteros | B19: 9 | C19: 5 | D19: 6 | E19: 110
A20: Verduras de consumo general | B20: 5 | C20: 2 | D20: 0 | E20: 30
A21: Verduras de libre consumo | B21: 2.5 | C21: 0 | D21: 0 | E21: 10
A22: Frutas | B22: 15 | C22: 0 | D22: 0 | E22: 60
A23: Panes, cereales, legumbres frescas y tubérculos | B23: 30 | C23: 3 | D23: 1 | E23: 140
A24: Legumbres secas | B24: 30 | C24: 11 | D24: 1 | E24: 170
A25: Carnes bajas en grasa | B25: 1 | C25: 11 | D25: 2 | E25: 65
A26: Carnes altas en grasa | B26: 1 | C26: 11 | D26: 8 | E26: 120
A27: Aceites, grasas y semillas | B27: 0 | C27: 0 | D27: 5 | E27: 45
A28: Alimentos ricos en lípidos | B28: 5 | C28: 5 | D28: 15 | E28: 175
A29: Azúcares | B29: 5 | C29: 0 | D29: 0 | E29: 20
A30: La energía mostrada es la ENERGÍA PUBLICADA por el Manual de Porciones de Intercambio para Chile (Ratner y cols., UDD, 2ª ed. 2021). Puede diferir levemente de la energía Atwater (H de C×4 + proteínas×4 + lípidos×9) por redondeo y metodología del manual; la comprobación Atwater es independiente y se realiza en la hoja PRUEBAS. Los valores son EDITABLES.
A32: TIEMPOS DE COMIDA Y DISTRIBUCIÓN ENERGÉTICA ORIENTATIVA
A33: Tiempo de comida | B33: % orientativo de la energía
A34: Desayuno | B34: 0.2
A35: Colación AM | B35: 0.05
A36: Almuerzo | B36: 0.3
A37: Once | B37: 0.2
A38: Cena | B38: 0.2
A39: Colación nocturna | B39: 0.05
A40: Suma | B40: =SUM(B34:B39) -> 1
A41: Estos porcentajes son una referencia para comparar el reparto que usted diseñe. No son una norma: ajústelos a los horarios reales, la cultura alimentaria y la situación de la persona.

Sheet CHANGELOG
A1: CHANGELOG
A3: INICIO | B3: DATOS | C3: DIETOSINTESIS | D3: DISTRIBUCION | E3: MENU_SEMANAL | F3: SEMANA | G3: RESULTADOS | H3: FUENTES | I3: PRUEBAS | J3: CONFIG | K3: CHANGELOG
A5: Versión | B5: Fecha | C5: Cambio | E5: Motivo
A6: 1.0 | B6: 2026-07-19 | C6: Versión inicial de NMX-02: tabla dietosintética con patrón diario de equivalentes, ajuste iterativo frente a la prescripción, reparto por tiempos de comida y despliegue semanal. | E6: Inicio de la Fase 4 · Dietas y platillos.
A7: 1.0 | B7: 2026-07-19 | C7: Control de cuadratura del reparto: avisa por grupo si faltan o sobran equivalentes. | E7: Es el error más frecuente al repartir un patrón entre los tiempos de comida.
A8: 1.0 | B8: 2026-07-19 | C8: La tabla semanal parte enlazada al patrón base y detecta las variaciones por día. | E8: Permite construir semanas homogéneas o con variaciones sin perder el control del cálculo.
A9: 1.0 | B9: 2026-07-19 | C9: Composición por equivalente editable, compartida con el criterio de NMX-17. | E9: Coherencia entre el módulo de evaluación por equivalentes y el de planificación.
A10: v1.1.0 | B10: 2026-07-19 | C10: Menú semanal variable por alimentos (base INTA 2018): hojas BASE_ALIMENTOS y MENU_SEMANAL; energía y macros reales por día; meta por día; gráfico dinámico; 10 pruebas.
A11: 2.1.0 | B11: 2026-07-31 | C11: Se restablece el grupo 'Verduras y hortalizas' (31 alimentos, INTA-0332..INTA-0362) mal etiquetados como 'aceites y grasas' en BASE_ALIMENTOS. | E11: Corrección de integridad de datos. No se alteran valores, fórmulas, rangos ni validaciones.
A12: 2.2.0 | B12: 2026-07-31 | C12: BASE_ALIMENTOS reordenada por ID (INTA-0001..0618), reproduciendo el orden canónico del maestro (Composición de Alimentos 2018). Se reconstruyeron grp_map, lst_grupos_base y los rangos de filtro fg_01..fg_24 para los 24 grupos, ahora contiguos e incluyendo Verduras y hortalizas. MENU_SEMANAL queda coherente con el nuevo orden. | E12: Alinear la base con el maestro y restaurar el filtrado grupo->alimento del menú, que había quedado inconsistente. No se alteran valores nutricionales; las fórmulas resuelven por valor (b_key/MATCH/INDEX).
A13: 2.2.1 | B13: 2026-08-01 | C13: Completado el ejemplo semanal: recalibrados los gramos de los 35 alimentos para que los 7 dias queden Ajustados (Lunes 2028, total 14196, promedio 2028), manteniendo alimentos INTA reales y variacion entre dias. 28 pruebas aprobadas. | E13: El ejemplo tenia solo 2 de 7 dias ajustados.
A14: 3.0.0 | B14: 2026-08-01 | C14: Sustitución de la composición predeterminada por el SISTEMA CHILENO UDD 2021 de 13 grupos: actualización de macronutrientes y energía publicada; incorporación de 'Verduras de libre consumo' y de 'Alimentos ricos en lípidos'; eliminación del grupo 'Carnes semigrasas'; actualización de nombres, rangos nombrados (lst_eq/rng_eq a 13 filas), validaciones, fórmulas (INDEX 1..13, SUM/SUMPRODUCT/COUNTIF a 13 grupos) y pruebas; separación explícita entre energía publicada y comprobación Atwater (independiente en PRUEBAS). | E14: Alinear la composición por equivalente con el Manual de Porciones de Intercambio para Chile (UDD, 2ª ed. 2021).

Sheet BASE_ALIMENTOS
A1: BASE_ALIMENTOS · COMPOSICIÓN POR 100 g (Tabla INTA 2018)
A2: Base interna incorporada como valores (sin vínculos externos). "ND" = dato no disponible en la fuente; NO se interpreta como cero.
A3: INICIO | B3: DATOS | C3: DIETOSINTESIS | D3: DISTRIBUCION | E3: MENU_SEMANAL | F3: SEMANA | G3: RESULTADOS | H3: FUENTES | I3: PRUEBAS | J3: CONFIG | K3: CHANGELOG
A7: ID | B7: Alimento | C7: Grupo | D7: Estado | E7: Energía/100 g (kcal) | F7: Proteínas/100 g (g) | G7: H de C disp./100 g (g) | H7: Lípidos/100 g (g) | I7: Fibra/100 g (g) | J7: Porción (medida casera) | K7: Gramos de la porción | L7: Fuente | M7: Observación | N7: Etiqueta | P7: Grupo (mapa) | Q7: Rango
A8: INTA-0001 | B8: Leche materna | C8: Leche y derivados | D8: sin documentar | E8: 70 | F8: 1 | G8: 6.9 | H8: 4.4 | I8: 0 | J8: ND | K8: ND | L8: Tabla INTA 2018 | M8: — | N8: =B8&" · "&A8 -> Leche materna · INTA-0001 | P8: aceites y grasas | Q8: fg_09
A9: INTA-0002 | B9: Leche de Burra | C9: Leche y derivados | D9: sin documentar | E9: 41 | F9: 1.6 | G9: 6.7 | H9: 0.9 | I9: 0 | J9: ND | K9: ND | L9: Tabla INTA 2018 | M9: — | N9: =B9&" · "&A9 -> Leche de Burra · INTA-0002 | P9: alcoholes | Q9: fg_18
A10: INTA-0003 | B10: Leche de cabra con Vit. D | C10: Leche y derivados | D10: sin documentar | E10: 69 | F10: 3.6 | G10: 4.5 | H10: 4.1 | I10: 0 | J10: ND | K10: ND | L10: Tabla INTA 2018 | M10: — | N10: =B10&" · "&A10 -> Leche de cabra con Vit. D · INTA-0003 | P10: Alimentos con formulaciones Especiales | Q10: fg_24
A11: INTA-0004 | B11: Leche fluida entera | C11: Leche y derivados | D11: sin documentar | E11: 64 | F11: 3.3 | G11: 4.7 | H11: 3.7 | I11: 0 | J11: ND | K11: ND | L11: Tabla INTA 2018 | M11: — | N11: =B11&" · "&A11 -> Leche fluida entera · INTA-0004 | P11: bebidas | Q11: fg_17
A12: INTA-0005 | B12: Leche fluida entera 2 | C12: Leche y derivados | D12: sin documentar | E12: 58 | F12: 3.2 | G12: 5.6 | H12: 2.5 | I12: 0 | J12: ND | K12: ND | L12: Tabla INTA 2018 | M12: — | N12: =B12&" · "&A12 -> Leche fluida entera 2 · INTA-0005 | P12: Carnes y Vísceras | Q12: fg_03
A13: INTA-0006 | B13: Leche entera con sabor | C13: Leche y derivados | D13: sin documentar | E13: 80 | F13: 2.4 | G13: 10.5 | H13: 2.9 | I13: 0.5 | J13: ND | K13: ND | L13: Tabla INTA 2018 | M13: — | N13: =B13&" · "&A13 -> Leche entera con sabor · INTA-0006 | P13: cereales y derivados | Q13: fg_07
A14: INTA-0007 | B14: Leche semidescremada | C14: Leche y derivados | D14: sin documentar | E14: 42 | F14: 2.6 | G14: 5.1 | H14: 1.3 | I14: 0 | J14: ND | K14: ND | L14: Tabla INTA 2018 | M14: — | N14: =B14&" · "&A14 -> Leche semidescremada · INTA-0007 | P14: de Dulces y miel | Q14: fg_12
A15: INTA-0008 | B15: Leche semidescremada con sabor | C15: Leche y derivados | D15: sin documentar | E15: 76 | F15: 3 | G15: 11.4 | H15: 1.9 | I15: 0.7 | J15: ND | K15: ND | L15: Tabla INTA 2018 | M15: — | N15: =B15&" · "&A15 -> Leche semidescremada con sabor · INTA-0008 | P15: dulces | Q15: fg_13
A16: INTA-0009 | B16: Leche semidescremada con sabor chocolate | C16: Leche y derivados | D16: sin documentar | E16: 52 | F16: 3.2 | G16: 5.6 | H16: 1.8 | I16: ND | J16: ND | K16: ND | L16: Tabla INTA 2018 | M16: — | N16: =B16&" · "&A16 -> Leche semidescremada con sabor chocolate · INTA-0009 | P16: Endulzantes | Q16: fg_22
A17: INTA-0010 | B17: Leche semidescremada con sabor frutilla | C17: Leche y derivados | D17: sin documentar | E17: 54 | F17: 3.1 | G17: 6 | H17: 1.9 | I17: ND | J17: ND | K17: ND | L17: Tabla INTA 2018 | M17: — | N17: =B17&" · "&A17 -> Leche semidescremada con sabor frutilla · INTA-0010 | P17: Especias | Q17: fg_21
A18: INTA-0011 | B18: Leche semidescremada sin lactosa | C18: Leche y derivados | D18: sin documentar | E18: 44 | F18: 3.1 | G18: 4.6 | H18: 1.3 | I18: ND | J18: ND | K18: ND | L18: Tabla INTA 2018 | M18: — | N18: =B18&" · "&A18 -> Leche semidescremada sin lactosa · INTA-0011 | P18: Frutas | Q18: fg_11
A19: INTA-0012 | B19: Leche descremada | C19: Leche y derivados | D19: sin documentar | E19: 32 | F19: 3.3 | G19: 4.7 | H19: 0.1 | I19: ND | J19: ND | K19: ND | L19: Tabla INTA 2018 | M19: — | N19: =B19&" · "&A19 -> Leche descremada · INTA-0012 | P19: HUEVOS | Q19: fg_02
A20: INTA-0013 | B20: Leche descremada 2 | C20: Leche y derivados | D20: sin documentar | E20: 42 | F20: 3.4 | G20: 5 | H20: 1 | I20: 0 | J20: ND | K20: ND | L20: Tabla INTA 2018 | M20: — | N20: =B20&" · "&A20 -> Leche descremada 2 · INTA-0013 | P20: Jugos y Néctares | Q20: fg_15
A21: INTA-0014 | B21: Leche en polvo 26% MG | C21: Leche y derivados | D21: sin documentar | E21: 489 | F21: 28.6 | G21: 36.7 | H21: 25.3 | I21: 0 | J21: ND | K21: ND | L21: Tabla INTA 2018 | M21: — | N21: =B21&" · "&A21 -> Leche en polvo 26% MG · INTA-0014 | P21: Leche y derivados | Q21: fg_01
A22: INTA-0015 | B22: Leche en polvo 26% MG con Vit. D | C22: Leche y derivados | D22: sin documentar | E22: 496 | F22: 26.3 | G22: 38.4 | H22: 26.7 | I22: 0 | J22: ND | K22: ND | L22: Tabla INTA 2018 | M22: — | N22: =B22&" · "&A22 -> Leche en polvo 26% MG con Vit. D · INTA-0015 | P22: leguminosas y oleaginosas | Q22: fg_05
A23: INTA-0016 | B23: Leche en polvo 18% MG extra calcio | C23: Leche y derivados | D23: sin documentar | E23: 454 | F23: 29.1 | G23: 42.7 | H23: 17.9 | I23: 0 | J23: ND | K23: ND | L23: Tabla INTA 2018 | M23: — | N23: =B23&" · "&A23 -> Leche en polvo 18% MG extra calcio · INTA-0016 | P23: Papas | Q23: fg_08
A24: INTA-0017 | B24: Leche en polvo 12% MG | C24: Leche y derivados | D24: sin documentar | E24: 406 | F24: 34.6 | G24: 41.8 | H24: 11.1 | I24: 0 | J24: ND | K24: ND | L24: Tabla INTA 2018 | M24: — | N24: =B24&" · "&A24 -> Leche en polvo 12% MG · INTA-0017 | P24: Pescados y mariscos | Q24: fg_04
A25: INTA-0018 | B25: Leche en polvo descremada | C25: Leche y derivados | D25: sin documentar | E25: 358 | F25: 35.1 | G25: 52.2 | H25: 0.7 | I25: 0 | J25: ND | K25: ND | L25: Tabla INTA 2018 | M25: — | N25: =B25&" · "&A25 -> Leche en polvo descremada · INTA-0018 | P25: platos preparados | Q25: fg_23
A26: INTA-0019 | B26: Leche en polvo descremada extra calcio | C26: Leche y derivados | D26: sin documentar | E26: 349 | F26: 31 | G26: 52.8 | H26: 1.5 | I26: ND | J26: ND | K26: ND | L26: Tabla INTA 2018 | M26: — | N26: =B26&" · "&A26 -> Leche en polvo descremada extra calcio · INTA-0019 | P26: postres de leches | Q26: fg_14
A27: INTA-0020 | B27: Leche en polvo purita cereal | C27: Leche y derivados | D27: sin documentar | E27: 454 | F27: 19.4 | G27: 51.2 | H27: 19.1 | I27: 1.7 | J27: ND | K27: ND | L27: Tabla INTA 2018 | M27: — | N27: =B27&" · "&A27 -> Leche en polvo purita cereal · INTA-0020 | P27: productos salados | Q27: fg_19
A28: INTA-0021 | B28: Leche condensada | C28: Leche y derivados | D28: sin documentar | E28: 321 | F28: 7.9 | G28: 54.4 | H28: 8.7 | I28: 0 | J28: ND | K28: ND | L28: Tabla INTA 2018 | M28: — | N28: =B28&" · "&A28 -> Leche condensada · INTA-0021 | P28: Refrescos en Polvo | Q28: fg_16
A29: INTA-0022 | B29: Leche evaporada | C29: Leche y derivados | D29: sin documentar | E29: 134 | F29: 6.8 | G29: 10 | H29: 7.6 | I29: 0 | J29: ND | K29: ND | L29: Tabla INTA 2018 | M29: — | N29: =B29&" · "&A29 -> Leche evaporada · INTA-0022 | P29: Salsas | Q29: fg_20
A30: INTA-0023 | B30: Quesillo | C30: Leche y derivados | D30: sin documentar | E30: 103 | F30: 12.5 | G30: 2.7 | H30: 4.5 | I30: 0 | J30: ND | K30: ND | L30: Tabla INTA 2018 | M30: — | N30: =B30&" · "&A30 -> Quesillo · INTA-0023 | P30: semillas, almendras y nueces | Q30: fg_06
A31: INTA-0024 | B31: Quesillo 0% MG | C31: Leche y derivados | D31: sin documentar | E31: 85 | F31: 13.9 | G31: 4.4 | H31: 1.3 | I31: ND | J31: ND | K31: ND | L31: Tabla INTA 2018 | M31: — | N31: =B31&" · "&A31 -> Quesillo 0% MG · INTA-0024 | P31: Verduras y hortalizas | Q31: fg_10
A32: INTA-0025 | B32: Quesillo sin sal | C32: Leche y derivados | D32: sin documentar | E32: 151 | F32: 13 | G32: 4.5 | H32: 9 | I32: ND | J32: ND | K32: ND | L32: Tabla INTA 2018 | M32: — | N32: =B32&" · "&A32 -> Quesillo sin sal · INTA-0025
A33: INTA-0026 | B33: Queso cabra | C33: Leche y derivados | D33: sin documentar | E33: 364 | F33: 21.6 | G33: 0.1 | H33: 29.8 | I33: 0 | J33: ND | K33: ND | L33: Tabla INTA 2018 | M33: — | N33: =B33&" · "&A33 -> Queso cabra · INTA-0026
A34: INTA-0027 | B34: Queso chanco | C34: Leche y derivados | D34: sin documentar | E34: 356 | F34: 20.8 | G34: 5.1 | H34: 28 | I34: 0 | J34: ND | K34: ND | L34: Tabla INTA 2018 | M34: — | N34: =B34&" · "&A34 -> Queso chanco · INTA-0027
A35: INTA-0028 | B35: Queso cheddar | C35: Leche y derivados | D35: sin documentar | E35: 404 | F35: 22.9 | G35: 3.1 | H35: 33.3 | I35: 0 | J35: ND | K35: ND | L35: Tabla INTA 2018 | M35: — | N35: =B35&" · "&A35 -> Queso cheddar · INTA-0028
A36: INTA-0029 | B36: Queso crema | C36: Leche y derivados | D36: sin documentar | E36: 350 | F36: 6.2 | G36: 5.5 | H36: 34.4 | I36: 0 | J36: ND | K36: ND | L36: Tabla INTA 2018 | M36: — | N36: =B36&" · "&A36 -> Queso crema · INTA-0029
A37: INTA-0030 | B37: Queso crema 2 | C37: Leche y derivados | D37: sin documentar | E37: 218 | F37: 12 | G37: 7.3 | H37: 15.6 | I37: 0 | J37: ND | K37: ND | L37: Tabla INTA 2018 | M37: — | N37: =B37&" · "&A37 -> Queso crema 2 · INTA-0030
A38: INTA-0031 | B38: Queso fresco | C38: Leche y derivados | D38: sin documentar | E38: 228 | F38: 16.9 | G38: 1.6 | H38: 17.1 | I38: ND | J38: ND | K38: ND | L38: Tabla INTA 2018 | M38: — | N38: =B38&" · "&A38 -> Queso fresco · INTA-0031
A39: INTA-0032 | B39: Queso fresco 2 | C39: Leche y derivados | D39: sin documentar | E39: 177 | F39: 12.6 | G39: 4.5 | H39: 12.1 | I39: ND | J39: ND | K39: ND | L39: Tabla INTA 2018 | M39: — | N39: =B39&" · "&A39 -> Queso fresco 2 · INTA-0032
A40: INTA-0033 | B40: Queso fresco light | C40: Leche y derivados | D40: sin documentar | E40: 193 | F40: 13.8 | G40: 3.2 | H40: 13.9 | I40: ND | J40: ND | K40: ND | L40: Tabla INTA 2018 | M40: — | N40: =B40&" · "&A40 -> Queso fresco light · INTA-0033
A41: INTA-0034 | B41: Queso gouda | C41: Leche y derivados | D41: sin documentar | E41: 356 | F41: 24.9 | G41: 2.2 | H41: 27.4 | I41: 0 | J41: ND | K41: ND | L41: Tabla INTA 2018 | M41: — | N41: =B41&" · "&A41 -> Queso gouda · INTA-0034
A42: INTA-0035 | B42: Queso gouda 2 | C42: Leche y derivados | D42: sin documentar | E42: 341 | F42: 24.8 | G42: 4.8 | H42: 24.7 | I42: 0 | J42: ND | K42: ND | L42: Tabla INTA 2018 | M42: — | N42: =B42&" · "&A42 -> Queso gouda 2 · INTA-0035
A43: INTA-0036 | B43: Queso mantecoso | C43: Leche y derivados | D43: sin documentar | E43: 394 | F43: 24.7 | G43: 8 | H43: 29.2 | I43: ND | J43: ND | K43: ND | L43: Tabla INTA 2018 | M43: — | N43: =B43&" · "&A43 -> Queso mantecoso · INTA-0036
A44: INTA-0037 | B44: Queso mozarella | C44: Leche y derivados | D44: sin documentar | E44: 199 | F44: 13.5 | G44: 2.3 | H44: 15.1 | I44: 0 | J44: ND | K44: ND | L44: Tabla INTA 2018 | M44: — | N44: =B44&" · "&A44 -> Queso mozarella · INTA-0037
A45: INTA-0038 | B45: Queso parmesano | C45: Leche y derivados | D45: sin documentar | E45: 476 | F45: 47.1 | G45: 5.5 | H45: 29.5 | I45: ND | J45: ND | K45: ND | L45: Tabla INTA 2018 | M45: — | N45: =B45&" · "&A45 -> Queso parmesano · INTA-0038
A46: INTA-0039 | B46: Queso parmesano 2 | C46: Leche y derivados | D46: sin documentar | E46: 420 | F46: 28.4 | G46: 13.9 | H46: 27.8 | I46: 0 | J46: ND | K46: ND | L46: Tabla INTA 2018 | M46: — | N46: =B46&" · "&A46 -> Queso parmesano 2 · INTA-0039
A47: INTA-0040 | B47: Queso pategras | C47: Leche y derivados | D47: sin documentar | E47: 394 | F47: 25.7 | G47: 2.3 | H47: 31.2 | I47: 0 | J47: ND | K47: ND | L47: Tabla INTA 2018 | M47: — | N47: =B47&" · "&A47 -> Queso pategras · INTA-0040
A48: INTA-0041 | B48: Queso reggianito | C48: Leche y derivados | D48: sin documentar | E48: 339 | F48: 33.1 | G48: 5.9 | H48: 20.3 | I48: 0 | J48: ND | K48: ND | L48: Tabla INTA 2018 | M48: — | N48: =B48&" · "&A48 -> Queso reggianito · INTA-0041
A49: INTA-0042 | B49: Queso suizo | C49: Leche y derivados | D49: sin documentar | E49: 393 | F49: 27 | G49: 1.5 | H49: 31 | I49: 0 | J49: ND | K49: ND | L49: Tabla INTA 2018 | M49: — | N49: =B49&" · "&A49 -> Queso suizo · INTA-0042
A50: INTA-0043 | B50: Queso untable | C50: Leche y derivados | D50: sin documentar | E50: 303 | F50: 20 | G50: 3.3 | H50: 25 | I50: 0 | J50: ND | K50: ND | L50: Tabla INTA 2018 | M50: — | N50: =B50&" · "&A50 -> Queso untable · INTA-0043
A51: INTA-0044 | B51: Ricota | C51: Leche y derivados | D51: sin documentar | E51: 174 | F51: 11.3 | G51: 3 | H51: 13 | I51: 0 | J51: ND | K51: ND | L51: Tabla INTA 2018 | M51: — | N51: =B51&" · "&A51 -> Ricota · INTA-0044
A52: INTA-0045 | B52: Yogurt natural | C52: Leche y derivados | D52: sin documentar | E52: 61 | F52: 3.5 | G52: 4.7 | H52: 3.3 | I52: 0 | J52: ND | K52: ND | L52: Tabla INTA 2018 | M52: — | N52: =B52&" · "&A52 -> Yogurt natural · INTA-0045
A53: INTA-0046 | B53: Yogurt light | C53: Leche y derivados | D53: sin documentar | E53: 56 | F53: 4.4 | G53: 14.9 | H53: 0 | I53: 0.1 | J53: ND | K53: ND | L53: Tabla INTA 2018 | M53: — | N53: =B53&" · "&A53 -> Yogurt light · INTA-0046
A54: INTA-0047 | B54: Yogurt con sabor | C54: Leche y derivados | D54: sin documentar | E54: 101 | F54: 5.7 | G54: 7.7 | H54: 2.7 | I54: 0 | J54: ND | K54: ND | L54: Tabla INTA 2018 | M54: — | N54: =B54&" · "&A54 -> Yogurt con sabor · INTA-0047
A55: INTA-0048 | B55: Yogurt sin lactosa | C55: Leche y derivados | D55: sin documentar | E55: 53 | F55: 3 | G55: 9.3 | H55: 0.4 | I55: 0 | J55: ND | K55: ND | L55: Tabla INTA 2018 | M55: — | N55: =B55&" · "&A55 -> Yogurt sin lactosa · INTA-0048
A56: INTA-0049 | B56: Yogurt con frutas | C56: Leche y derivados | D56: sin documentar | E56: 114 | F56: 4.1 | G56: 18.2 | H56: 2.8 | I56: 0.3 | J56: ND | K56: ND | L56: Tabla INTA 2018 | M56: — | N56: =B56&" · "&A56 -> Yogurt con frutas · INTA-0049
A57: INTA-0050 | B57: Yogurt con frutas bajo en grasa | C57: Leche y derivados | D57: sin documentar | E57: 105 | F57: 4.9 | G57: 18.6 | H57: 1.4 | I57: 0 | J57: ND | K57: ND | L57: Tabla INTA 2018 | M57: — | N57: =B57&" · "&A57 -> Yogurt con frutas bajo en grasa · INTA-0050
... A59: INTA-0052 | B59: Tofu | C59: Leche y derivados | D59: sin documentar | E59: 78 | F59: 9 | G59: 2 | H59: 4.2 | I59: 0.9 | J59: ND | K59: ND | L59: Tabla INTA 2018 | M59: — | N59: =B59&" · "&A59 -> Tofu · INTA-0052
A60: INTA-0053 | B60: Tofu 2 | C60: Leche y derivados | D60: sin documentar | E60: 95 | F60: 10.4 | G60: 8 | H60: 2.4 | I60: ND | J60: ND | K60: ND | L60: Tabla INTA 2018 | M60: — | N60: =B60&" · "&A60 -> Tofu 2 · INTA-0053
A61: INTA-0054 | B61: Huevo entero | C61: HUEVOS | D61: sin documentar | E61: 143 | F61: 12.6 | G61: 0.7 | H61: 9.5 | I61: 0 | J61: ND | K61: ND | L61: Tabla INTA 2018 | M61: — | N61: =B61&" · "&A61 -> Huevo entero · INTA-0054
A62: INTA-0055 | B62: Huevo entero cocido | C62: HUEVOS | D62: sin documentar | E62: 149 | F62: 12.4 | G62: 0.3 | H62: 10.9 | I62: ND | J62: ND | K62: ND | L62: Tabla INTA 2018 | M62: — | N62: =B62&" · "&A62 -> Huevo entero cocido · INTA-0055
A63: INTA-0056 | B63: Clara de huevo | C63: HUEVOS | D63: sin documentar | E63: 52 | F63: 10.9 | G63: 0.7 | H63: 0.2 | I63: 0 | J63: ND | K63: ND | L63: Tabla INTA 2018 | M63: — | N63: =B63&" · "&A63 -> Clara de huevo · INTA-0056
A64: INTA-0057 | B64: Yema de huevo | C64: HUEVOS | D64: sin documentar | E64: 322 | F64: 15.9 | G64: 3.6 | H64: 26.5 | I64: 0 | J64: ND | K64: ND | L64: Tabla INTA 2018 | M64: — | N64: =B64&" · "&A64 -> Yema de huevo · INTA-0057
A65: INTA-0058 | B65: Huevo de codorniz | C65: HUEVOS | D65: sin documentar | E65: 158 | F65: 13.1 | G65: 0.4 | H65: 11.1 | I65: 0 | J65: ND | K65: ND | L65: Tabla INTA 2018 | M65: — | N65: =B65&" · "&A65 -> Huevo de codorniz · INTA-0058
A66: INTA-0059 | B66: Pollo cocido | C66: Carnes y Vísceras | D66: sin documentar | E66: 176 | F66: 27.3 | G66: 0 | H66: 6.7 | I66: 0 | J66: ND | K66: ND | L66: Tabla INTA 2018 | M66: — | N66: =B66&" · "&A66 -> Pollo cocido · INTA-0059
A67: INTA-0060 | B67: Pollo pierna | C67: Carnes y Vísceras | D67: sin documentar | E67: 199 | F67: 22.4 | G67: 1.5 | H67: 11.5 | I67: 0 | J67: ND | K67: ND | L67: Tabla INTA 2018 | M67: — | N67: =B67&" · "&A67 -> Pollo pierna · INTA-0060
A68: INTA-0061 | B68: Pollo pechuga | C68: Carnes y Vísceras | D68: sin documentar | E68: 130 | F68: 22.3 | G68: 1.7 | H68: 3.8 | I68: 0 | J68: ND | K68: ND | L68: Tabla INTA 2018 | M68: — | N68: =B68&" · "&A68 -> Pollo pechuga · INTA-0061
A69: INTA-0062 | B69: Pollo pechuga deshuesado | C69: Carnes y Vísceras | D69: sin documentar | E69: 114 | F69: 22.2 | G69: 1.9 | H69: 1.9 | I69: ND | J69: ND | K69: ND | L69: Tabla INTA 2018 | M69: — | N69: =B69&" · "&A69 -> Pollo pechuga deshuesado · INTA-0062
A70: INTA-0063 | B70: Pato cocido | C70: Carnes y Vísceras | D70: sin documentar | E70: 201 | F70: 23.5 | G70: 0 | H70: 11.2 | I70: 0 | J70: ND | K70: ND | L70: Tabla INTA 2018 | M70: — | N70: =B70&" · "&A70 -> Pato cocido · INTA-0063
A71: INTA-0064 | B71: Pavo pierna | C71: Carnes y Vísceras | D71: sin documentar | E71: 123 | F71: 22 | G71: 1.2 | H71: 3.3 | I71: 0 | J71: ND | K71: ND | L71: Tabla INTA 2018 | M71: — | N71: =B71&" · "&A71 -> Pavo pierna · INTA-0064
A72: INTA-0065 | B72: Pavo rostizado | C72: Carnes y Vísceras | D72: sin documentar | E72: 189 | F72: 28.6 | G72: 0.1 | H72: 7.4 | I72: 0 | J72: ND | K72: ND | L72: Tabla INTA 2018 | M72: — | N72: =B72&" · "&A72 -> Pavo rostizado · INTA-0065
A73: INTA-0066 | B73: Carne de cerdo | C73: Carnes y Vísceras | D73: sin documentar | E73: 293 | F73: 25.1 | G73: 0 | H73: 20.7 | I73: 0 | J73: ND | K73: ND | L73: Tabla INTA 2018 | M73: — | N73: =B73&" · "&A73 -> Carne de cerdo · INTA-0066
A74: INTA-0067 | B74: Cazuela de cerdo | C74: Carnes y Vísceras | D74: sin documentar | E74: 264 | F74: 20.6 | G74: 4.4 | H74: 18.2 | I74: 0 | J74: ND | K74: ND | L74: Tabla INTA 2018 | M74: — | N74: =B74&" · "&A74 -> Cazuela de cerdo · INTA-0067
A75: INTA-0068 | B75: Lomito de cerdo | C75: Carnes y Vísceras | D75: sin documentar | E75: 90 | F75: 15.3 | G75: 0.3 | H75: 3 | I75: ND | J75: ND | K75: ND | L75: Tabla INTA 2018 | M75: — | N75: =B75&" · "&A75 -> Lomito de cerdo · INTA-0068
A76: INTA-0069 | B76: Pierna de cerdo marinada | C76: Carnes y Vísceras | D76: sin documentar | E76: 164 | F76: 16.6 | G76: 0.2 | H76: 10.7 | I76: ND | J76: ND | K76: ND | L76: Tabla INTA 2018 | M76: — | N76: =B76&" · "&A76 -> Pierna de cerdo marinada · INTA-0069
A77: INTA-0070 | B77: Chuleta de cerdo centro marinada | C77: Carnes y Vísceras | D77: sin documentar | E77: 284 | F77: 13.7 | G77: 0.9 | H77: 25 | I77: ND | J77: ND | K77: ND | L77: Tabla INTA 2018 | M77: — | N77: =B77&" · "&A77 -> Chuleta de cerdo centro marinada · INTA-0070
A78: INTA-0071 | B78: Chuleta de cerdo vetada marinada | C78: Carnes y Vísceras | D78: sin documentar | E78: 312 | F78: 14.7 | G78: 0.2 | H78: 28.1 | I78: ND | J78: ND | K78: ND | L78: Tabla INTA 2018 | M78: — | N78: =B78&" · "&A78 -> Chuleta de cerdo vetada marinada · INTA-0071
A79: INTA-0072 | B79: Costillar de cerdo | C79: Carnes y Vísceras | D79: sin documentar | E79: 210 | F79: 17.5 | G79: 0.1 | H79: 15.5 | I79: ND | J79: ND | K79: ND | L79: Tabla INTA 2018 | M79: — | N79: =B79&" · "&A79 -> Costillar de cerdo · INTA-0072
A80: INTA-0073 | B80: Costillar de cerdo marinado | C80: Carnes y Vísceras | D80: sin documentar | E80: 209 | F80: 17.2 | G80: 0.2 | H80: 15.5 | I80: ND | J80: ND | K80: ND | L80: Tabla INTA 2018 | M80: — | N80: =B80&" · "&A80 -> Costillar de cerdo marinado · INTA-0073
A81: INTA-0074 | B81: Filete de cerdo | C81: Carnes y Vísceras | D81: sin documentar | E81: 129 | F81: 21.4 | G81: 0.2 | H81: 4.7 | I81: 0 | J81: ND | K81: ND | L81: Tabla INTA 2018 | M81: — | N81: =B81&" · "&A81 -> Filete de cerdo · INTA-0074
A82: INTA-0075 | B82: Pulpa de cerdo | C82: Carnes y Vísceras | D82: sin documentar | E82: 132 | F82: 21.2 | G82: 1.8 | H82: 4.4 | I82: 0 | J82: ND | K82: ND | L82: Tabla INTA 2018 | M82: — | N82: =B82&" · "&A82 -> Pulpa de cerdo · INTA-0075
A83: INTA-0076 | B83: Cazuela de cordero | C83: Carnes y Vísceras | D83: sin documentar | E83: 152 | F83: 20.6 | G83: 0.2 | H83: 7.6 | I83: 0 | J83: ND | K83: ND | L83: Tabla INTA 2018 | M83: — | N83: =B83&" · "&A83 -> Cazuela de cordero · INTA-0076
A84: INTA-0077 | B84: Chuleta de cordero | C84: Carnes y Vísceras | D84: sin documentar | E84: 201 | F84: 18.8 | G84: 5.3 | H84: 11.6 | I84: 0 | J84: ND | K84: ND | L84: Tabla INTA 2018 | M84: — | N84: =B84&" · "&A84 -> Chuleta de cordero · INTA-0077
A85: INTA-0078 | B85: Pulpa de cordero | C85: Carnes y Vísceras | D85: sin documentar | E85: 144 | F85: 20.4 | G85: 4.7 | H85: 4.8 | I85: 0 | J85: ND | K85: ND | L85: Tabla INTA 2018 | M85: — | N85: =B85&" · "&A85 -> Pulpa de cordero · INTA-0078
A86: INTA-0079 | B86: Conejo | C86: Carnes y Vísceras | D86: sin documentar | E86: 109 | F86: 19.4 | G86: 0.8 | H86: 3.1 | I86: 0 | J86: ND | K86: ND | L86: Tabla INTA 2018 | M86: — | N86: =B86&" · "&A86 -> Conejo · INTA-0079
A87: INTA-0080 | B87: Conejo 2 | C87: Carnes y Vísceras | D87: sin documentar | E87: 136 | F87: 20.1 | G87: 0 | H87: 5.6 | I87: 0 | J87: ND | K87: ND | L87: Tabla INTA 2018 | M87: — | N87: =B87&" · "&A87 -> Conejo 2 · INTA-0080
A88: INTA-0081 | B88: Conejo horneado | C88: Carnes y Vísceras | D88: sin documentar | E88: 197 | F88: 29.1 | G88: 0 | H88: 8.1 | I88: 0 | J88: ND | K88: ND | L88: Tabla INTA 2018 | M88: — | N88: =B88&" · "&A88 -> Conejo horneado · INTA-0081
A89: INTA-0082 | B89: Filete | C89: Carnes y Vísceras | D89: sin documentar | E89: 124 | F89: 21.2 | G89: 1.1 | H89: 3.9 | I89: 0 | J89: ND | K89: ND | L89: Tabla INTA 2018 | M89: — | N89: =B89&" · "&A89 -> Filete · INTA-0082
A90: INTA-0083 | B90: Guachalomo | C90: Carnes y Vísceras | D90: sin documentar | E90: 128 | F90: 23.2 | G90: 0.2 | H90: 3.8 | I90: 0 | J90: ND | K90: ND | L90: Tabla INTA 2018 | M90: — | N90: =B90&" · "&A90 -> Guachalomo · INTA-0083
A91: INTA-0084 | B91: Lomo centro marinado | C91: Carnes y Vísceras | D91: sin documentar | E91: 116 | F91: 20.4 | G91: 0.3 | H91: 3.7 | I91: ND | J91: ND | K91: ND | L91: Tabla INTA 2018 | M91: — | N91: =B91&" · "&A91 -> Lomo centro marinado · INTA-0084
A92: INTA-0085 | B92: Lomo liso | C92: Carnes y Vísceras | D92: sin documentar | E92: 145 | F92: 23 | G92: 0.6 | H92: 5.6 | I92: 0 | J92: ND | K92: ND | L92: Tabla INTA 2018 | M92: — | N92: =B92&" · "&A92 -> Lomo liso · INTA-0085
A93: INTA-0086 | B93: Lomo vetado | C93: Carnes y Vísceras | D93: sin documentar | E93: 137 | F93: 21.8 | G93: 1.3 | H93: 4.9 | I93: 0 | J93: ND | K93: ND | L93: Tabla INTA 2018 | M93: — | N93: =B93&" · "&A93 -> Lomo vetado · INTA-0086
A94: INTA-0087 | B94: Asiento picana | C94: Carnes y Vísceras | D94: sin documentar | E94: 123 | F94: 21.4 | G94: 2.4 | H94: 3.1 | I94: 0 | J94: ND | K94: ND | L94: Tabla INTA 2018 | M94: — | N94: =B94&" · "&A94 -> Asiento picana · INTA-0087
A95: INTA-0088 | B95: Plateada | C95: Carnes y Vísceras | D95: sin documentar | E95: 134 | F95: 20.3 | G95: 0.9 | H95: 5.5 | I95: 0 | J95: ND | K95: ND | L95: Tabla INTA 2018 | M95: — | N95: =B95&" · "&A95 -> Plateada · INTA-0088
A96: INTA-0089 | B96: Pollo ganso | C96: Carnes y Vísceras | D96: sin documentar | E96: 116 | F96: 22.2 | G96: 1.1 | H96: 2.5 | I96: 0 | J96: ND | K96: ND | L96: Tabla INTA 2018 | M96: — | N96: =B96&" · "&A96 -> Pollo ganso · INTA-0089
A97: INTA-0090 | B97: Posta negra | C97: Carnes y Vísceras | D97: sin documentar | E97: 130 | F97: 23.6 | G97: 1.8 | H97: 3.1 | I97: 0 | J97: ND | K97: ND | L97: Tabla INTA 2018 | M97: — | N97: =B97&" · "&A97 -> Posta negra · INTA-0090
A98: INTA-0091 | B98: Posta rosada | C98: Carnes y Vísceras | D98: sin documentar | E98: 127 | F98: 21.2 | G98: 4.3 | H98: 2.8 | I98: 0 | J98: ND | K98: ND | L98: Tabla INTA 2018 | M98: — | N98: =B98&" · "&A98 -> Posta rosada · INTA-0091
A99: INTA-0092 | B99: Cazuela de vacuno | C99: Carnes y Vísceras | D99: sin documentar | E99: 145 | F99: 22.3 | G99: 0.8 | H99: 5.8 | I99: 0 | J99: ND | K99: ND | L99: Tabla INTA 2018 | M99: — | N99: =B99&" · "&A99 -> Cazuela de vacuno · INTA-0092
A100: INTA-0093 | B100: Carne vacuno | C100: Carnes y Vísceras | D100: sin documentar | E100: 138 | F100: 23.6 | G100: 1.6 | H100: 3.1 | I100: 0 | J100: ND | K100: ND | L100: Tabla INTA 2018 | M100: — | N100: =B100&" · "&A100 -> Carne vacuno · INTA-0093
A101: INTA-0094 | B101: Carne vacuno 5% MG | C101: Carnes y Vísceras | D101: sin documentar | E101: 174 | F101: 27.3 | G101: 0.6 | H101: 6.4 | I101: 0 | J101: ND | K101: ND | L101: Tabla INTA 2018 | M101: — | N101: =B101&" · "&A101 -> Carne vacuno 5% MG · INTA-0094
A102: INTA-0095 | B102: Carne vacuno 10% MG | C102: Carnes y Vísceras | D102: sin documentar | E102: 176 | F102: 20 | G102: 0 | H102: 10 | I102: 0 | J102: ND | K102: ND | L102: Tabla INTA 2018 | M102: — | N102: =B102&" · "&A102 -> Carne vacuno 10% MG · INTA-0095
A103: INTA-0096 | B103: Guatita de pollo cocido | C103: Carnes y Vísceras | D103: sin documentar | E103: 98 | F103: 14.5 | G103: 0 | H103: 4 | I103: 0 | J103: ND | K103: ND | L103: Tabla INTA 2018 | M103: — | N103: =B103&" · "&A103 -> Guatita de pollo cocido · INTA-0096
A104: INTA-0097 | B104: Molleja o contre de pollo cocido | C104: Carnes y Vísceras | D104: sin documentar | E104: 146 | F104: 27.1 | G104: 1.1 | H104: 3.7 | I104: ND | J104: ND | K104: ND | L104: Tabla INTA 2018 | M104: — | N104: =B104&" · "&A104 -> Molleja o contre de pollo cocido · INTA-0097
...

Sheet MENU_SEMANAL
A1: MENU_SEMANAL · SELECCIÓN DE ALIMENTOS POR DÍA
A2: Construya cada día eligiendo alimentos concretos y gramos. La energía y los macronutrientes se calculan solos. Cada día es independiente.
A3: INICIO | B3: DATOS | C3: DIETOSINTESIS | D3: DISTRIBUCION | E3: MENU_SEMANAL | F3: SEMANA | H3: RESULTADOS | J3: FUENTES | L3: PRUEBAS | N3: CONFIG | P3: CHANGELOG
A4: CÓMO USAR ESTA HOJA
A5: 1) Elija el Día · 2) el Tiempo de comida · 3) el Grupo · 4) el Alimento (la lista se filtra por grupo) · 5) la Modalidad y los gramos (o porciones) · 6) revise el aporte calculado a la derecha · 7) consulte los totales en SEMANA y RESULTADOS. Las celdas arena son editables; las grises se calculan solas.
A8: Día | B8: Tiempo de comida | C8: Grupo | D8: Alimento | E8: Modalidad | F8: N° porciones | G8: Cantidad en gramos | H8: Energía/100 g | I8: Prot./100 g | J8: H de C/100 g | K8: Líp./100 g | L8: Fibra/100 g | M8: Energía aportada | N8: Prot. aportada | O8: H de C aportado | P8: Líp. aportado | Q8: Fibra aportada | R8: Observación / control | S8: m | T8: rango | U8: g_efect
A9: Lunes | B9: Desayuno | C9: Verduras y hortalizas | D9: Seso cocido · INTA-0137 | E9: Gramos | G9: 269 | H9: =IF(OR($S9="",$S9="NF"),"",INDEX(b_ener,$S9)) -> 151 | I9: =IF(OR($S9="",$S9="NF"),"",INDEX(b_prot,$S9)) -> 11.7 | J9: =IF(OR($S9="",$S9="NF"),"",INDEX(b_hc,$S9)) -> 1.5 | K9: =IF(OR($S9="",$S9="NF"),"",INDEX(b_lip,$S9)) -> 10.5 | L9: =IF(OR($S9="",$S9="NF"),"",INDEX(b_fib,$S9)) -> 0 | M9: =IF(OR(NOT(ISNUMBER($U9)),NOT(ISNUMBER($H9))),"",ROUND($U9*$H9/100,1)) -> 406.2 | N9: =IF(OR(NOT(ISNUMBER($U9)),NOT(ISNUMBER($I9))),"",ROUND($U9*$I9/100,2)) -> 31.47 | O9: =IF(OR(NOT(ISNUMBER($U9)),NOT(ISNUMBER($J9))),"",ROUND($U9*$J9/100,2)) -> 4.04 | P9: =IF(OR(NOT(ISNUMBER($U9)),NOT(ISNUMBER($K9))),"",ROUND($U9*$K9/100,2)) -> 28.25 | Q9: =IF(OR(NOT(ISNUMBER($U9)),NOT(ISNUMBER($L9))),"",ROUND($U9*$L9/100,2)) -> 0 | R9: =IF($D9="","",IF($S9="NF","Alimento no encontrado",IF(AND($E9="Porciones",NOT(ISNUMBER($U9))),"Porción no documentada: use gramos",IF(NOT(ISNUMBER($U9)),"Ingrese los gramos",IF(OR($H9="ND",$I9="ND",$J9="ND",$K9="ND",$L9="ND"),"Dato incompleto (ND): el total puede subestimar","OK"))))) -> OK | S9: =IF(OR($D9="",$D9=0),"",IFERROR(MATCH($D9,b_key,0),"NF")) -> 137 | T9: =IF($C9="","fg_all",IFERROR(VLOOKUP($C9,grp_map,2,0),"fg_all")) -> fg_10 | U9: =IF(OR($D9="",$S9="NF",$S9=""),"",IF($E9="Porciones",IF(AND(ISNUMBER($F9),ISNUMBER(INDEX(b_porcg,$S9))),$F9*INDEX(b_porcg,$S9),"ND"),$G9)) -> 269
A10: Lunes | B10: Colación AM | C10: Especias | D10: Merkén · INTA-0548 | E10: Gramos | G10: 260 | H10: =IF(OR($S10="",$S10="NF"),"",INDEX(b_ener,$S10)) -> 156 | I10: =IF(OR($S10="",$S10="NF"),"",INDEX(b_prot,$S10)) -> 10.2 | J10: =IF(OR($S10="",$S10="NF"),"",INDEX(b_hc,$S10)) -> 20.5 | K10: =IF(OR($S10="",$S10="NF"),"",INDEX(b_lip,$S10)) -> 3.6 | L10: =IF(OR($S10="",$S10="NF"),"",INDEX(b_fib,$S10)) -> 32.3 | M10: =IF(OR(NOT(ISNUMBER($U10)),NOT(ISNUMBER($H10))),"",ROUND($U10*$H10/100,1)) -> 405.6 | N10: =IF(OR(NOT(ISNUMBER($U10)),NOT(ISNUMBER($I10))),"",ROUND($U10*$I10/100,2)) -> 26.52 | O10: =IF(OR(NOT(ISNUMBER($U10)),NOT(ISNUMBER($J10))),"",ROUND($U10*$J10/100,2)) -> 53.3 | P10: =IF(OR(NOT(ISNUMBER($U10)),NOT(ISNUMBER($K10))),"",ROUND($U10*$K10/100,2)) -> 9.36 | Q10: =IF(OR(NOT(ISNUMBER($U10)),NOT(ISNUMBER($L10))),"",ROUND($U10*$L10/100,2)) -> 83.98 | R10: =IF($D10="","",IF($S10="NF","Alimento no encontrado",IF(AND($E10="Porciones",NOT(ISNUMBER($U10))),"Porción no documentada: use gramos",IF(NOT(ISNUMBER($U10)),"Ingrese los gramos",IF(OR($H10="ND",$I10="ND",$J10="ND",$K10="ND",$L10="ND"),"Dato incompleto (ND): el total puede subestimar","OK"))))) -> OK | S10: =IF(OR($D10="",$D10=0),"",IFERROR(MATCH($D10,b_key,0),"NF")) -> 548 | T10: =IF($C10="","fg_all",IFERROR(VLOOKUP($C10,grp_map,2,0),"fg_all")) -> fg_21 | U10: =IF(OR($D10="",$S10="NF",$S10=""),"",IF($E10="Porciones",IF(AND(ISNUMBER($F10),ISNUMBER(INDEX(b_porcg,$S10))),$F10*INDEX(b_porcg,$S10),"ND"),$G10)) -> 260
A11: Lunes | B11: Almuerzo | C11: Carnes y Vísceras | D11: Ubre · INTA-0111 | E11: Gramos | G11: 250 | H11: =IF(OR($S11="",$S11="NF"),"",INDEX(b_ener,$S11)) -> 162 | I11: =IF(OR($S11="",$S11="NF"),"",INDEX(b_prot,$S11)) -> 11.2 | J11: =IF(OR($S11="",$S11="NF"),"",INDEX(b_hc,$S11)) -> 1 | K11: =IF(OR($S11="",$S11="NF"),"",INDEX(b_lip,$S11)) -> 12.6 | L11: =IF(OR($S11="",$S11="NF"),"",INDEX(b_fib,$S11)) -> 0 | M11: =IF(OR(NOT(ISNUMBER($U11)),NOT(ISNUMBER($H11))),"",ROUND($U11*$H11/100,1)) -> 405 | N11: =IF(OR(NOT(ISNUMBER($U11)),NOT(ISNUMBER($I11))),"",ROUND($U11*$I11/100,2)) -> 28 | O11: =IF(OR(NOT(ISNUMBER($U11)),NOT(ISNUMBER($J11))),"",ROUND($U11*$J11/100,2)) -> 2.5 | P11: =IF(OR(NOT(ISNUMBER($U11)),NOT(ISNUMBER($K11))),"",ROUND($U11*$K11/100,2)) -> 31.5 | Q11: =IF(OR(NOT(ISNUMBER($U11)),NOT(ISNUMBER($L11))),"",ROUND($U11*$L11/100,2)) -> 0 | R11: =IF($D11="","",IF($S11="NF","Alimento no encontrado",IF(AND($E11="Porciones",NOT(ISNUMBER($U11))),"Porción no documentada: use gramos",IF(NOT(ISNUMBER($U11)),"Ingrese los gramos",IF(OR($H11="ND",$I11="ND",$J11="ND",$K11="ND",$L11="ND"),"Dato incompleto (ND): el total puede subestimar","OK"))))) -> OK | S11: =IF(OR($D11="",$D11=0),"",IFERROR(MATCH($D11,b_key,0),"NF")) -> 111 | T11: =IF($C11="","fg_all",IFERROR(VLOOKUP($C11,grp_map,2,0),"fg_all")) -> fg_03 | U11: =IF(OR($D11="",$S11="NF",$S11=""),"",IF($E11="Porciones",IF(AND(ISNUMBER($F11),ISNUMBER(INDEX(b_porcg,$S11))),$F11*INDEX(b_porcg,$S11),"ND"),$G11)) -> 250
A12: Lunes | B12: Once | C12: Carnes y Vísceras | D12: Carne vacuno 5% MG · INTA-0094 | E12: Gramos | G12: 233 | H12: =IF(OR($S12="",$S12="NF"),"",INDEX(b_ener,$S12)) -> 174 | I12: =IF(OR($S12="",$S12="NF"),"",INDEX(b_prot,$S12)) -> 27.3 | J12: =IF(OR($S12="",$S12="NF"),"",INDEX(b_hc,$S12)) -> 0.6 | K12: =IF(OR($S12="",$S12="NF"),"",INDEX(b_lip,$S12)) -> 6.4 | L12: =IF(OR($S12="",$S12="NF"),"",INDEX(b_fib,$S12)) -> 0 | M12: =IF(OR(NOT(ISNUMBER($U12)),NOT(ISNUMBER($H12))),"",ROUND($U12*$H12/100,1)) -> 405.4 | N12: =IF(OR(NOT(ISNUMBER($U12)),NOT(ISNUMBER($I12))),"",ROUND($U12*$I12/100,2)) -> 63.61 | O12: =IF(OR(NOT(ISNUMBER($U12)),NOT(ISNUMBER($J12))),"",ROUND($U12*$J12/100,2)) -> 1.4 | P12: =IF(OR(NOT(ISNUMBER($U12)),NOT(ISNUMBER($K12))),"",ROUND($U12*$K12/100,2)) -> 14.91 | Q12: =IF(OR(NOT(ISNUMBER($U12)),NOT(ISNUMBER($L12))),"",ROUND($U12*$L12/100,2)) -> 0 | R12: =IF($D12="","",IF($S12="NF","Alimento no encontrado",IF(AND($E12="Porciones",NOT(ISNUMBER($U12))),"Porción no documentada: use gramos",IF(NOT(ISNUMBER($U12)),"Ingrese los gramos",IF(OR($H12="ND",$I12="ND",$J12="ND",$K12="ND",$L12="ND"),"Dato incompleto (ND): el total puede subestimar","OK"))))) -> OK | S12: =IF(OR($D12="",$D12=0),"",IFERROR(MATCH($D12,b_key,0),"NF")) -> 94 | T12: =IF($C12="","fg_all",IFERROR(VLOOKUP($C12,grp_map,2,0),"fg_all")) -> fg_03 | U12: =IF(OR($D12="",$S12="NF",$S12=""),"",IF($E12="Porciones",IF(AND(ISNUMBER($F12),ISNUMBER(INDEX(b_porcg,$S12))),$F12*INDEX(b_porcg,$S12),"ND"),$G12)) -> 233
A13: Lunes | B13: Cena | C13: semillas, almendras y nueces | D13: Chía · INTA-0223 | E13: Gramos | G13: 100 | H13: =IF(OR($S13="",$S13="NF"),"",INDEX(b_ener,$S13)) -> 486 | I13: =IF(OR($S13="",$S13="NF"),"",INDEX(b_prot,$S13)) -> 16.5 | J13: =IF(OR($S13="",$S13="NF"),"",INDEX(b_hc,$S13)) -> 7.7 | K13: =IF(OR($S13="",$S13="NF"),"",INDEX(b_lip,$S13)) -> 30.7 | L13: =IF(OR($S13="",$S13="NF"),"",INDEX(b_fib,$S13)) -> 34.4 | M13: =IF(OR(NOT(ISNUMBER($U13)),NOT(ISNUMBER($H13))),"",ROUND($U13*$H13/100,1)) -> 486 | N13: =IF(OR(NOT(ISNUMBER($U13)),NOT(ISNUMBER($I13))),"",ROUND($U13*$I13/100,2)) -> 16.5 | O13: =IF(OR(NOT(ISNUMBER($U13)),NOT(ISNUMBER($J13))),"",ROUND($U13*$J13/100,2)) -> 7.7 | P13: =IF(OR(NOT(ISNUMBER($U13)),NOT(ISNUMBER($K13))),"",ROUND($U13*$K13/100,2)) -> 30.7 | Q13: =IF(OR(NOT(ISNUMBER($U13)),NOT(ISNUMBER($L13))),"",ROUND($U13*$L13/100,2)) -> 34.4 | R13: =IF($D13="","",IF($S13="NF","Alimento no encontrado",IF(AND($E13="Porciones",NOT(ISNUMBER($U13))),"Porción no documentada: use gramos",IF(NOT(ISNUMBER($U13)),"Ingrese los gramos",IF(OR($H13="ND",$I13="ND",$J13="ND",$K13="ND",$L13="ND"),"Dato incompleto (ND): el total puede subestimar","OK"))))) -> OK | S13: =IF(OR($D13="",$D13=0),"",IFERROR(MATCH($D13,b_key,0),"NF")) -> 223 | T13: =IF($C13="","fg_all",IFERROR(VLOOKUP($C13,grp_map,2,0),"fg_all")) -> fg_06 | U13: =IF(OR($D13="",$S13="NF",$S13=""),"",IF($E13="Porciones",IF(AND(ISNUMBER($F13),ISNUMBER(INDEX(b_porcg,$S13))),$F13*INDEX(b_porcg,$S13),"ND"),$G13)) -> 100
A14: Martes | B14: Desayuno | C14: Pescados y mariscos | D14: Trucha congelada · INTA-0184 | E14: Gramos | G14: 210 | H14: =IF(OR($S14="",$S14="NF"),"",INDEX(b_ener,$S14)) -> 189 | I14: =IF(OR($S14="",$S14="NF"),"",INDEX(b_prot,$S14)) -> 19.5 | J14: =IF(OR($S14="",$S14="NF"),"",INDEX(b_hc,$S14)) -> 1.1 | K14: =IF(OR($S14="",$S14="NF"),"",INDEX(b_lip,$S14)) -> 11.9 | L14: =IF(OR($S14="",$S14="NF"),"",INDEX(b_fib,$S14)) -> 0 | M14: =IF(OR(NOT(ISNUMBER($U14)),NOT(ISNUMBER($H14))),"",ROUND($U14*$H14/100,1)) -> 396.9 | N14: =IF(OR(NOT(ISNUMBER($U14)),NOT(ISNUMBER($I14))),"",ROUND($U14*$I14/100,2)) -> 40.95 | O14: =IF(OR(NOT(ISNUMBER($U14)),NOT(ISNUMBER($J14))),"",ROUND($U14*$J14/100,2)) -> 2.31 | P14: =IF(OR(NOT(ISNUMBER($U14)),NOT(ISNUMBER($K14))),"",ROUND($U14*$K14/100,2)) -> 24.99 | Q14: =IF(OR(NOT(ISNUMBER($U14)),NOT(ISNUMBER($L14))),"",ROUND($U14*$L14/100,2)) -> 0 | R14: =IF($D14="","",IF($S14="NF","Alimento no encontrado",IF(AND($E14="Porciones",NOT(ISNUMBER($U14))),"Porción no documentada: use gramos",IF(NOT(ISNUMBER($U14)),"Ingrese los gramos",IF(OR($H14="ND",$I14="ND",$J14="ND",$K14="ND",$L14="ND"),"Dato incompleto (ND): el total puede subestimar","OK"))))) -> OK | S14: =IF(OR($D14="",$D14=0),"",IFERROR(MATCH($D14,b_key,0),"NF")) -> 184 | T14: =IF($C14="","fg_all",IFERROR(VLOOKUP($C14,grp_map,2,0),"fg_all")) -> fg_04 | U14: =IF(OR($D14="",$S14="NF",$S14=""),"",IF($E14="Porciones",IF(AND(ISNUMBER($F14),ISNUMBER(INDEX(b_porcg,$S14))),$F14*INDEX(b_porcg,$S14),"ND"),$G14)) -> 210
A15: Martes | B15: Colación AM | C15: Pescados y mariscos | D15: Atún conserva en aceite · INTA-0165 | E15: Gramos | G15: 200 | H15: =IF(OR($S15="",$S15="NF"),"",INDEX(b_ener,$S15)) -> 198 | I15: =IF(OR($S15="",$S15="NF"),"",INDEX(b_prot,$S15)) -> 29.1 | J15: =IF(OR($S15="",$S15="NF"),"",INDEX(b_hc,$S15)) -> 0 | K15: =IF(OR($S15="",$S15="NF"),"",INDEX(b_lip,$S15)) -> 8.2 | L15: =IF(OR($S15="",$S15="NF"),"",INDEX(b_fib,$S15)) -> 0 | M15: =IF(OR(NOT(ISNUMBER($U15)),NOT(ISNUMBER($H15))),"",ROUND($U15*$H15/100,1)) -> 396 | N15: =IF(OR(NOT(ISNUMBER($U15)),NOT(ISNUMBER($I15))),"",ROUND($U15*$I15/100,2)) -> 58.2 | O15: =IF(OR(NOT(ISNUMBER($U15)),NOT(ISNUMBER($J15))),"",ROUND($U15*$J15/100,2)) -> 0 | P15: =IF(OR(NOT(ISNUMBER($U15)),NOT(ISNUMBER($K15))),"",ROUND($U15*$K15/100,2)) -> 16.4 | Q15: =IF(OR(NOT(ISNUMBER($U15)),NOT(ISNUMBER($L15))),"",ROUND($U15*$L15/100,2)) -> 0 | R15: =IF($D15="","",IF($S15="NF","Alimento no encontrado",IF(AND($E15="Porciones",NOT(ISNUMBER($U15))),"Porción no documentada: use gramos",IF(NOT(ISNUMBER($U15)),"Ingrese los gramos",IF(OR($H15="ND",$I15="ND",$J15="ND",$K15="ND",$L15="ND"),"Dato incompleto (ND): el total puede subestimar","OK"))))) -> OK | S15: =IF(OR($D15="",$D15=0),"",IFERROR(MATCH($D15,b_key,0),"NF")) -> 165 | T15: =IF($C15="","fg_all",IFERROR(VLOOKUP($C15,grp_map,2,0),"fg_all")) -> fg_04 | U15: =IF(OR($D15="",$S15="NF",$S15=""),"",IF($E15="Porciones",IF(AND(ISNUMBER($F15),ISNUMBER(INDEX(b_porcg,$S15))),$F15*INDEX(b_porcg,$S15),"ND"),$G15)) -> 200
A16: Martes | B16: Almuerzo | C16: Carnes y Vísceras | D16: Pato cocido · INTA-0063 | E16: Gramos | G16: 197 | H16: =IF(OR($S16="",$S16="NF"),"",INDEX(b_ener,$S16)) -> 201 | I16: =IF(OR($S16="",$S16="NF"),"",INDEX(b_prot,$S16)) -> 23.5 | J16: =IF(OR($S16="",$S16="NF"),"",INDEX(b_hc,$S16)) -> 0 | K16: =IF(OR($S16="",$S16="NF"),"",INDEX(b_lip,$S16)) -> 11.2 | L16: =IF(OR($S16="",$S16="NF"),"",INDEX(b_fib,$S16)) -> 0 | M16: =IF(OR(NOT(ISNUMBER($U16)),NOT(ISNUMBER($H16))),"",ROUND($U16*$H16/100,1)) -> 396 | N16: =IF(OR(NOT(ISNUMBER($U16)),NOT(ISNUMBER($I16))),"",ROUND($U16*$I16/100,2)) -> 46.3 | O16: =IF(OR(NOT(ISNUMBER($U16)),NOT(ISNUMBER($J16))),"",ROUND($U16*$J16/100,2)) -> 0 | P16: =IF(OR(NOT(ISNUMBER($U16)),NOT(ISNUMBER($K16))),"",ROUND($U16*$K16/100,2)) -> 22.06 | Q16: =IF(OR(NOT(ISNUMBER($U16)),NOT(ISNUMBER($L16))),"",ROUND($U16*$L16/100,2)) -> 0 | R16: =IF($D16="","",IF($S16="NF","Alimento no encontrado",IF(AND($E16="Porciones",NOT(ISNUMBER($U16))),"Porción no documentada: use gramos",IF(NOT(ISNUMBER($U16)),"Ingrese los gramos",IF(OR($H16="ND",$I16="ND",$J16="ND",$K16="ND",$L16="ND"),"Dato incompleto (ND): el total puede subestimar","OK"))))) -> OK | S16: =IF(OR($D16="",$D16=0),"",IFERROR(MATCH($D16,b_key,0),"NF")) -> 63 | T16: =IF($C16="","fg_all",IFERROR(VLOOKUP($C16,grp_map,2,0),"fg_all")) -> fg_03 | U16: =IF(OR($D16="",$S16="NF",$S16=""),"",IF($E16="Porciones",IF(AND(ISNUMBER($F16),ISNUMBER(INDEX(b_porcg,$S16))),$F16*INDEX(b_porcg,$S16),"ND"),$G16)) -> 197
A17: Martes | B17: Once | C17: Carnes y Vísceras | D17: Higado de vacuno cocido · INTA-0108 | E17: Gramos | G17: 187 | H17: =IF(OR($S17="",$S17="NF"),"",INDEX(b_ener,$S17)) -> 191 | I17: =IF(OR($S17="",$S17="NF"),"",INDEX(b_prot,$S17)) -> 29.1 | J17: =IF(OR($S17="",$S17="NF"),"",INDEX(b_hc,$S17)) -> 5.1 | K17: =IF(OR($S17="",$S17="NF"),"",INDEX(b_lip,$S17)) -> 5.3 | L17: =IF(OR($S17="",$S17="NF"),"",INDEX(b_fib,$S17)) -> 0 | M17: =IF(OR(NOT(ISNUMBER($U17)),NOT(ISNUMBER($H17))),"",ROUND($U17*$H17/100,1)) -> 357.2 | N17: =IF(OR(NOT(ISNUMBER($U17)),NOT(ISNUMBER($I17))),"",ROUND($U17*$I17/100,2)) -> 54.42 | O17: =IF(OR(NOT(ISNUMBER($U17)),NOT(ISNUMBER($J17))),"",ROUND($U17*$J17/100,2)) -> 9.54 | P17: =IF(OR(NOT(ISNUMBER($U17)),NOT(ISNUMBER($K17))),"",ROUND($U17*$K17/100,2)) -> 9.91 | Q17: =IF(OR(NOT(ISNUMBER($U17)),NOT(ISNUMBER($L17))),"",ROUND($U17*$L17/100,2)) -> 0 | R17: =IF($D17="","",IF($S17="NF","Alimento no encontrado",IF(AND($E17="Porciones",NOT(ISNUMBER($U17))),"Porción no documentada: use gramos",IF(NOT(ISNUMBER($U17)),"Ingrese los gramos",IF(OR($H17="ND",$I17="ND",$J17="ND",$K17="ND",$L17="ND"),"Dato incompleto (ND): el total puede subestimar","OK"))))) -> OK | S17: =IF(OR($D17="",$D17=0),"",IFERROR(MATCH($D17,b_key,0),"NF")) -> 108 | T17: =IF($C17="","fg_all",IFERROR(VLOOKUP($C17,grp_map,2,0),"fg_all")) -> fg_03 | U17: =IF(OR($D17="",$S17="NF",$S17=""),"",IF($E17="Porciones",IF(AND(ISNUMBER($F17),ISNUMBER(INDEX(b_porcg,$S17))),$F17*INDEX(b_porcg,$S17),"ND"),$G17)) -> 187
A18: Martes | B18: Cena | C18: platos preparados | D18: Puré manzana plátano · INTA-0579 | E18: Gramos | G18: 174.65 | H18: =IF(OR($S18="",$S18="NF"),"",INDEX(b_ener,$S18)) -> 58 | I18: =IF(OR($S18="",$S18="NF"),"",INDEX(b_prot,$S18)) -> 0.4 | J18: =IF(OR($S18="",$S18="NF"),"",INDEX(b_hc,$S18)) -> 13.8 | K18: =IF(OR($S18="",$S18="NF"),"",INDEX(b_lip,$S18)) -> 0.1 | L18: =IF(OR($S18="",$S18="NF"),"",INDEX(b_fib,$S18)) -> 1.4 | M18: =IF(OR(NOT(ISNUMBER($U18)),NOT(ISNUMBER($H18))),"",ROUND($U18*$H18/100,1)) -> 101.3 | N18: =IF(OR(NOT(ISNUMBER($U18)),NOT(ISNUMBER($I18))),"",ROUND($U18*$I18/100,2)) -> 0.7 | O18: =IF(OR(NOT(ISNUMBER($U18)),NOT(ISNUMBER($J18))),"",ROUND($U18*$J18/100,2)) -> 24.1 | P18: =IF(OR(NOT(ISNUMBER($U18)),NOT(ISNUMBER($K18))),"",ROUND($U18*$K18/100,2)) -> 0.17 | Q18: =IF(OR(NOT(ISNUMBER($U18)),NOT(ISNUMBER($L18))),"",ROUND($U18*$L18/100,2)) -> 2.45 | R18: =IF($D18="","",IF($S18="NF","Alimento no encontrado",IF(AND($E18="Porciones",NOT(ISNUMBER($U18))),"Porción no documentada: use gramos",IF(NOT(ISNUMBER($U18)),"Ingrese los gramos",IF(OR($H18="ND",$I18="ND",$J18="ND",$K18="ND",$L18="ND"),"Dato incompleto (ND): el total puede subestimar","OK"))))) -> OK | S18: =IF(OR($D18="",$D18=0),"",IFERROR(MATCH($D18,b_key,0),"NF")) -> 579 | T18: =IF($C18="","fg_all",IFERROR(VLOOKUP($C18,grp_map,2,0),"fg_all")) -> fg_23 | U18: =IF(OR($D18="",$S18="NF",$S18=""),"",IF($E18="Porciones",IF(AND(ISNUMBER($F18),ISNUMBER(INDEX(b_porcg,$S18))),$F18*INDEX(b_porcg,$S18),"ND"),$G18)) -> 174.65
A19: Miércoles | B19: Desayuno | C19: Carnes y Vísceras | D19: Tocino · INTA-0138 | E19: Gramos | G19: 179 | H19: =IF(OR($S19="",$S19="NF"),"",INDEX(b_ener,$S19)) -> 517 | I19: =IF(OR($S19="",$S19="NF"),"",INDEX(b_prot,$S19)) -> 29.1 | J19: =IF(OR($S19="",$S19="NF"),"",INDEX(b_hc,$S19)) -> 0.8 | K19: =IF(OR($S19="",$S19="NF"),"",INDEX(b_lip,$S19)) -> 44.2 | L19: =IF(OR($S19="",$S19="NF"),"",INDEX(b_fib,$S19)) -> 0 | M19: =IF(OR(NOT(ISNUMBER($U19)),NOT(ISNUMBER($H19))),"",ROUND($U19*$H19/100,1)) -> 925.4 | N19: =IF(OR(NOT(ISNUMBER($U19)),NOT(ISNUMBER($I19))),"",ROUND($U19*$I19/100,2)) -> 52.09 | O19: =IF(OR(NOT(ISNUMBER($U19)),NOT(ISNUMBER($J19))),"",ROUND($U19*$J19/100,2)) -> 1.43 | P19: =IF(OR(NOT(ISNUMBER($U19)),NOT(ISNUMBER($K19))),"",ROUND($U19*$K19/100,2)) -> 79.12 | Q19: =IF(OR(NOT(ISNUMBER($U19)),NOT(ISNUMBER($L19))),"",ROUND($U19*$L19/100,2)) -> 0 | R19: =IF($D19="","",IF($S19="NF","Alimento no encontrado",IF(AND($E19="Porciones",NOT(ISNUMBER($U19))),"Porción no documentada: use gramos",IF(NOT(ISNUMBER($U19)),"Ingrese los gramos",IF(OR($H19="ND",$I19="ND",$J19="ND",$K19="ND",$L19="ND"),"Dato incompleto (ND): el total puede subestimar","OK"))))) -> OK | S19: =IF(OR($D19="",$D19=0),"",IFERROR(MATCH($D19,b_key,0),"NF")) -> 138 | T19: =IF($C19="","fg_all",IFERROR(VLOOKUP($C19,grp_map,2,0),"fg_all")) -> fg_03 | U19: =IF(OR($D19="",$S19="NF",$S19=""),"",IF($E19="Porciones",IF(AND(ISNUMBER($F19),ISNUMBER(INDEX(b_porcg,$S19))),$F19*INDEX(b_porcg,$S19),"ND"),$G19)) -> 179
A20: Miércoles | B20: Colación AM | C20: cereales y derivados | D20: Pan molde 2 · INTA-0238 | E20: Gramos | G20: 172 | H20: =IF(OR($S20="",$S20="NF"),"",INDEX(b_ener,$S20)) -> 244 | I20: =IF(OR($S20="",$S20="NF"),"",INDEX(b_prot,$S20)) -> 8.1 | J20: =IF(OR($S20="",$S20="NF"),"",INDEX(b_hc,$S20)) -> 49.9 | K20: =IF(OR($S20="",$S20="NF"),"",INDEX(b_lip,$S20)) -> 1.4 | L20: =IF(OR($S20="",$S20="NF"),"",INDEX(b_fib,$S20)) -> 3.3 | M20: =IF(OR(NOT(ISNUMBER($U20)),NOT(ISNUMBER($H20))),"",ROUND($U20*$H20/100,1)) -> 419.7 | N20: =IF(OR(NOT(ISNUMBER($U20)),NOT(ISNUMBER($I20))),"",ROUND($U20*$I20/100,2)) -> 13.93 | O20: =IF(OR(NOT(ISNUMBER($U20)),NOT(ISNUMBER($J20))),"",ROUND($U20*$J20/100,2)) -> 85.83 | P20: =IF(OR(NOT(ISNUMBER($U20)),NOT(ISNUMBER($K20))),"",ROUND($U20*$K20/100,2)) -> 2.41 | Q20: =IF(OR(NOT(ISNUMBER($U20)),NOT(ISNUMBER($L20))),"",ROUND($U20*$L20/100,2)) -> 5.68 | R20: =IF($D20="","",IF($S20="NF","Alimento no encontrado",IF(AND($E20="Porciones",NOT(ISNUMBER($U20))),"Porción no documentada: use gramos",IF(NOT(ISNUMBER($U20)),"Ingrese los gramos",IF(OR($H20="ND",$I20="ND",$J20="ND",$K20="ND",$L20="ND"),"Dato incompleto (ND): el total puede subestimar","OK"))))) -> OK | S20: =IF(OR($D20="",$D20=0),"",IFERROR(MATCH($D20,b_key,0),"NF")) -> 238 | T20: =IF($C20="","fg_all",IFERROR(VLOOKUP($C20,grp_map,2,0),"fg_all")) -> fg_07 | U20: =IF(OR($D20="",$S20="NF",$S20=""),"",IF($E20="Porciones",IF(AND(ISNUMBER($F20),ISNUMBER(INDEX(b_porcg,$S20))),$F20*INDEX(b_porcg,$S20),"ND"),$G20)) -> 172
... A43: Domingo | B43: Cena | C43: Especias | D43: Ajo en polvo · INTA-0528 | E43: Gramos | G43: 109.92 | H43: =IF(OR($S43="",$S43="NF"),"",INDEX(b_ener,$S43)) -> 331 | I43: =IF(OR($S43="",$S43="NF"),"",INDEX(b_prot,$S43)) -> 16.6 | J43: =IF(OR($S43="",$S43="NF"),"",INDEX(b_hc,$S43)) -> 63.7 | K43: =IF(OR($S43="",$S43="NF"),"",INDEX(b_lip,$S43)) -> 0.7 | L43: =IF(OR($S43="",$S43="NF"),"",INDEX(b_fib,$S43)) -> 9 | M43: =IF(OR(NOT(ISNUMBER($U43)),NOT(ISNUMBER($H43))),"",ROUND($U43*$H43/100,1)) -> 363.8 | N43: =IF(OR(NOT(ISNUMBER($U43)),NOT(ISNUMBER($I43))),"",ROUND($U43*$I43/100,2)) -> 18.25 | O43: =IF(OR(NOT(ISNUMBER($U43)),NOT(ISNUMBER($J43))),"",ROUND($U43*$J43/100,2)) -> 70.02 | P43: =IF(OR(NOT(ISNUMBER($U43)),NOT(ISNUMBER($K43))),"",ROUND($U43*$K43/100,2)) -> 0.77 | Q43: =IF(OR(NOT(ISNUMBER($U43)),NOT(ISNUMBER($L43))),"",ROUND($U43*$L43/100,2)) -> 9.89 | R43: =IF($D43="","",IF($S43="NF","Alimento no encontrado",IF(AND($E43="Porciones",NOT(ISNUMBER($U43))),"Porción no documentada: use gramos",IF(NOT(ISNUMBER($U43)),"Ingrese los gramos",IF(OR($H43="ND",$I43="ND",$J43="ND",$K43="ND",$L43="ND"),"Dato incompleto (ND): el total puede subestimar","OK"))))) -> OK | S43: =IF(OR($D43="",$D43=0),"",IFERROR(MATCH($D43,b_key,0),"NF")) -> 528 | T43: =IF($C43="","fg_all",IFERROR(VLOOKUP($C43,grp_map,2,0),"fg_all")) -> fg_21 | U43: =IF(OR($D43="",$S43="NF",$S43=""),"",IF($E43="Porciones",IF(AND(ISNUMBER($F43),ISNUMBER(INDEX(b_porcg,$S43))),$F43*INDEX(b_porcg,$S43),"ND"),$G43)) -> 109.92
H44: =IF(OR($S44="",$S44="NF"),"",INDEX(b_ener,$S44)) | I44: =IF(OR($S44="",$S44="NF"),"",INDEX(b_prot,$S44)) | J44: =IF(OR($S44="",$S44="NF"),"",INDEX(b_hc,$S44)) | K44: =IF(OR($S44="",$S44="NF"),"",INDEX(b_lip,$S44)) | L44: =IF(OR($S44="",$S44="NF"),"",INDEX(b_fib,$S44)) | M44: =IF(OR(NOT(ISNUMBER($U44)),NOT(ISNUMBER($H44))),"",ROUND($U44*$H44/100,1)) | N44: =IF(OR(NOT(ISNUMBER($U44)),NOT(ISNUMBER($I44))),"",ROUND($U44*$I44/100,2)) | O44: =IF(OR(NOT(ISNUMBER($U44)),NOT(ISNUMBER($J44))),"",ROUND($U44*$J44/100,2)) | P44: =IF(OR(NOT(ISNUMBER($U44)),NOT(ISNUMBER($K44))),"",ROUND($U44*$K44/100,2)) | Q44: =IF(OR(NOT(ISNUMBER($U44)),NOT(ISNUMBER($L44))),"",ROUND($U44*$L44/100,2)) | R44: =IF($D44="","",IF($S44="NF","Alimento no encontrado",IF(AND($E44="Porciones",NOT(ISNUMBER($U44))),"Porción no documentada: use gramos",IF(NOT(ISNUMBER($U44)),"Ingrese los gramos",IF(OR($H44="ND",$I44="ND",$J44="ND",$K44="ND",$L44="ND"),"Dato incompleto (ND): el total puede subestimar","OK"))))) | S44: =IF(OR($D44="",$D44=0),"",IFERROR(MATCH($D44,b_key,0),"NF")) | T44: =IF($C44="","fg_all",IFERROR(VLOOKUP($C44,grp_map,2,0),"fg_all")) -> fg_all | U44: =IF(OR($D44="",$S44="NF",$S44=""),"",IF($E44="Porciones",IF(AND(ISNUMBER($F44),ISNUMBER(INDEX(b_porcg,$S44))),$F44*INDEX(b_porcg,$S44),"ND"),$G44))
H45: =IF(OR($S45="",$S45="NF"),"",INDEX(b_ener,$S45)) | I45: =IF(OR($S45="",$S45="NF"),"",INDEX(b_prot,$S45)) | J45: =IF(OR($S45="",$S45="NF"),"",INDEX(b_hc,$S45)) | K45: =IF(OR($S45="",$S45="NF"),"",INDEX(b_lip,$S45)) | L45: =IF(OR($S45="",$S45="NF"),"",INDEX(b_fib,$S45)) | M45: =IF(OR(NOT(ISNUMBER($U45)),NOT(ISNUMBER($H45))),"",ROUND($U45*$H45/100,1)) | N45: =IF(OR(NOT(ISNUMBER($U45)),NOT(ISNUMBER($I45))),"",ROUND($U45*$I45/100,2)) | O45: =IF(OR(NOT(ISNUMBER($U45)),NOT(ISNUMBER($J45))),"",ROUND($U45*$J45/100,2)) | P45: =IF(OR(NOT(ISNUMBER($U45)),NOT(ISNUMBER($K45))),"",ROUND($U45*$K45/100,2)) | Q45: =IF(OR(NOT(ISNUMBER($U45)),NOT(ISNUMBER($L45))),"",ROUND($U45*$L45/100,2)) | R45: =IF($D45="","",IF($S45="NF","Alimento no encontrado",IF(AND($E45="Porciones",NOT(ISNUMBER($U45))),"Porción no documentada: use gramos",IF(NOT(ISNUMBER($U45)),"Ingrese los gramos",IF(OR($H45="ND",$I45="ND",$J45="ND",$K45="ND",$L45="ND"),"Dato incompleto (ND): el total puede subestimar","OK"))))) | S45: =IF(OR($D45="",$D45=0),"",IFERROR(MATCH($D45,b_key,0),"NF")) | T45: =IF($C45="","fg_all",IFERROR(VLOOKUP($C45,grp_map,2,0),"fg_all")) -> fg_all | U45: =IF(OR($D45="",$S45="NF",$S45=""),"",IF($E45="Porciones",IF(AND(ISNUMBER($F45),ISNUMBER(INDEX(b_porcg,$S45))),$F45*INDEX(b_porcg,$S45),"ND"),$G45))
H46: =IF(OR($S46="",$S46="NF"),"",INDEX(b_ener,$S46)) | I46: =IF(OR($S46="",$S46="NF"),"",INDEX(b_prot,$S46)) | J46: =IF(OR($S46="",$S46="NF"),"",INDEX(b_hc,$S46)) | K46: =IF(OR($S46="",$S46="NF"),"",INDEX(b_lip,$S46)) | L46: =IF(OR($S46="",$S46="NF"),"",INDEX(b_fib,$S46)) | M46: =IF(OR(NOT(ISNUMBER($U46)),NOT(ISNUMBER($H46))),"",ROUND($U46*$H46/100,1)) | N46: =IF(OR(NOT(ISNUMBER($U46)),NOT(ISNUMBER($I46))),"",ROUND($U46*$I46/100,2)) | O46: =IF(OR(NOT(ISNUMBER($U46)),NOT(ISNUMBER($J46))),"",ROUND($U46*$J46/100,2)) | P46: =IF(OR(NOT(ISNUMBER($U46)),NOT(ISNUMBER($K46))),"",ROUND($U46*$K46/100,2)) | Q46: =IF(OR(NOT(ISNUMBER($U46)),NOT(ISNUMBER($L46))),"",ROUND($U46*$L46/100,2)) | R46: =IF($D46="","",IF($S46="NF","Alimento no encontrado",IF(AND($E46="Porciones",NOT(ISNUMBER($U46))),"Porción no documentada: use gramos",IF(NOT(ISNUMBER($U46)),"Ingrese los gramos",IF(OR($H46="ND",$I46="ND",$J46="ND",$K46="ND",$L46="ND"),"Dato incompleto (ND): el total puede subestimar","OK"))))) | S46: =IF(OR($D46="",$D46=0),"",IFERROR(MATCH($D46,b_key,0),"NF")) | T46: =IF($C46="","fg_all",IFERROR(VLOOKUP($C46,grp_map,2,0),"fg_all")) -> fg_all | U46: =IF(OR($D46="",$S46="NF",$S46=""),"",IF($E46="Porciones",IF(AND(ISNUMBER($F46),ISNUMBER(INDEX(b_porcg,$S46))),$F46*INDEX(b_porcg,$S46),"ND"),$G46))
H47: =IF(OR($S47="",$S47="NF"),"",INDEX(b_ener,$S47)) | I47: =IF(OR($S47="",$S47="NF"),"",INDEX(b_prot,$S47)) | J47: =IF(OR($S47="",$S47="NF"),"",INDEX(b_hc,$S47)) | K47: =IF(OR($S47="",$S47="NF"),"",INDEX(b_lip,$S47)) | L47: =IF(OR($S47="",$S47="NF"),"",INDEX(b_fib,$S47)) | M47: =IF(OR(NOT(ISNUMBER($U47)),NOT(ISNUMBER($H47))),"",ROUND($U47*$H47/100,1)) | N47: =IF(OR(NOT(ISNUMBER($U47)),NOT(ISNUMBER($I47))),"",ROUND($U47*$I47/100,2)) | O47: =IF(OR(NOT(ISNUMBER($U47)),NOT(ISNUMBER($J47))),"",ROUND($U47*$J47/100,2)) | P47: =IF(OR(NOT(ISNUMBER($U47)),NOT(ISNUMBER($K47))),"",ROUND($U47*$K47/100,2)) | Q47: =IF(OR(NOT(ISNUMBER($U47)),NOT(ISNUMBER($L47))),"",ROUND($U47*$L47/100,2)) | R47: =IF($D47="","",IF($S47="NF","Alimento no encontrado",IF(AND($E47="Porciones",NOT(ISNUMBER($U47))),"Porción no documentada: use gramos",IF(NOT(ISNUMBER($U47)),"Ingrese los gramos",IF(OR($H47="ND",$I47="ND",$J47="ND",$K47="ND",$L47="ND"),"Dato incompleto (ND): el total puede subestimar","OK"))))) | S47: =IF(OR($D47="",$D47=0),"",IFERROR(MATCH($D47,b_key,0),"NF")) | T47: =IF($C47="","fg_all",IFERROR(VLOOKUP($C47,grp_map,2,0),"fg_all")) -> fg_all | U47: =IF(OR($D47="",$S47="NF",$S47=""),"",IF($E47="Porciones",IF(AND(ISNUMBER($F47),ISNUMBER(INDEX(b_porcg,$S47))),$F47*INDEX(b_porcg,$S47),"ND"),$G47))
H48: =IF(OR($S48="",$S48="NF"),"",INDEX(b_ener,$S48)) | I48: =IF(OR($S48="",$S48="NF"),"",INDEX(b_prot,$S48)) | J48: =IF(OR($S48="",$S48="NF"),"",INDEX(b_hc,$S48)) | K48: =IF(OR($S48="",$S48="NF"),"",INDEX(b_lip,$S48)) | L48: =IF(OR($S48="",$S48="NF"),"",INDEX(b_fib,$S48)) | M48: =IF(OR(NOT(ISNUMBER($U48)),NOT(ISNUMBER($H48))),"",ROUND($U48*$H48/100,1)) | N48: =IF(OR(NOT(ISNUMBER($U48)),NOT(ISNUMBER($I48))),"",ROUND($U48*$I48/100,2)) | O48: =IF(OR(NOT(ISNUMBER($U48)),NOT(ISNUMBER($J48))),"",ROUND($U48*$J48/100,2)) | P48: =IF(OR(NOT(ISNUMBER($U48)),NOT(ISNUMBER($K48))),"",ROUND($U48*$K48/100,2)) | Q48: =IF(OR(NOT(ISNUMBER($U48)),NOT(ISNUMBER($L48))),"",ROUND($U48*$L48/100,2)) | R48: =IF($D48="","",IF($S48="NF","Alimento no encontrado",IF(AND($E48="Porciones",NOT(ISNUMBER($U48))),"Porción no documentada: use gramos",IF(NOT(ISNUMBER($U48)),"Ingrese los gramos",IF(OR($H48="ND",$I48="ND",$J48="ND",$K48="ND",$L48="ND"),"Dato incompleto (ND): el total puede subestimar","OK"))))) | S48: =IF(OR($D48="",$D48=0),"",IFERROR(MATCH($D48,b_key,0),"NF")) | T48: =IF($C48="","fg_all",IFERROR(VLOOKUP($C48,grp_map,2,0),"fg_all")) -> fg_all | U48: =IF(OR($D48="",$S48="NF",$S48=""),"",IF($E48="Porciones",IF(AND(ISNUMBER($F48),ISNUMBER(INDEX(b_porcg,$S48))),$F48*INDEX(b_porcg,$S48),"ND"),$G48))
H49: =IF(OR($S49="",$S49="NF"),"",INDEX(b_ener,$S49)) | I49: =IF(OR($S49="",$S49="NF"),"",INDEX(b_prot,$S49)) | J49: =IF(OR($S49="",$S49="NF"),"",INDEX(b_hc,$S49)) | K49: =IF(OR($S49="",$S49="NF"),"",INDEX(b_lip,$S49)) | L49: =IF(OR($S49="",$S49="NF"),"",INDEX(b_fib,$S49)) | M49: =IF(OR(NOT(ISNUMBER($U49)),NOT(ISNUMBER($H49))),"",ROUND($U49*$H49/100,1)) | N49: =IF(OR(NOT(ISNUMBER($U49)),NOT(ISNUMBER($I49))),"",ROUND($U49*$I49/100,2)) | O49: =IF(OR(NOT(ISNUMBER($U49)),NOT(ISNUMBER($J49))),"",ROUND($U49*$J49/100,2)) | P49: =IF(OR(NOT(ISNUMBER($U49)),NOT(ISNUMBER($K49))),"",ROUND($U49*$K49/100,2)) | Q49: =IF(OR(NOT(ISNUMBER($U49)),NOT(ISNUMBER($L49))),"",ROUND($U49*$L49/100,2)) | R49: =IF($D49="","",IF($S49="NF","Alimento no encontrado",IF(AND($E49="Porciones",NOT(ISNUMBER($U49))),"Porción no documentada: use gramos",IF(NOT(ISNUMBER($U49)),"Ingrese los gramos",IF(OR($H49="ND",$I49="ND",$J49="ND",$K49="ND",$L49="ND"),"Dato incompleto (ND): el total puede subestimar","OK"))))) | S49: =IF(OR($D49="",$D49=0),"",IFERROR(MATCH($D49,b_key,0),"NF")) | T49: =IF($C49="","fg_all",IFERROR(VLOOKUP($C49,grp_map,2,0),"fg_all")) -> fg_all | U49: =IF(OR($D49="",$S49="NF",$S49=""),"",IF($E49="Porciones",IF(AND(ISNUMBER($F49),ISNUMBER(INDEX(b_porcg,$S49))),$F49*INDEX(b_porcg,$S49),"ND"),$G49))
H50: =IF(OR($S50="",$S50="NF"),"",INDEX(b_ener,$S50)) | I50: =IF(OR($S50="",$S50="NF"),"",INDEX(b_prot,$S50)) | J50: =IF(OR($S50="",$S50="NF"),"",INDEX(b_hc,$S50)) | K50: =IF(OR($S50="",$S50="NF"),"",INDEX(b_lip,$S50)) | L50: =IF(OR($S50="",$S50="NF"),"",INDEX(b_fib,$S50)) | M50: =IF(OR(NOT(ISNUMBER($U50)),NOT(ISNUMBER($H50))),"",ROUND($U50*$H50/100,1)) | N50: =IF(OR(NOT(ISNUMBER($U50)),NOT(ISNUMBER($I50))),"",ROUND($U50*$I50/100,2)) | O50: =IF(OR(NOT(ISNUMBER($U50)),NOT(ISNUMBER($J50))),"",ROUND($U50*$J50/100,2)) | P50: =IF(OR(NOT(ISNUMBER($U50)),NOT(ISNUMBER($K50))),"",ROUND($U50*$K50/100,2)) | Q50: =IF(OR(NOT(ISNUMBER($U50)),NOT(ISNUMBER($L50))),"",ROUND($U50*$L50/100,2)) | R50: =IF($D50="","",IF($S50="NF","Alimento no encontrado",IF(AND($E50="Porciones",NOT(ISNUMBER($U50))),"Porción no documentada: use gramos",IF(NOT(ISNUMBER($U50)),"Ingrese los gramos",IF(OR($H50="ND",$I50="ND",$J50="ND",$K50="ND",$L50="ND"),"Dato incompleto (ND): el total puede subestimar","OK"))))) | S50: =IF(OR($D50="",$D50=0),"",IFERROR(MATCH($D50,b_key,0),"NF")) | T50: =IF($C50="","fg_all",IFERROR(VLOOKUP($C50,grp_map,2,0),"fg_all")) -> fg_all | U50: =IF(OR($D50="",$S50="NF",$S50=""),"",IF($E50="Porciones",IF(AND(ISNUMBER($F50),ISNUMBER(INDEX(b_porcg,$S50))),$F50*INDEX(b_porcg,$S50),"ND"),$G50))
H51: =IF(OR($S51="",$S51="NF"),"",INDEX(b_ener,$S51)) | I51: =IF(OR($S51="",$S51="NF"),"",INDEX(b_prot,$S51)) | J51: =IF(OR($S51="",$S51="NF"),"",INDEX(b_hc,$S51)) | K51: =IF(OR($S51="",$S51="NF"),"",INDEX(b_lip,$S51)) | L51: =IF(OR($S51="",$S51="NF"),"",INDEX(b_fib,$S51)) | M51: =IF(OR(NOT(ISNUMBER($U51)),NOT(ISNUMBER($H51))),"",ROUND($U51*$H51/100,1)) | N51: =IF(OR(NOT(ISNUMBER($U51)),NOT(ISNUMBER($I51))),"",ROUND($U51*$I51/100,2)) | O51: =IF(OR(NOT(ISNUMBER($U51)),NOT(ISNUMBER($J51))),"",ROUND($U51*$J51/100,2)) | P51: =IF(OR(NOT(ISNUMBER($U51)),NOT(ISNUMBER($K51))),"",ROUND($U51*$K51/100,2)) | Q51: =IF(OR(NOT(ISNUMBER($U51)),NOT(ISNUMBER($L51))),"",ROUND($U51*$L51/100,2)) | R51: =IF($D51="","",IF($S51="NF","Alimento no encontrado",IF(AND($E51="Porciones",NOT(ISNUMBER($U51))),"Porción no documentada: use gramos",IF(NOT(ISNUMBER($U51)),"Ingrese los gramos",IF(OR($H51="ND",$I51="ND",$J51="ND",$K51="ND",$L51="ND"),"Dato incompleto (ND): el total puede subestimar","OK"))))) | S51: =IF(OR($D51="",$D51=0),"",IFERROR(MATCH($D51,b_key,0),"NF")) | T51: =IF($C51="","fg_all",IFERROR(VLOOKUP($C51,grp_map,2,0),"fg_all")) -> fg_all | U51: =IF(OR($D51="",$S51="NF",$S51=""),"",IF($E51="Porciones",IF(AND(ISNUMBER($F51),ISNUMBER(INDEX(b_porcg,$S51))),$F51*INDEX(b_porcg,$S51),"ND"),$G51))
H52: =IF(OR($S52="",$S52="NF"),"",INDEX(b_ener,$S52)) | I52: =IF(OR($S52="",$S52="NF"),"",INDEX(b_prot,$S52)) | J52: =IF(OR($S52="",$S52="NF"),"",INDEX(b_hc,$S52)) | K52: =IF(OR($S52="",$S52="NF"),"",INDEX(b_lip,$S52)) | L52: =IF(OR($S52="",$S52="NF"),"",INDEX(b_fib,$S52)) | M52: =IF(OR(NOT(ISNUMBER($U52)),NOT(ISNUMBER($H52))),"",ROUND($U52*$H52/100,1)) | N52: =IF(OR(NOT(ISNUMBER($U52)),NOT(ISNUMBER($I52))),"",ROUND($U52*$I52/100,2)) | O52: =IF(OR(NOT(ISNUMBER($U52)),NOT(ISNUMBER($J52))),"",ROUND($U52*$J52/100,2)) | P52: =IF(OR(NOT(ISNUMBER($U52)),NOT(ISNUMBER($K52))),"",ROUND($U52*$K52/100,2)) | Q52: =IF(OR(NOT(ISNUMBER($U52)),NOT(ISNUMBER($L52))),"",ROUND($U52*$L52/100,2)) | R52: =IF($D52="","",IF($S52="NF","Alimento no encontrado",IF(AND($E52="Porciones",NOT(ISNUMBER($U52))),"Porción no documentada: use gramos",IF(NOT(ISNUMBER($U52)),"Ingrese los gramos",IF(OR($H52="ND",$I52="ND",$J52="ND",$K52="ND",$L52="ND"),"Dato incompleto (ND): el total puede subestimar","OK"))))) | S52: =IF(OR($D52="",$D52=0),"",IFERROR(MATCH($D52,b_key,0),"NF")) | T52: =IF($C52="","fg_all",IFERROR(VLOOKUP($C52,grp_map,2,0),"fg_all")) -> fg_all | U52: =IF(OR($D52="",$S52="NF",$S52=""),"",IF($E52="Porciones",IF(AND(ISNUMBER($F52),ISNUMBER(INDEX(b_porcg,$S52))),$F52*INDEX(b_porcg,$S52),"ND"),$G52))
H53: =IF(OR($S53="",$S53="NF"),"",INDEX(b_ener,$S53)) | I53: =IF(OR($S53="",$S53="NF"),"",INDEX(b_prot,$S53)) | J53: =IF(OR($S53="",$S53="NF"),"",INDEX(b_hc,$S53)) | K53: =IF(OR($S53="",$S53="NF"),"",INDEX(b_lip,$S53)) | L53: =IF(OR($S53="",$S53="NF"),"",INDEX(b_fib,$S53)) | M53: =IF(OR(NOT(ISNUMBER($U53)),NOT(ISNUMBER($H53))),"",ROUND($U53*$H53/100,1)) | N53: =IF(OR(NOT(ISNUMBER($U53)),NOT(ISNUMBER($I53))),"",ROUND($U53*$I53/100,2)) | O53: =IF(OR(NOT(ISNUMBER($U53)),NOT(ISNUMBER($J53))),"",ROUND($U53*$J53/100,2)) | P53: =IF(OR(NOT(ISNUMBER($U53)),NOT(ISNUMBER($K53))),"",ROUND($U53*$K53/100,2)) | Q53: =IF(OR(NOT(ISNUMBER($U53)),NOT(ISNUMBER($L53))),"",ROUND($U53*$L53/100,2)) | R53: =IF($D53="","",IF($S53="NF","Alimento no encontrado",IF(AND($E53="Porciones",NOT(ISNUMBER($U53))),"Porción no documentada: use gramos",IF(NOT(ISNUMBER($U53)),"Ingrese los gramos",IF(OR($H53="ND",$I53="ND",$J53="ND",$K53="ND",$L53="ND"),"Dato incompleto (ND): el total puede subestimar","OK"))))) | S53: =IF(OR($D53="",$D53=0),"",IFERROR(MATCH($D53,b_key,0),"NF")) | T53: =IF($C53="","fg_all",IFERROR(VLOOKUP($C53,grp_map,2,0),"fg_all")) -> fg_all | U53: =IF(OR($D53="",$S53="NF",$S53=""),"",IF($E53="Porciones",IF(AND(ISNUMBER($F53),ISNUMBER(INDEX(b_porcg,$S53))),$F53*INDEX(b_porcg,$S53),"ND"),$G53))
H54: =IF(OR($S54="",$S54="NF"),"",INDEX(b_ener,$S54)) | I54: =IF(OR($S54="",$S54="NF"),"",INDEX(b_prot,$S54)) | J54: =IF(OR($S54="",$S54="NF"),"",INDEX(b_hc,$S54)) | K54: =IF(OR($S54="",$S54="NF"),"",INDEX(b_lip,$S54)) | L54: =IF(OR($S54="",$S54="NF"),"",INDEX(b_fib,$S54)) | M54: =IF(OR(NOT(ISNUMBER($U54)),NOT(ISNUMBER($H54))),"",ROUND($U54*$H54/100,1)) | N54: =IF(OR(NOT(ISNUMBER($U54)),NOT(ISNUMBER($I54))),"",ROUND($U54*$I54/100,2)) | O54: =IF(OR(NOT(ISNUMBER($U54)),NOT(ISNUMBER($J54))),"",ROUND($U54*$J54/100,2)) | P54: =IF(OR(NOT(ISNUMBER($U54)),NOT(ISNUMBER($K54))),"",ROUND($U54*$K54/100,2)) | Q54: =IF(OR(NOT(ISNUMBER($U54)),NOT(ISNUMBER($L54))),"",ROUND($U54*$L54/100,2)) | R54: =IF($D54="","",IF($S54="NF","Alimento no encontrado",IF(AND($E54="Porciones",NOT(ISNUMBER($U54))),"Porción no documentada: use gramos",IF(NOT(ISNUMBER($U54)),"Ingrese los gramos",IF(OR($H54="ND",$I54="ND",$J54="ND",$K54="ND",$L54="ND"),"Dato incompleto (ND): el total puede subestimar","OK"))))) | S54: =IF(OR($D54="",$D54=0),"",IFERROR(MATCH($D54,b_key,0),"NF")) | T54: =IF($C54="","fg_all",IFERROR(VLOOKUP($C54,grp_map,2,0),"fg_all")) -> fg_all | U54: =IF(OR($D54="",$S54="NF",$S54=""),"",IF($E54="Porciones",IF(AND(ISNUMBER($F54),ISNUMBER(INDEX(b_porcg,$S54))),$F54*INDEX(b_porcg,$S54),"ND"),$G54))
H55: =IF(OR($S55="",$S55="NF"),"",INDEX(b_ener,$S55)) | I55: =IF(OR($S55="",$S55="NF"),"",INDEX(b_prot,$S55)) | J55: =IF(OR($S55="",$S55="NF"),"",INDEX(b_hc,$S55)) | K55: =IF(OR($S55="",$S55="NF"),"",INDEX(b_lip,$S55)) | L55: =IF(OR($S55="",$S55="NF"),"",INDEX(b_fib,$S55)) | M55: =IF(OR(NOT(ISNUMBER($U55)),NOT(ISNUMBER($H55))),"",ROUND($U55*$H55/100,1)) | N55: =IF(OR(NOT(ISNUMBER($U55)),NOT(ISNUMBER($I55))),"",ROUND($U55*$I55/100,2)) | O55: =IF(OR(NOT(ISNUMBER($U55)),NOT(ISNUMBER($J55))),"",ROUND($U55*$J55/100,2)) | P55: =IF(OR(NOT(ISNUMBER($U55)),NOT(ISNUMBER($K55))),"",ROUND($U55*$K55/100,2)) | Q55: =IF(OR(NOT(ISNUMBER($U55)),NOT(ISNUMBER($L55))),"",ROUND($U55*$L55/100,2)) | R55: =IF($D55="","",IF($S55="NF","Alimento no encontrado",IF(AND($E55="Porciones",NOT(ISNUMBER($U55))),"Porción no documentada: use gramos",IF(NOT(ISNUMBER($U55)),"Ingrese los gramos",IF(OR($H55="ND",$I55="ND",$J55="ND",$K55="ND",$L55="ND"),"Dato incompleto (ND): el total puede subestimar","OK"))))) | S55: =IF(OR($D55="",$D55=0),"",IFERROR(MATCH($D55,b_key,0),"NF")) | T55: =IF($C55="","fg_all",IFERROR(VLOOKUP($C55,grp_map,2,0),"fg_all")) -> fg_all | U55: =IF(OR($D55="",$S55="NF",$S55=""),"",IF($E55="Porciones",IF(AND(ISNUMBER($F55),ISNUMBER(INDEX(b_porcg,$S55))),$F55*INDEX(b_porcg,$S55),"ND"),$G55))
... H218: =IF(OR($S218="",$S218="NF"),"",INDEX(b_ener,$S218)) | I218: =IF(OR($S218="",$S218="NF"),"",INDEX(b_prot,$S218)) | J218: =IF(OR($S218="",$S218="NF"),"",INDEX(b_hc,$S218)) | K218: =IF(OR($S218="",$S218="NF"),"",INDEX(b_lip,$S218)) | L218: =IF(OR($S218="",$S218="NF"),"",INDEX(b_fib,$S218)) | M218: =IF(OR(NOT(ISNUMBER($U218)),NOT(ISNUMBER($H218))),"",ROUND($U218*$H218/100,1)) | N218: =IF(OR(NOT(ISNUMBER($U218)),NOT(ISNUMBER($I218))),"",ROUND($U218*$I218/100,2)) | O218: =IF(OR(NOT(ISNUMBER($U218)),NOT(ISNUMBER($J218))),"",ROUND($U218*$J218/100,2)) | P218: =IF(OR(NOT(ISNUMBER($U218)),NOT(ISNUMBER($K218))),"",ROUND($U218*$K218/100,2)) | Q218: =IF(OR(NOT(ISNUMBER($U218)),NOT(ISNUMBER($L218))),"",ROUND($U218*$L218/100,2)) | R218: =IF($D218="","",IF($S218="NF","Alimento no encontrado",IF(AND($E218="Porciones",NOT(ISNUMBER($U218))),"Porción no documentada: use gramos",IF(NOT(ISNUMBER($U218)),"Ingrese los gramos",IF(OR($H218="ND",$I218="ND",$J218="ND",$K218="ND",$L218="ND"),"Dato incompleto (ND): el total puede subestimar","OK"))))) | S218: =IF(OR($D218="",$D218=0),"",IFERROR(MATCH($D218,b_key,0),"NF")) | T218: =IF($C218="","fg_all",IFERROR(VLOOKUP($C218,grp_map,2,0),"fg_all")) -> fg_all | U218: =IF(OR($D218="",$S218="NF",$S218=""),"",IF($E218="Porciones",IF(AND(ISNUMBER($F218),ISNUMBER(INDEX(b_porcg,$S218))),$F218*INDEX(b_porcg,$S218),"ND"),$G218))
