Workbook
Name k_cho: CONFIG!$E$27
Name k_lip: CONFIG!$E$28
Name k_lipMin: CONFIG!$E$21
Name k_prot: CONFIG!$E$26
Name k_protMax: CONFIG!$E$20
Name k_protMin: CONFIG!$E$19
Name k_recCHO: CONFIG!$E$22
Name k_recHoras: CONFIG!$E$23
Name k_tol: CONFIG!$E$29
Name lst_dia: CONFIG!$A$33:$A$39
Name lst_fase: CONFIG!$C$33:$C$37
Name lst_momento: CONFIG!#REF!
Name lst_objetivo: CONFIG!$M$33:$M$36
Name lst_sesion: CONFIG!$A$8:$A$13
Name lst_si: CONFIG!$G$33:$G$34
Name rng_sesion: CONFIG!$A$8:$G$13
Name u_lowMax: CONFIG!$E$25
Name u_lowMin: CONFIG!$E$24
Name v_choSemMax: PERIODIZACION!$G$15
Name v_choSemMin: PERIODIZACION!$F$15
Name v_fase: DATOS!$C$18
Name v_kcalSemMax: PERIODIZACION!$K$15
Name v_kcalSemMin: PERIODIZACION!$J$15
Name v_peso: DATOS!$C$10
Name v_protObj: DATOS!$C$30
Name v_razon: PERIODIZACION!$C$21

Sheet INICIO
A1: NUTRIMETRÍA · NMX-11
A2: Planificador integrado de entrenamiento y nutrición · versión 1.0 · Fase 6 · planificación
A4: Navegación — use las pestañas inferiores del libro
A5: =HYPERLINK("#DATOS!A1","▶ DATOS") -> ▶ DATOS | C5: =HYPERLINK("#MICROCICLO!A1","▶ MICROCICLO") -> ▶ MICROCICLO | E5: =HYPERLINK("#PERIODIZACION!A1","▶ PERIODIZACION") -> ▶ PERIODIZACION | G5: =HYPERLINK("#TIMING!A1","▶ TIMING") -> ▶ TIMING | I5: =HYPERLINK("#PANEL!A1","▶ PANEL") -> ▶ PANEL | K5: =HYPERLINK("#RESUMEN!A1","▶ RESUMEN") -> ▶ RESUMEN | M5: =HYPERLINK("#FUENTES!A1","▶ FUENTES") -> ▶ FUENTES | O5: =HYPERLINK("#PRUEBAS!A1","▶ PRUEBAS") -> ▶ PRUEBAS
A6: Deportista y fase | C6: Semana de entrenamiento | E6: Combustible por día | G6: Antes, durante y después | I6: Tablero visual | K6: Plan para entregar | M6: Evidencia y trazabilidad | O6: Control de calidad
A7: =HYPERLINK("#CONFIG!A1","▶ CONFIG") -> ▶ CONFIG | C7: =HYPERLINK("#CHANGELOG!A1","▶ CHANGELOG") -> ▶ CHANGELOG
A8: Constantes | C8: Historial
A10: Código del producto | C10: NMX-11
A11: Versión | C11: 1.0
A12: Fecha | C12: 2026-07-23
A13: Base conceptual | C13: Combustible para el trabajo requerido · Impey 2018 · Jeukendrup 2017
A14: Formato | C14: .xlsx sin macros · Microsoft 365 (Windows) y Excel 2021 · sin funciones matriciales
A15: Responsable | C15: Equipo Nutrimetría (completar por el titular)
A17: IDEA CENTRAL DEL PLANIFICADOR
A18: No se come igual todos los días porque no se entrena igual todos los días. La ingesta de carbohidratos se ajusta a la demanda de CADA sesión, en lugar de mantener una cifra fija durante toda la temporada.
A19: La proteína NO se periodiza: se mantiene constante incluso en los días de descanso. Los lípidos tienen un mínimo que sostiene la función hormonal.
A20: Nunca se subalimenta una sesión de calidad. Si hay que reducir energía, se reduce en los días suaves y de descanso.
A21: Entrenar con disponibilidad reducida es una herramienta para una fracción de las sesiones, no una meta permanente.
A23: AVISO DE ALCANCE — LÉALO ANTES DE USAR
A24: EXACTITUD MATEMÁTICA ≠ VALIDACIÓN CLÍNICA. Este archivo NO está validado clínicamente y no constituye prescripción dietética.
A25: APLICA A: personas deportistas ADULTAS (≥18 años) en condición estable, con entrenamiento planificado.
A26: NO APLICA A: menores de edad · embarazo · lactancia · patología aguda o descompensada · personas con trastorno de la conducta alimentaria o sospecha de deficiencia energética relativa, en quienes la restricción periodizada está contraindicada.
A27: Las cifras son RANGOS de referencia por kilo de peso tomados de literatura de consenso, no una prescripción individual. Son editables en CONFIG.
A28: El libro NO estima el gasto energético de las sesiones ni evalúa lo realmente consumido: planifica.
A29: Toda estrategia de aporte durante el ejercicio debe probarse en entrenamiento antes de usarse en competencia.
A31: FLUJO DE USO
A32: 1 | C32: En DATOS registre peso, fase de la temporada y objetivo. El peso determina todos los gramajes.
A33: 2 | C33: En MICROCICLO cargue la semana de entrenamiento: día, tipo de sesión y duración.
A34: 3 | C34: PERIODIZACIÓN calcula sola el carbohidrato de cada día según la demanda de su sesión.
A35: 4 | C35: TIMING entrega la pauta de antes, durante y después de cada sesión.
A36: 5 | C36: PANEL muestra el tablero: si el perfil de carbohidrato no sigue la forma de la carga, algo está mal planificado.
A37: 6 | C37: RESUMEN es la hoja imprimible que se entrega al deportista.
A38: 7 | C38: En CONFIG ajuste los rangos por tipo de sesión al criterio que usted utiliza.

Sheet DATOS
A1: NUTRIMETRÍA · NMX-11
A2: Deportista, fase de la temporada y objetivo del plan
A4: =HYPERLINK("#INICIO!A1","▶ VOLVER A INICIO") -> ▶ VOLVER A INICIO
A6: DEPORTISTA
A7: Nombre o identificador | C7: Caso de ejemplo
A8: Edad (años) | C8: 27
A9: Sexo | C9: Femenino
A10: Peso (kg) | C10: 70 | L10: Determina todos los gramajes del plan
A11: Talla (cm) | C11: 174
A12: Masa libre de grasa (kg) | C12: — | L12: Opcional: si la tiene, anótela
A13: Deporte o disciplina | C13: Ciclismo de ruta
A14: Nivel competitivo | C14: Federado
A15: ¿Sujeto a control antidopaje? | C15: Sí
A17: FASE Y OBJETIVO
A18: Fase de la temporada | C18: Construcción | L18: Determina el marco general del plan
A19: Semana del mesociclo | C19: 3
A20: Objetivo principal | C20: Rendimiento
A21: Próxima competencia | C21: 2026-09-12
A22: Semanas hasta la competencia | C22: 7
A23: Profesional responsable | C23: —
A24: Fecha del plan | C24: 2026-07-23
A26: REFERENCIAS DIARIAS FIJAS
A27: Proteína mínima (g/día) | C27: =IF(NOT(ISNUMBER(C10)),"ND",k_protMin*C10) -> 112
A28: Proteína máxima (g/día) | C28: =IF(NOT(ISNUMBER(C10)),"ND",k_protMax*C10) -> 154
A29: Lípidos mínimos (g/día) | C29: =IF(NOT(ISNUMBER(C10)),"ND",k_lipMin*C10) -> 56
A30: Proteína objetivo del plan (g/día) | C30: 126 | L30: Elija un valor dentro del rango: se mantiene CONSTANTE toda la semana
A32: La proteína se mantiene CONSTANTE todos los días, incluidos los de descanso: lo que se periodiza son los carbohidratos, no la proteína. Los lípidos completan la energía restante y no deben bajar del mínimo, porque sostienen la función hormonal.

Sheet MICROCICLO
A1: NUTRIMETRÍA · NMX-11
A2: Microciclo · la semana de entrenamiento
A4: =HYPERLINK("#INICIO!A1","▶ VOLVER A INICIO") -> ▶ VOLVER A INICIO
A6: SESIONES DE LA SEMANA
A7: Día | B7: Tipo de sesión | C7: Duración (min) | D7: Momento del día | E7: Descripción del trabajo | F7: Horas hasta la sesión siguiente | G7: Disponibilidad prevista
A8: Lunes | B8: Descanso | C8: 0 | D8: Mañana | E8: Descanso completo | F8: 24 | G8: =IF($B8="","",IF(COUNTIF(lst_sesion,$B8)=0,"ND: tipo no definido",INDEX(rng_sesion,MATCH($B8,lst_sesion,0),7))) -> Reducida
A9: Martes | B9: Alta intensidad o intervalos | C9: 75 | D9: Tarde | E9: 6 × 5 min en umbral | F9: 20 | G9: =IF($B9="","",IF(COUNTIF(lst_sesion,$B9)=0,"ND: tipo no definido",INDEX(rng_sesion,MATCH($B9,lst_sesion,0),7))) -> Alta
A10: Miércoles | B10: Suave o regenerativa | C10: 60 | D10: Mañana | E10: Rodaje en zona 2 | F10: 26 | G10: =IF($B10="","",IF(COUNTIF(lst_sesion,$B10)=0,"ND: tipo no definido",INDEX(rng_sesion,MATCH($B10,lst_sesion,0),7))) -> Reducida
A11: Jueves | B11: Alta intensidad o intervalos | C11: 90 | D11: Mañana | E11: Bloques de fuerza-resistencia | F11: 22 | G11: =IF($B11="","",IF(COUNTIF(lst_sesion,$B11)=0,"ND: tipo no definido",INDEX(rng_sesion,MATCH($B11,lst_sesion,0),7))) -> Alta
A12: Viernes | B12: Suave o regenerativa | C12: 45 | D12: Mañana | E12: Activación previa al fondo | F12: 20 | G12: =IF($B12="","",IF(COUNTIF(lst_sesion,$B12)=0,"ND: tipo no definido",INDEX(rng_sesion,MATCH($B12,lst_sesion,0),7))) -> Reducida
A13: Sábado | B13: Larga o fondo | C13: 180 | D13: Mañana | E13: Salida larga con ritmo variable | F13: 22 | G13: =IF($B13="","",IF(COUNTIF(lst_sesion,$B13)=0,"ND: tipo no definido",INDEX(rng_sesion,MATCH($B13,lst_sesion,0),7))) -> Alta
A14: Domingo | B14: Moderada | C14: 90 | D14: Mañana | E14: Rodaje sostenido | F14: 24 | G14: =IF($B14="","",IF(COUNTIF(lst_sesion,$B14)=0,"ND: tipo no definido",INDEX(rng_sesion,MATCH($B14,lst_sesion,0),7))) -> Media
A15: TOTAL SEMANAL | C15: =SUM(C8:C14) -> 540
A17: CONTROL DE LA CARGA
A18: Horas de entrenamiento en la semana | C18: =IF(NOT(ISNUMBER(C15)),"ND",C15/60) -> 9
A19: Número de sesiones | C19: =COUNTIFS(C8:C14,">0") -> 6
A20: Sesiones con disponibilidad reducida | C20: =COUNTIFS(C8:C14,">0",G8:G14,"Reducida") -> 2
A21: Proporción de sesiones con disponibilidad reducida | C21: =IF(OR(NOT(ISNUMBER(C19)),C19=0),"ND",C20/C19) -> 0.33333333
A22: Lectura de la distribución | C22: =IF(NOT(ISNUMBER(C21)),"ND",IF(C21<u_lowMin,"Pocas sesiones con disponibilidad reducida: hay margen para incorporar alguna si el objetivo es adaptativo.",IF(C21<=u_lowMax,"La proporción de sesiones con disponibilidad reducida está dentro del rango habitual.","Demasiadas sesiones con disponibilidad reducida: riesgo de comprometer la calidad del entrenamiento y la recuperación."))) -> La proporción de sesiones con disponibilidad reducida está dentro del rango habitual.
A24: Entrenar con disponibilidad reducida es una herramienta, no una meta: se aplica a una fracción de las sesiones y nunca a las de mayor calidad, que son las que definen la adaptación al rendimiento. Si la proporción se dispara, lo que se obtiene no es adaptación sino fatiga.

Sheet PERIODIZACION
A1: NUTRIMETRÍA · NMX-11
A2: Periodización de carbohidratos · combustible para el trabajo requerido
A4: =HYPERLINK("#INICIO!A1","▶ VOLVER A INICIO") -> ▶ VOLVER A INICIO
A6: PLAN DIARIO DE MACRONUTRIENTES
A7: Día | B7: Tipo de sesión | C7: Min | D7: CHO g/kg mín | E7: CHO g/kg máx | F7: CHO g/día mín | G7: CHO g/día máx | H7: Proteína g/día | I7: Lípidos g/día mín | J7: Energía mín (kcal) | K7: Energía máx (kcal) | L7: Nivel del día
A8: =IF(MICROCICLO!A8="","",MICROCICLO!A8) -> Lunes | B8: =IF(MICROCICLO!B8="","",MICROCICLO!B8) -> Descanso | C8: =IF(MICROCICLO!C8="","",MICROCICLO!C8) -> 0 | D8: =IF($B8="","",IF(COUNTIF(lst_sesion,$B8)=0,"ND",INDEX(rng_sesion,MATCH($B8,lst_sesion,0),2))) -> 3 | E8: =IF($B8="","",IF(COUNTIF(lst_sesion,$B8)=0,"ND",INDEX(rng_sesion,MATCH($B8,lst_sesion,0),3))) -> 5 | F8: =IF(OR(NOT(ISNUMBER($D8)),NOT(ISNUMBER(v_peso))),"ND",$D8*v_peso) -> 210 | G8: =IF(OR(NOT(ISNUMBER($E8)),NOT(ISNUMBER(v_peso))),"ND",$E8*v_peso) -> 350 | H8: =IF($B8="","",IF(NOT(ISNUMBER(v_protObj)),"ND",v_protObj)) -> 126 | I8: =IF(OR($B8="",NOT(ISNUMBER(v_peso))),"",k_lipMin*v_peso) -> 56 | J8: =IF(OR(NOT(ISNUMBER($F8)),NOT(ISNUMBER($H8)),NOT(ISNUMBER($I8))),"ND",$F8*k_cho+$H8*k_prot+$I8*k_lip) -> 1848 | K8: =IF(OR(NOT(ISNUMBER($G8)),NOT(ISNUMBER($H8)),NOT(ISNUMBER($I8))),"ND",$G8*k_cho+$H8*k_prot+$I8*k_lip) -> 2408 | L8: =IF($B8="","",IF(NOT(ISNUMBER($E8)),"ND",IF($D8>=8,"ALTO",IF($D8>=6,"MEDIO-ALTO",IF($D8>=5,"MEDIO","BAJO"))))) -> BAJO
A9: =IF(MICROCICLO!A9="","",MICROCICLO!A9) -> Martes | B9: =IF(MICROCICLO!B9="","",MICROCICLO!B9) -> Alta intensidad o intervalos | C9: =IF(MICROCICLO!C9="","",MICROCICLO!C9) -> 75 | D9: =IF($B9="","",IF(COUNTIF(lst_sesion,$B9)=0,"ND",INDEX(rng_sesion,MATCH($B9,lst_sesion,0),2))) -> 6 | E9: =IF($B9="","",IF(COUNTIF(lst_sesion,$B9)=0,"ND",INDEX(rng_sesion,MATCH($B9,lst_sesion,0),3))) -> 10 | F9: =IF(OR(NOT(ISNUMBER($D9)),NOT(ISNUMBER(v_peso))),"ND",$D9*v_peso) -> 420 | G9: =IF(OR(NOT(ISNUMBER($E9)),NOT(ISNUMBER(v_peso))),"ND",$E9*v_peso) -> 700 | H9: =IF($B9="","",IF(NOT(ISNUMBER(v_protObj)),"ND",v_protObj)) -> 126 | I9: =IF(OR($B9="",NOT(ISNUMBER(v_peso))),"",k_lipMin*v_peso) -> 56 | J9: =IF(OR(NOT(ISNUMBER($F9)),NOT(ISNUMBER($H9)),NOT(ISNUMBER($I9))),"ND",$F9*k_cho+$H9*k_prot+$I9*k_lip) -> 2688 | K9: =IF(OR(NOT(ISNUMBER($G9)),NOT(ISNUMBER($H9)),NOT(ISNUMBER($I9))),"ND",$G9*k_cho+$H9*k_prot+$I9*k_lip) -> 3808 | L9: =IF($B9="","",IF(NOT(ISNUMBER($E9)),"ND",IF($D9>=8,"ALTO",IF($D9>=6,"MEDIO-ALTO",IF($D9>=5,"MEDIO","BAJO"))))) -> MEDIO-ALTO
A10: =IF(MICROCICLO!A10="","",MICROCICLO!A10) -> Miércoles | B10: =IF(MICROCICLO!B10="","",MICROCICLO!B10) -> Suave o regenerativa | C10: =IF(MICROCICLO!C10="","",MICROCICLO!C10) -> 60 | D10: =IF($B10="","",IF(COUNTIF(lst_sesion,$B10)=0,"ND",INDEX(rng_sesion,MATCH($B10,lst_sesion,0),2))) -> 3 | E10: =IF($B10="","",IF(COUNTIF(lst_sesion,$B10)=0,"ND",INDEX(rng_sesion,MATCH($B10,lst_sesion,0),3))) -> 5 | F10: =IF(OR(NOT(ISNUMBER($D10)),NOT(ISNUMBER(v_peso))),"ND",$D10*v_peso) -> 210 | G10: =IF(OR(NOT(ISNUMBER($E10)),NOT(ISNUMBER(v_peso))),"ND",$E10*v_peso) -> 350 | H10: =IF($B10="","",IF(NOT(ISNUMBER(v_protObj)),"ND",v_protObj)) -> 126 | I10: =IF(OR($B10="",NOT(ISNUMBER(v_peso))),"",k_lipMin*v_peso) -> 56 | J10: =IF(OR(NOT(ISNUMBER($F10)),NOT(ISNUMBER($H10)),NOT(ISNUMBER($I10))),"ND",$F10*k_cho+$H10*k_prot+$I10*k_lip) -> 1848 | K10: =IF(OR(NOT(ISNUMBER($G10)),NOT(ISNUMBER($H10)),NOT(ISNUMBER($I10))),"ND",$G10*k_cho+$H10*k_prot+$I10*k_lip) -> 2408 | L10: =IF($B10="","",IF(NOT(ISNUMBER($E10)),"ND",IF($D10>=8,"ALTO",IF($D10>=6,"MEDIO-ALTO",IF($D10>=5,"MEDIO","BAJO"))))) -> BAJO
A11: =IF(MICROCICLO!A11="","",MICROCICLO!A11) -> Jueves | B11: =IF(MICROCICLO!B11="","",MICROCICLO!B11) -> Alta intensidad o intervalos | C11: =IF(MICROCICLO!C11="","",MICROCICLO!C11) -> 90 | D11: =IF($B11="","",IF(COUNTIF(lst_sesion,$B11)=0,"ND",INDEX(rng_sesion,MATCH($B11,lst_sesion,0),2))) -> 6 | E11: =IF($B11="","",IF(COUNTIF(lst_sesion,$B11)=0,"ND",INDEX(rng_sesion,MATCH($B11,lst_sesion,0),3))) -> 10 | F11: =IF(OR(NOT(ISNUMBER($D11)),NOT(ISNUMBER(v_peso))),"ND",$D11*v_peso) -> 420 | G11: =IF(OR(NOT(ISNUMBER($E11)),NOT(ISNUMBER(v_peso))),"ND",$E11*v_peso) -> 700 | H11: =IF($B11="","",IF(NOT(ISNUMBER(v_protObj)),"ND",v_protObj)) -> 126 | I11: =IF(OR($B11="",NOT(ISNUMBER(v_peso))),"",k_lipMin*v_peso) -> 56 | J11: =IF(OR(NOT(ISNUMBER($F11)),NOT(ISNUMBER($H11)),NOT(ISNUMBER($I11))),"ND",$F11*k_cho+$H11*k_prot+$I11*k_lip) -> 2688 | K11: =IF(OR(NOT(ISNUMBER($G11)),NOT(ISNUMBER($H11)),NOT(ISNUMBER($I11))),"ND",$G11*k_cho+$H11*k_prot+$I11*k_lip) -> 3808 | L11: =IF($B11="","",IF(NOT(ISNUMBER($E11)),"ND",IF($D11>=8,"ALTO",IF($D11>=6,"MEDIO-ALTO",IF($D11>=5,"MEDIO","BAJO"))))) -> MEDIO-ALTO
A12: =IF(MICROCICLO!A12="","",MICROCICLO!A12) -> Viernes | B12: =IF(MICROCICLO!B12="","",MICROCICLO!B12) -> Suave o regenerativa | C12: =IF(MICROCICLO!C12="","",MICROCICLO!C12) -> 45 | D12: =IF($B12="","",IF(COUNTIF(lst_sesion,$B12)=0,"ND",INDEX(rng_sesion,MATCH($B12,lst_sesion,0),2))) -> 3 | E12: =IF($B12="","",IF(COUNTIF(lst_sesion,$B12)=0,"ND",INDEX(rng_sesion,MATCH($B12,lst_sesion,0),3))) -> 5 | F12: =IF(OR(NOT(ISNUMBER($D12)),NOT(ISNUMBER(v_peso))),"ND",$D12*v_peso) -> 210 | G12: =IF(OR(NOT(ISNUMBER($E12)),NOT(ISNUMBER(v_peso))),"ND",$E12*v_peso) -> 350 | H12: =IF($B12="","",IF(NOT(ISNUMBER(v_protObj)),"ND",v_protObj)) -> 126 | I12: =IF(OR($B12="",NOT(ISNUMBER(v_peso))),"",k_lipMin*v_peso) -> 56 | J12: =IF(OR(NOT(ISNUMBER($F12)),NOT(ISNUMBER($H12)),NOT(ISNUMBER($I12))),"ND",$F12*k_cho+$H12*k_prot+$I12*k_lip) -> 1848 | K12: =IF(OR(NOT(ISNUMBER($G12)),NOT(ISNUMBER($H12)),NOT(ISNUMBER($I12))),"ND",$G12*k_cho+$H12*k_prot+$I12*k_lip) -> 2408 | L12: =IF($B12="","",IF(NOT(ISNUMBER($E12)),"ND",IF($D12>=8,"ALTO",IF($D12>=6,"MEDIO-ALTO",IF($D12>=5,"MEDIO","BAJO"))))) -> BAJO
A13: =IF(MICROCICLO!A13="","",MICROCICLO!A13) -> Sábado | B13: =IF(MICROCICLO!B13="","",MICROCICLO!B13) -> Larga o fondo | C13: =IF(MICROCICLO!C13="","",MICROCICLO!C13) -> 180 | D13: =IF($B13="","",IF(COUNTIF(lst_sesion,$B13)=0,"ND",INDEX(rng_sesion,MATCH($B13,lst_sesion,0),2))) -> 8 | E13: =IF($B13="","",IF(COUNTIF(lst_sesion,$B13)=0,"ND",INDEX(rng_sesion,MATCH($B13,lst_sesion,0),3))) -> 12 | F13: =IF(OR(NOT(ISNUMBER($D13)),NOT(ISNUMBER(v_peso))),"ND",$D13*v_peso) -> 560 | G13: =IF(OR(NOT(ISNUMBER($E13)),NOT(ISNUMBER(v_peso))),"ND",$E13*v_peso) -> 840 | H13: =IF($B13="","",IF(NOT(ISNUMBER(v_protObj)),"ND",v_protObj)) -> 126 | I13: =IF(OR($B13="",NOT(ISNUMBER(v_peso))),"",k_lipMin*v_peso) -> 56 | J13: =IF(OR(NOT(ISNUMBER($F13)),NOT(ISNUMBER($H13)),NOT(ISNUMBER($I13))),"ND",$F13*k_cho+$H13*k_prot+$I13*k_lip) -> 3248 | K13: =IF(OR(NOT(ISNUMBER($G13)),NOT(ISNUMBER($H13)),NOT(ISNUMBER($I13))),"ND",$G13*k_cho+$H13*k_prot+$I13*k_lip) -> 4368 | L13: =IF($B13="","",IF(NOT(ISNUMBER($E13)),"ND",IF($D13>=8,"ALTO",IF($D13>=6,"MEDIO-ALTO",IF($D13>=5,"MEDIO","BAJO"))))) -> ALTO
A14: =IF(MICROCICLO!A14="","",MICROCICLO!A14) -> Domingo | B14: =IF(MICROCICLO!B14="","",MICROCICLO!B14) -> Moderada | C14: =IF(MICROCICLO!C14="","",MICROCICLO!C14) -> 90 | D14: =IF($B14="","",IF(COUNTIF(lst_sesion,$B14)=0,"ND",INDEX(rng_sesion,MATCH($B14,lst_sesion,0),2))) -> 5 | E14: =IF($B14="","",IF(COUNTIF(lst_sesion,$B14)=0,"ND",INDEX(rng_sesion,MATCH($B14,lst_sesion,0),3))) -> 7 | F14: =IF(OR(NOT(ISNUMBER($D14)),NOT(ISNUMBER(v_peso))),"ND",$D14*v_peso) -> 350 | G14: =IF(OR(NOT(ISNUMBER($E14)),NOT(ISNUMBER(v_peso))),"ND",$E14*v_peso) -> 490 | H14: =IF($B14="","",IF(NOT(ISNUMBER(v_protObj)),"ND",v_protObj)) -> 126 | I14: =IF(OR($B14="",NOT(ISNUMBER(v_peso))),"",k_lipMin*v_peso) -> 56 | J14: =IF(OR(NOT(ISNUMBER($F14)),NOT(ISNUMBER($H14)),NOT(ISNUMBER($I14))),"ND",$F14*k_cho+$H14*k_prot+$I14*k_lip) -> 2408 | K14: =IF(OR(NOT(ISNUMBER($G14)),NOT(ISNUMBER($H14)),NOT(ISNUMBER($I14))),"ND",$G14*k_cho+$H14*k_prot+$I14*k_lip) -> 2968 | L14: =IF($B14="","",IF(NOT(ISNUMBER($E14)),"ND",IF($D14>=8,"ALTO",IF($D14>=6,"MEDIO-ALTO",IF($D14>=5,"MEDIO","BAJO"))))) -> MEDIO
A15: TOTAL DE LA SEMANA | F15: =SUM(F8:F14) -> 2380 | G15: =SUM(G8:G14) -> 3780 | H15: =SUM(H8:H14) -> 882 | I15: =SUM(I8:I14) -> 392 | J15: =SUM(J8:J14) -> 16576 | K15: =SUM(K8:K14) -> 22176
A16: PROMEDIO DIARIO | F16: =IF(COUNT(F8:F14)=0,"ND",AVERAGE(F8:F14)) -> 340 | G16: =IF(COUNT(G8:G14)=0,"ND",AVERAGE(G8:G14)) -> 540 | J16: =IF(COUNT(J8:J14)=0,"ND",AVERAGE(J8:J14)) -> 2368 | K16: =IF(COUNT(K8:K14)=0,"ND",AVERAGE(K8:K14)) -> 3168
A18: CONTRASTE ENTRE EL DÍA MÁS EXIGENTE Y EL MÁS SUAVE
A19: Mayor carbohidrato del microciclo (g) | C19: =MAX(G8:G14) -> 840
A20: Menor carbohidrato del microciclo (g) | C20: =MIN(F8:F14) -> 210
A21: Razón entre ambos extremos | C21: =IF(OR(NOT(ISNUMBER(C20)),C20=0),"ND",C19/C20) -> 4
A22: Lectura de la periodización | C22: =IF(NOT(ISNUMBER(C21)),"ND",IF(C21<1.5,"La ingesta es prácticamente plana: no hay periodización real, solo una dieta fija.",IF(C21<=5,"La ingesta varía de forma coherente con la demanda de cada sesión.","La diferencia entre días es muy amplia: verifique que los días bajos no comprometan la recuperación."))) -> La ingesta varía de forma coherente con la demanda de cada sesión.
A24: Los carbohidratos se periodizan; la proteína NO. Por eso la columna de proteína repite el mismo valor todos los días, incluido el de descanso. Los lípidos aparecen como mínimo a respetar, no como objetivo: completan la energía que falte una vez fijados carbohidratos y proteína.
A28: La energía que muestra este plan es la que se deriva de los gramajes, no una meta calórica prescrita. Si el objetivo incluye cambio de composición corporal, el ajuste se hace en los días de menor demanda y nunca recortando el combustible de las sesiones de calidad.

Sheet TIMING
A1: NUTRIMETRÍA · NMX-11
A2: Distribución en torno a la sesión · antes, durante y después
A4: =HYPERLINK("#INICIO!A1","▶ VOLVER A INICIO") -> ▶ VOLVER A INICIO
A6: PAUTA POR SESIÓN
A7: Día | B7: Tipo de sesión | C7: Min | D7: ANTES · g de CHO (1 a 4 h antes) | E7: DURANTE · g por hora | F7: DURANTE · total de la sesión | G7: DESPUÉS · ventana rápida | I7: Proteína tras la sesión (g) | J7: Nota operativa | L7: g/h máx (auxiliar)
A8: =IF(MICROCICLO!A8="","",MICROCICLO!A8) -> Lunes | B8: =IF(MICROCICLO!B8="","",MICROCICLO!B8) -> Descanso | C8: =IF(MICROCICLO!C8="","",MICROCICLO!C8) -> 0 | D8: =IF($B8="","",IF(COUNTIF(lst_sesion,$B8)=0,"ND",IF(INDEX(rng_sesion,MATCH($B8,lst_sesion,0),6)=0,"No requiere",INDEX(rng_sesion,MATCH($B8,lst_sesion,0),6)*v_peso))) -> No requiere | E8: =IF($B8="","",IF(COUNTIF(lst_sesion,$B8)=0,"ND",IF(INDEX(rng_sesion,MATCH($B8,lst_sesion,0),5)=0,"No requiere",INDEX(rng_sesion,MATCH($B8,lst_sesion,0),4)&" a "&INDEX(rng_sesion,MATCH($B8,lst_sesion,0),5)))) -> No requiere | F8: =IF(OR($B8="",NOT(ISNUMBER($C8))),"",IF(COUNTIF(lst_sesion,$B8)=0,"ND",IF(INDEX(rng_sesion,MATCH($B8,lst_sesion,0),5)=0,0,INDEX(rng_sesion,MATCH($B8,lst_sesion,0),5)*$C8/60))) -> 0 | G8: =IF($B8="","",IF(NOT(ISNUMBER(MICROCICLO!F8)),"Sin dato de intervalo",IF(MICROCICLO!F8<k_recHoras,TEXT(k_recCHO*v_peso,"0")&" g por hora las primeras 4 horas","Recuperación con las comidas habituales"))) -> Recuperación con las comidas habituales | I8: =IF($B8="","",IF(NOT(ISNUMBER($C8)),"",IF($C8=0,"—",0.3*v_peso))) -> — | J8: Día sin sesión: mantenga proteína y no compense con exceso de carbohidrato. | L8: =IF($B8="","",IF(COUNTIF(lst_sesion,$B8)=0,"",INDEX(rng_sesion,MATCH($B8,lst_sesion,0),5))) -> 0
A9: =IF(MICROCICLO!A9="","",MICROCICLO!A9) -> Martes | B9: =IF(MICROCICLO!B9="","",MICROCICLO!B9) -> Alta intensidad o intervalos | C9: =IF(MICROCICLO!C9="","",MICROCICLO!C9) -> 75 | D9: =IF($B9="","",IF(COUNTIF(lst_sesion,$B9)=0,"ND",IF(INDEX(rng_sesion,MATCH($B9,lst_sesion,0),6)=0,"No requiere",INDEX(rng_sesion,MATCH($B9,lst_sesion,0),6)*v_peso))) -> 210 | E9: =IF($B9="","",IF(COUNTIF(lst_sesion,$B9)=0,"ND",IF(INDEX(rng_sesion,MATCH($B9,lst_sesion,0),5)=0,"No requiere",INDEX(rng_sesion,MATCH($B9,lst_sesion,0),4)&" a "&INDEX(rng_sesion,MATCH($B9,lst_sesion,0),5)))) -> 30 a 60 | F9: =IF(OR($B9="",NOT(ISNUMBER($C9))),"",IF(COUNTIF(lst_sesion,$B9)=0,"ND",IF(INDEX(rng_sesion,MATCH($B9,lst_sesion,0),5)=0,0,INDEX(rng_sesion,MATCH($B9,lst_sesion,0),5)*$C9/60))) -> 75 | G9: =IF($B9="","",IF(NOT(ISNUMBER(MICROCICLO!F9)),"Sin dato de intervalo",IF(MICROCICLO!F9<k_recHoras,TEXT(k_recCHO*v_peso,"0")&" g por hora las primeras 4 horas","Recuperación con las comidas habituales"))) -> Recuperación con las comidas habituales | I9: =IF($B9="","",IF(NOT(ISNUMBER($C9)),"",IF($C9=0,"—",0.3*v_peso))) -> 21 | J9: Sesión de calidad: no debe realizarse con disponibilidad reducida. | L9: =IF($B9="","",IF(COUNTIF(lst_sesion,$B9)=0,"",INDEX(rng_sesion,MATCH($B9,lst_sesion,0),5))) -> 60
A10: =IF(MICROCICLO!A10="","",MICROCICLO!A10) -> Miércoles | B10: =IF(MICROCICLO!B10="","",MICROCICLO!B10) -> Suave o regenerativa | C10: =IF(MICROCICLO!C10="","",MICROCICLO!C10) -> 60 | D10: =IF($B10="","",IF(COUNTIF(lst_sesion,$B10)=0,"ND",IF(INDEX(rng_sesion,MATCH($B10,lst_sesion,0),6)=0,"No requiere",INDEX(rng_sesion,MATCH($B10,lst_sesion,0),6)*v_peso))) -> 70 | E10: =IF($B10="","",IF(COUNTIF(lst_sesion,$B10)=0,"ND",IF(INDEX(rng_sesion,MATCH($B10,lst_sesion,0),5)=0,"No requiere",INDEX(rng_sesion,MATCH($B10,lst_sesion,0),4)&" a "&INDEX(rng_sesion,MATCH($B10,lst_sesion,0),5)))) -> No requiere | F10: =IF(OR($B10="",NOT(ISNUMBER($C10))),"",IF(COUNTIF(lst_sesion,$B10)=0,"ND",IF(INDEX(rng_sesion,MATCH($B10,lst_sesion,0),5)=0,0,INDEX(rng_sesion,MATCH($B10,lst_sesion,0),5)*$C10/60))) -> 0 | G10: =IF($B10="","",IF(NOT(ISNUMBER(MICROCICLO!F10)),"Sin dato de intervalo",IF(MICROCICLO!F10<k_recHoras,TEXT(k_recCHO*v_peso,"0")&" g por hora las primeras 4 horas","Recuperación con las comidas habituales"))) -> Recuperación con las comidas habituales | I10: =IF($B10="","",IF(NOT(ISNUMBER($C10)),"",IF($C10=0,"—",0.3*v_peso))) -> 21 | J10: Candidata a disponibilidad reducida si el objetivo es adaptativo. | L10: =IF($B10="","",IF(COUNTIF(lst_sesion,$B10)=0,"",INDEX(rng_sesion,MATCH($B10,lst_sesion,0),5))) -> 0
A11: =IF(MICROCICLO!A11="","",MICROCICLO!A11) -> Jueves | B11: =IF(MICROCICLO!B11="","",MICROCICLO!B11) -> Alta intensidad o intervalos | C11: =IF(MICROCICLO!C11="","",MICROCICLO!C11) -> 90 | D11: =IF($B11="","",IF(COUNTIF(lst_sesion,$B11)=0,"ND",IF(INDEX(rng_sesion,MATCH($B11,lst_sesion,0),6)=0,"No requiere",INDEX(rng_sesion,MATCH($B11,lst_sesion,0),6)*v_peso))) -> 210 | E11: =IF($B11="","",IF(COUNTIF(lst_sesion,$B11)=0,"ND",IF(INDEX(rng_sesion,MATCH($B11,lst_sesion,0),5)=0,"No requiere",INDEX(rng_sesion,MATCH($B11,lst_sesion,0),4)&" a "&INDEX(rng_sesion,MATCH($B11,lst_sesion,0),5)))) -> 30 a 60 | F11: =IF(OR($B11="",NOT(ISNUMBER($C11))),"",IF(COUNTIF(lst_sesion,$B11)=0,"ND",IF(INDEX(rng_sesion,MATCH($B11,lst_sesion,0),5)=0,0,INDEX(rng_sesion,MATCH($B11,lst_sesion,0),5)*$C11/60))) -> 90 | G11: =IF($B11="","",IF(NOT(ISNUMBER(MICROCICLO!F11)),"Sin dato de intervalo",IF(MICROCICLO!F11<k_recHoras,TEXT(k_recCHO*v_peso,"0")&" g por hora las primeras 4 horas","Recuperación con las comidas habituales"))) -> Recuperación con las comidas habituales | I11: =IF($B11="","",IF(NOT(ISNUMBER($C11)),"",IF($C11=0,"—",0.3*v_peso))) -> 21 | J11: Sesión de calidad: llegue con reservas completas. | L11: =IF($B11="","",IF(COUNTIF(lst_sesion,$B11)=0,"",INDEX(rng_sesion,MATCH($B11,lst_sesion,0),5))) -> 60
A12: =IF(MICROCICLO!A12="","",MICROCICLO!A12) -> Viernes | B12: =IF(MICROCICLO!B12="","",MICROCICLO!B12) -> Suave o regenerativa | C12: =IF(MICROCICLO!C12="","",MICROCICLO!C12) -> 45 | D12: =IF($B12="","",IF(COUNTIF(lst_sesion,$B12)=0,"ND",IF(INDEX(rng_sesion,MATCH($B12,lst_sesion,0),6)=0,"No requiere",INDEX(rng_sesion,MATCH($B12,lst_sesion,0),6)*v_peso))) -> 70 | E12: =IF($B12="","",IF(COUNTIF(lst_sesion,$B12)=0,"ND",IF(INDEX(rng_sesion,MATCH($B12,lst_sesion,0),5)=0,"No requiere",INDEX(rng_sesion,MATCH($B12,lst_sesion,0),4)&" a "&INDEX(rng_sesion,MATCH($B12,lst_sesion,0),5)))) -> No requiere | F12: =IF(OR($B12="",NOT(ISNUMBER($C12))),"",IF(COUNTIF(lst_sesion,$B12)=0,"ND",IF(INDEX(rng_sesion,MATCH($B12,lst_sesion,0),5)=0,0,INDEX(rng_sesion,MATCH($B12,lst_sesion,0),5)*$C12/60))) -> 0 | G12: =IF($B12="","",IF(NOT(ISNUMBER(MICROCICLO!F12)),"Sin dato de intervalo",IF(MICROCICLO!F12<k_recHoras,TEXT(k_recCHO*v_peso,"0")&" g por hora las primeras 4 horas","Recuperación con las comidas habituales"))) -> Recuperación con las comidas habituales | I12: =IF($B12="","",IF(NOT(ISNUMBER($C12)),"",IF($C12=0,"—",0.3*v_peso))) -> 21 | J12: Activación previa al fondo: aporte ligero. | L12: =IF($B12="","",IF(COUNTIF(lst_sesion,$B12)=0,"",INDEX(rng_sesion,MATCH($B12,lst_sesion,0),5))) -> 0
A13: =IF(MICROCICLO!A13="","",MICROCICLO!A13) -> Sábado | B13: =IF(MICROCICLO!B13="","",MICROCICLO!B13) -> Larga o fondo | C13: =IF(MICROCICLO!C13="","",MICROCICLO!C13) -> 180 | D13: =IF($B13="","",IF(COUNTIF(lst_sesion,$B13)=0,"ND",IF(INDEX(rng_sesion,MATCH($B13,lst_sesion,0),6)=0,"No requiere",INDEX(rng_sesion,MATCH($B13,lst_sesion,0),6)*v_peso))) -> 210 | E13: =IF($B13="","",IF(COUNTIF(lst_sesion,$B13)=0,"ND",IF(INDEX(rng_sesion,MATCH($B13,lst_sesion,0),5)=0,"No requiere",INDEX(rng_sesion,MATCH($B13,lst_sesion,0),4)&" a "&INDEX(rng_sesion,MATCH($B13,lst_sesion,0),5)))) -> 60 a 90 | F13: =IF(OR($B13="",NOT(ISNUMBER($C13))),"",IF(COUNTIF(lst_sesion,$B13)=0,"ND",IF(INDEX(rng_sesion,MATCH($B13,lst_sesion,0),5)=0,0,INDEX(rng_sesion,MATCH($B13,lst_sesion,0),5)*$C13/60))) -> 270 | G13: =IF($B13="","",IF(NOT(ISNUMBER(MICROCICLO!F13)),"Sin dato de intervalo",IF(MICROCICLO!F13<k_recHoras,TEXT(k_recCHO*v_peso,"0")&" g por hora las primeras 4 horas","Recuperación con las comidas habituales"))) -> Recuperación con las comidas habituales | I13: =IF($B13="","",IF(NOT(ISNUMBER($C13)),"",IF($C13=0,"—",0.3*v_peso))) -> 21 | J13: Sesión más larga: entrene también la tolerancia digestiva al aporte durante. | L13: =IF($B13="","",IF(COUNTIF(lst_sesion,$B13)=0,"",INDEX(rng_sesion,MATCH($B13,lst_sesion,0),5))) -> 90
A14: =IF(MICROCICLO!A14="","",MICROCICLO!A14) -> Domingo | B14: =IF(MICROCICLO!B14="","",MICROCICLO!B14) -> Moderada | C14: =IF(MICROCICLO!C14="","",MICROCICLO!C14) -> 90 | D14: =IF($B14="","",IF(COUNTIF(lst_sesion,$B14)=0,"ND",IF(INDEX(rng_sesion,MATCH($B14,lst_sesion,0),6)=0,"No requiere",INDEX(rng_sesion,MATCH($B14,lst_sesion,0),6)*v_peso))) -> 140 | E14: =IF($B14="","",IF(COUNTIF(lst_sesion,$B14)=0,"ND",IF(INDEX(rng_sesion,MATCH($B14,lst_sesion,0),5)=0,"No requiere",INDEX(rng_sesion,MATCH($B14,lst_sesion,0),4)&" a "&INDEX(rng_sesion,MATCH($B14,lst_sesion,0),5)))) -> 30 a 60 | F14: =IF(OR($B14="",NOT(ISNUMBER($C14))),"",IF(COUNTIF(lst_sesion,$B14)=0,"ND",IF(INDEX(rng_sesion,MATCH($B14,lst_sesion,0),5)=0,0,INDEX(rng_sesion,MATCH($B14,lst_sesion,0),5)*$C14/60))) -> 90 | G14: =IF($B14="","",IF(NOT(ISNUMBER(MICROCICLO!F14)),"Sin dato de intervalo",IF(MICROCICLO!F14<k_recHoras,TEXT(k_recCHO*v_peso,"0")&" g por hora las primeras 4 horas","Recuperación con las comidas habituales"))) -> Recuperación con las comidas habituales | I14: =IF($B14="","",IF(NOT(ISNUMBER($C14)),"",IF($C14=0,"—",0.3*v_peso))) -> 21 | J14: Sesión moderada: aporte durante si supera los 60 minutos. | L14: =IF($B14="","",IF(COUNTIF(lst_sesion,$B14)=0,"",INDEX(rng_sesion,MATCH($B14,lst_sesion,0),5))) -> 60
A16: TOTALES DE APORTE DURANTE LAS SESIONES
A17: Carbohidrato a consumir durante las sesiones en la semana (g) | E17: =SUMIF(F8:F14,"<>ND") -> 525
A18: Sesión de mayor aporte durante (g) | E18: =MAX(F8:F14) -> 270
A19: Aporte por hora más alto de la semana (g/h) | E19: =MAX(L8:L14) -> 90
A20: Tolerancia digestiva | E20: =IF(NOT(ISNUMBER(E19)),"ND",IF(E19>=90,"El aporte por hora de la sesión más larga es alto: requiere entrenamiento previo del intestino y una prueba en entrenamiento antes de usarlo en competencia.","El aporte por hora se mantiene en un rango de tolerancia habitual.")) -> El aporte por hora de la sesión más larga es alto: requiere entrenamiento previo del intestino y una prueba en entrenamiento antes de usarlo en competencia.
A22: El aporte durante la sesión NO se resta del total diario: forma parte de él. Las cifras por hora son rangos de referencia y dependen de la tolerancia individual, que se entrena. Nunca estrene en competencia una estrategia que no haya probado antes en entrenamiento.
A26: La ventana de recuperación rápida solo es determinante cuando la próxima sesión ocurre en menos de ocho horas. Con intervalos mayores, la recuperación se resuelve con las comidas habituales del día y no requiere una ventana estrecha.

Sheet PANEL
A1: NUTRIMETRÍA · NMX-11
A2: Tablero del microciclo · lectura rápida del plan
A4: =HYPERLINK("#INICIO!A1","▶ VOLVER A INICIO") -> ▶ VOLVER A INICIO
A6: INDICADORES DE LA SEMANA
A7: HORAS DE ENTRENAMIENTO | D7: SESIONES | G7: CARBOHIDRATO SEMANAL | J7: PROMEDIO DIARIO | M7: RAZÓN ALTO / BAJO
A8: =MICROCICLO!C18 -> 9 | D8: =MICROCICLO!C19 -> 6 | G8: =PERIODIZACION!G15 -> 3780 | J8: =PERIODIZACION!G16 -> 540 | M8: =PERIODIZACION!C21 -> 4
A10: horas en la semana | D10: sesiones programadas | G10: gramos · límite superior | J10: gramos de CHO al día | M10: veces entre extremos
A12: PROTEÍNA DIARIA | D12: ENERGÍA SEMANAL | G12: DISPONIBILIDAD REDUCIDA | J12: APORTE DURANTE | M12: SEMANAS A COMPETIR
A13: =v_protObj -> 126 | D13: =PERIODIZACION!K15 -> 22176 | G13: =MICROCICLO!C21 -> 0.33333333 | J13: =TIMING!E17 -> 525 | M13: =DATOS!C16 -> 0
A15: gramos constantes | D15: kcal · límite superior | G15: proporción de sesiones | J15: gramos en la semana | M15: semanas restantes
A18: CARBOHIDRATO POR DÍA · el perfil que define la periodización
A19: Día | B19: CHO mínimo (g) | C19: CHO máximo (g) | D19: Minutos | E19: Nivel
A20: =PERIODIZACION!A8 -> Lunes | B20: =PERIODIZACION!F8 -> 210 | C20: =PERIODIZACION!G8 -> 350 | D20: =PERIODIZACION!C8 -> 0 | E20: =PERIODIZACION!L8 -> BAJO
A21: =PERIODIZACION!A9 -> Martes | B21: =PERIODIZACION!F9 -> 420 | C21: =PERIODIZACION!G9 -> 700 | D21: =PERIODIZACION!C9 -> 75 | E21: =PERIODIZACION!L9 -> MEDIO-ALTO
A22: =PERIODIZACION!A10 -> Miércoles | B22: =PERIODIZACION!F10 -> 210 | C22: =PERIODIZACION!G10 -> 350 | D22: =PERIODIZACION!C10 -> 60 | E22: =PERIODIZACION!L10 -> BAJO
A23: =PERIODIZACION!A11 -> Jueves | B23: =PERIODIZACION!F11 -> 420 | C23: =PERIODIZACION!G11 -> 700 | D23: =PERIODIZACION!C11 -> 90 | E23: =PERIODIZACION!L11 -> MEDIO-ALTO
A24: =PERIODIZACION!A12 -> Viernes | B24: =PERIODIZACION!F12 -> 210 | C24: =PERIODIZACION!G12 -> 350 | D24: =PERIODIZACION!C12 -> 45 | E24: =PERIODIZACION!L12 -> BAJO
A25: =PERIODIZACION!A13 -> Sábado | B25: =PERIODIZACION!F13 -> 560 | C25: =PERIODIZACION!G13 -> 840 | D25: =PERIODIZACION!C13 -> 180 | E25: =PERIODIZACION!L13 -> ALTO
A26: =PERIODIZACION!A14 -> Domingo | B26: =PERIODIZACION!F14 -> 350 | C26: =PERIODIZACION!G14 -> 490 | D26: =PERIODIZACION!C14 -> 90 | E26: =PERIODIZACION!L14 -> MEDIO
A28: CARGA FRENTE A COMBUSTIBLE · deben moverse juntas
A29: Día | B29: Minutos de sesión | C29: CHO máximo (g)
A30: =PERIODIZACION!A8 -> Lunes | B30: =PERIODIZACION!C8 -> 0 | C30: =PERIODIZACION!G8 -> 350
A31: =PERIODIZACION!A9 -> Martes | B31: =PERIODIZACION!C9 -> 75 | C31: =PERIODIZACION!G9 -> 700
A32: =PERIODIZACION!A10 -> Miércoles | B32: =PERIODIZACION!C10 -> 60 | C32: =PERIODIZACION!G10 -> 350
A33: =PERIODIZACION!A11 -> Jueves | B33: =PERIODIZACION!C11 -> 90 | C33: =PERIODIZACION!G11 -> 700
A34: =PERIODIZACION!A12 -> Viernes | B34: =PERIODIZACION!C12 -> 45 | C34: =PERIODIZACION!G12 -> 350
A35: =PERIODIZACION!A13 -> Sábado | B35: =PERIODIZACION!C13 -> 180 | C35: =PERIODIZACION!G13 -> 840
A36: =PERIODIZACION!A14 -> Domingo | B36: =PERIODIZACION!C14 -> 90 | C36: =PERIODIZACION!G14 -> 490
A38: LECTURA DEL TABLERO
A39: Coherencia entre carga y combustible | C39: =IF(NOT(ISNUMBER(PERIODIZACION!C21)),"ND",IF(PERIODIZACION!C21<1.5,"El perfil de carbohidrato es plano: la ingesta no acompaña la carga.","El perfil de carbohidrato sigue la forma de la carga: los días exigentes reciben más combustible.")) -> El perfil de carbohidrato sigue la forma de la carga: los días exigentes reciben más combustible.
A40: Distribución de sesiones | C40: =MICROCICLO!C22 -> La proporción de sesiones con disponibilidad reducida está dentro del rango habitual.
A42: Este tablero resume el PLAN, no lo ejecutado. Para comparar plan contra realidad utilice un registro de ingesta y el módulo de evaluación dietética que corresponda.

Sheet RESUMEN
A1: NUTRIMETRÍA · NMX-11
A2: Plan para entregar al deportista
A4: =HYPERLINK("#INICIO!A1","▶ VOLVER A INICIO") -> ▶ VOLVER A INICIO
A6: ENCABEZADO DEL PLAN
A7: Deportista | C7: =DATOS!C6 -> 0
A8: Fase de la temporada | C8: =v_fase -> Construcción
A9: Semana del mesociclo | C9: =DATOS!C13 -> Ciclismo de ruta
A10: Objetivo principal | C10: =DATOS!C14 -> Federado
A11: Peso de referencia (kg) | C11: =v_peso -> 70
A12: Fecha del plan | C12: =DATOS!C18 -> Construcción
A13: Profesional responsable | C13: =DATOS!C17 -> 0
A15: QUÉ COMER CADA DÍA
A16: Día | B16: Sesión | C16: Duración | D16: Carbohidrato del día | E16: Proteína | F16: Antes de entrenar | G16: Durante | H16: Después
A17: =PERIODIZACION!A8 -> Lunes | B17: =PERIODIZACION!B8 -> Descanso | C17: =IF(NOT(ISNUMBER(PERIODIZACION!C8)),"",IF(PERIODIZACION!C8=0,"—",TEXT(PERIODIZACION!C8,"0")&" min")) -> — | D17: =IF(OR(NOT(ISNUMBER(PERIODIZACION!F8)),NOT(ISNUMBER(PERIODIZACION!G8))),"ND",TEXT(PERIODIZACION!F8,"0")&" a "&TEXT(PERIODIZACION!G8,"0")&" g") -> 210 a 350 g | E17: =IF(NOT(ISNUMBER(PERIODIZACION!H8)),"",TEXT(PERIODIZACION!H8,"0")&" g") -> 126 g | F17: =IF(TIMING!D8="","",IF(ISNUMBER(TIMING!D8),TEXT(TIMING!D8,"0")&" g de CHO",TIMING!D8)) -> No requiere | G17: =IF(TIMING!E8="","",IF(TIMING!E8="No requiere","No requiere",TIMING!E8&" g por hora")) -> No requiere | H17: =TIMING!G8 -> Recuperación con las comidas habituales
A18: =PERIODIZACION!A9 -> Martes | B18: =PERIODIZACION!B9 -> Alta intensidad o intervalos | C18: =IF(NOT(ISNUMBER(PERIODIZACION!C9)),"",IF(PERIODIZACION!C9=0,"—",TEXT(PERIODIZACION!C9,"0")&" min")) -> 75 min | D18: =IF(OR(NOT(ISNUMBER(PERIODIZACION!F9)),NOT(ISNUMBER(PERIODIZACION!G9))),"ND",TEXT(PERIODIZACION!F9,"0")&" a "&TEXT(PERIODIZACION!G9,"0")&" g") -> 420 a 700 g | E18: =IF(NOT(ISNUMBER(PERIODIZACION!H9)),"",TEXT(PERIODIZACION!H9,"0")&" g") -> 126 g | F18: =IF(TIMING!D9="","",IF(ISNUMBER(TIMING!D9),TEXT(TIMING!D9,"0")&" g de CHO",TIMING!D9)) -> 210 g de CHO | G18: =IF(TIMING!E9="","",IF(TIMING!E9="No requiere","No requiere",TIMING!E9&" g por hora")) -> 30 a 60 g por hora | H18: =TIMING!G9 -> Recuperación con las comidas habituales
A19: =PERIODIZACION!A10 -> Miércoles | B19: =PERIODIZACION!B10 -> Suave o regenerativa | C19: =IF(NOT(ISNUMBER(PERIODIZACION!C10)),"",IF(PERIODIZACION!C10=0,"—",TEXT(PERIODIZACION!C10,"0")&" min")) -> 60 min | D19: =IF(OR(NOT(ISNUMBER(PERIODIZACION!F10)),NOT(ISNUMBER(PERIODIZACION!G10))),"ND",TEXT(PERIODIZACION!F10,"0")&" a "&TEXT(PERIODIZACION!G10,"0")&" g") -> 210 a 350 g | E19: =IF(NOT(ISNUMBER(PERIODIZACION!H10)),"",TEXT(PERIODIZACION!H10,"0")&" g") -> 126 g | F19: =IF(TIMING!D10="","",IF(ISNUMBER(TIMING!D10),TEXT(TIMING!D10,"0")&" g de CHO",TIMING!D10)) -> 70 g de CHO | G19: =IF(TIMING!E10="","",IF(TIMING!E10="No requiere","No requiere",TIMING!E10&" g por hora")) -> No requiere | H19: =TIMING!G10 -> Recuperación con las comidas habituales
A20: =PERIODIZACION!A11 -> Jueves | B20: =PERIODIZACION!B11 -> Alta intensidad o intervalos | C20: =IF(NOT(ISNUMBER(PERIODIZACION!C11)),"",IF(PERIODIZACION!C11=0,"—",TEXT(PERIODIZACION!C11,"0")&" min")) -> 90 min | D20: =IF(OR(NOT(ISNUMBER(PERIODIZACION!F11)),NOT(ISNUMBER(PERIODIZACION!G11))),"ND",TEXT(PERIODIZACION!F11,"0")&" a "&TEXT(PERIODIZACION!G11,"0")&" g") -> 420 a 700 g | E20: =IF(NOT(ISNUMBER(PERIODIZACION!H11)),"",TEXT(PERIODIZACION!H11,"0")&" g") -> 126 g | F20: =IF(TIMING!D11="","",IF(ISNUMBER(TIMING!D11),TEXT(TIMING!D11,"0")&" g de CHO",TIMING!D11)) -> 210 g de CHO | G20: =IF(TIMING!E11="","",IF(TIMING!E11="No requiere","No requiere",TIMING!E11&" g por hora")) -> 30 a 60 g por hora | H20: =TIMING!G11 -> Recuperación con las comidas habituales
A21: =PERIODIZACION!A12 -> Viernes | B21: =PERIODIZACION!B12 -> Suave o regenerativa | C21: =IF(NOT(ISNUMBER(PERIODIZACION!C12)),"",IF(PERIODIZACION!C12=0,"—",TEXT(PERIODIZACION!C12,"0")&" min")) -> 45 min | D21: =IF(OR(NOT(ISNUMBER(PERIODIZACION!F12)),NOT(ISNUMBER(PERIODIZACION!G12))),"ND",TEXT(PERIODIZACION!F12,"0")&" a "&TEXT(PERIODIZACION!G12,"0")&" g") -> 210 a 350 g | E21: =IF(NOT(ISNUMBER(PERIODIZACION!H12)),"",TEXT(PERIODIZACION!H12,"0")&" g") -> 126 g | F21: =IF(TIMING!D12="","",IF(ISNUMBER(TIMING!D12),TEXT(TIMING!D12,"0")&" g de CHO",TIMING!D12)) -> 70 g de CHO | G21: =IF(TIMING!E12="","",IF(TIMING!E12="No requiere","No requiere",TIMING!E12&" g por hora")) -> No requiere | H21: =TIMING!G12 -> Recuperación con las comidas habituales
A22: =PERIODIZACION!A13 -> Sábado | B22: =PERIODIZACION!B13 -> Larga o fondo | C22: =IF(NOT(ISNUMBER(PERIODIZACION!C13)),"",IF(PERIODIZACION!C13=0,"—",TEXT(PERIODIZACION!C13,"0")&" min")) -> 180 min | D22: =IF(OR(NOT(ISNUMBER(PERIODIZACION!F13)),NOT(ISNUMBER(PERIODIZACION!G13))),"ND",TEXT(PERIODIZACION!F13,"0")&" a "&TEXT(PERIODIZACION!G13,"0")&" g") -> 560 a 840 g | E22: =IF(NOT(ISNUMBER(PERIODIZACION!H13)),"",TEXT(PERIODIZACION!H13,"0")&" g") -> 126 g | F22: =IF(TIMING!D13="","",IF(ISNUMBER(TIMING!D13),TEXT(TIMING!D13,"0")&" g de CHO",TIMING!D13)) -> 210 g de CHO | G22: =IF(TIMING!E13="","",IF(TIMING!E13="No requiere","No requiere",TIMING!E13&" g por hora")) -> 60 a 90 g por hora | H22: =TIMING!G13 -> Recuperación con las comidas habituales
A23: =PERIODIZACION!A14 -> Domingo | B23: =PERIODIZACION!B14 -> Moderada | C23: =IF(NOT(ISNUMBER(PERIODIZACION!C14)),"",IF(PERIODIZACION!C14=0,"—",TEXT(PERIODIZACION!C14,"0")&" min")) -> 90 min | D23: =IF(OR(NOT(ISNUMBER(PERIODIZACION!F14)),NOT(ISNUMBER(PERIODIZACION!G14))),"ND",TEXT(PERIODIZACION!F14,"0")&" a "&TEXT(PERIODIZACION!G14,"0")&" g") -> 350 a 490 g | E23: =IF(NOT(ISNUMBER(PERIODIZACION!H14)),"",TEXT(PERIODIZACION!H14,"0")&" g") -> 126 g | F23: =IF(TIMING!D14="","",IF(ISNUMBER(TIMING!D14),TEXT(TIMING!D14,"0")&" g de CHO",TIMING!D14)) -> 140 g de CHO | G23: =IF(TIMING!E14="","",IF(TIMING!E14="No requiere","No requiere",TIMING!E14&" g por hora")) -> 30 a 60 g por hora | H23: =TIMING!G14 -> Recuperación con las comidas habituales
A25: INDICACIONES GENERALES
A26: 1 | C26: La proteína se mantiene igual todos los días, incluido el de descanso.
A27: 2 | C27: Los días exigentes llevan más carbohidrato: no recorte el combustible de una sesión de calidad.
A28: 3 | C28: El ajuste de energía, si lo hay, se hace en los días suaves y de descanso.
A29: 4 | C29: Lo que come durante la sesión forma parte del total del día, no se suma aparte.
A30: 5 | C30: Pruebe en entrenamiento cualquier estrategia antes de usarla en competencia.
A31: 6 | C31: Si una sesión se mueve o se cancela, avise: el plan del día cambia con ella.
A33: ESPACIO PARA OBSERVACIONES DEL PROFESIONAL
A34: Ajustes acordados con el deportista | C34: —
A35: Señales de alerta a vigilar | C35: —
A36: Fecha del próximo control | C36: —
A38: Este plan expresa rangos de referencia por kilo de peso, no una prescripción individual cerrada. La tolerancia digestiva, la disponibilidad de alimentos, los horarios reales y la respuesta de la persona obligan a ajustarlo. No sustituye la evaluación nutricional que lo fundamenta ni el seguimiento profesional.

Sheet FUENTES
A1: NUTRIMETRÍA · NMX-11
A2: Evidencia, referencias y trazabilidad
A4: =HYPERLINK("#INICIO!A1","▶ VOLVER A INICIO") -> ▶ VOLVER A INICIO
A6: MARCO CONCEPTUAL Y REFERENCIAS
A7: Elemento | B7: Referencia y alcance
A8: Combustible para el trabajo requerido | B8: Impey SG, Hearris MA, Hammond KM, Bartlett JD, Louis J, Close GL, Morton JP. «Fuel for the work required: a theoretical framework for carbohydrate periodization and the glycogen threshold hypothesis». Sports Medicine, 2018; 48(5): 1031-1048. DOI 10.1007/s40279-018-0867-7. Propone ajustar la disponibilidad de carbohidratos a la demanda de la sesión siguiente y plantea la hipótesis del umbral de glucógeno.
A9: Periodización nutricional | B9: Jeukendrup AE. «Periodized Nutrition for Athletes». Sports Medicine, 2017; 47(Supl 1): 51-63. Formaliza la idea de que la nutrición debe planificarse con la misma lógica con que se planifica el entrenamiento, en lugar de mantener una dieta fija durante toda la temporada.
A10: Secuencia de la periodización | B10: Stellingwerff T, Morton JP, Burke LM proponen alinear la estrategia en tres escalas: macrociclo por fases de la temporada, mesociclo por semanas y microciclo por sesión. Este libro trabaja en la escala del MICROCICLO.
A11: Proporción de sesiones con disponibilidad reducida | B11: La literatura sobre entrenamiento con baja disponibilidad sitúa entre el 30% y el 50% de las sesiones como rango en que se han observado señales adaptativas sin comprometer la calidad del entrenamiento. Es un rango orientador y editable en CONFIG, no una regla.
A12: Carbohidrato durante el ejercicio | B12: Referencias de consenso ampliamente difundidas: sesiones bajo 60 a 75 minutos no requieren aporte; entre 1 y 3 horas, del orden de 30 a 60 gramos por hora; en intensidad sostenida sobre 2 a 3 horas se describen aportes mayores, que exigen entrenamiento previo de la tolerancia digestiva.
A13: Carbohidrato antes de la sesión | B13: El rango de 1 a 4 gramos por kilo entre 1 y 4 horas antes proviene del documento de posición conjunto de la Academy of Nutrition and Dietetics, Dietitians of Canada y el American College of Sports Medicine sobre nutrición y rendimiento deportivo.
A14: Proteína | B14: Se mantiene constante entre 1,6 y 2,2 gramos por kilo al día con independencia de la carga. Lo que se periodiza son los carbohidratos. Referencia: documento de posición de la International Society of Sports Nutrition sobre proteína y ejercicio, Jäger R y cols., 2017.
A15: Comparación con la restricción crónica | B15: Burke LM y Hawley JA discuten en Science, 2018; 362(6416): 781-787, por qué la estrategia de disponibilidad permanentemente alta y la restricción crónica de carbohidratos resultan ambas subóptimas frente a un enfoque periodizado.
A16: Qué NO hace este libro | B16: No estima el gasto energético de las sesiones; no prescribe una meta calórica; no reemplaza la evaluación nutricional que fundamenta el plan; no evalúa la ingesta realmente consumida; no está validado clínicamente.
A17: Advertencia sobre las fuentes | B17: Las cifras precargadas son rangos de referencia poblacionales tomados de literatura de consenso, EDITABLES en CONFIG. No provienen de una guía clínica única ni constituyen una prescripción individual. Verifique los criterios vigentes que usted aplica en su práctica.
A19: La periodización nutricional es un marco de planificación, no una garantía de resultado. Su eficacia depende de que el entrenamiento efectivamente ocurra como está planificado y de que la persona tolere y sostenga la estrategia. Un plan que no se puede cumplir no es mejor que una dieta fija.

Sheet PRUEBAS
A1: NUTRIMETRÍA · NMX-11
A2: Control de calidad del motor de cálculo
A4: =HYPERLINK("#INICIO!A1","▶ VOLVER A INICIO") -> ▶ VOLVER A INICIO
A6: Los valores esperados se calcularon de forma independiente del motor del libro (verificación externa).
A8: Bloque | B8: Descripción de la prueba | C8: Obtenido | D8: Esperado | E8: Estado
A9: A | B9: Horas de entrenamiento de la semana | C9: =MICROCICLO!C18 -> 9 | D9: 9 | E9: =IF(AND(ISNUMBER(C9),ISNUMBER(D9)),IF(ABS(C9-D9)<=0.001,"APROBADO","REVISAR"),IF(EXACT(C9&"",D9&""),"APROBADO","REVISAR")) -> APROBADO
A10: A | B10: Número de sesiones programadas | C10: =MICROCICLO!C19 -> 6 | D10: 6 | E10: =IF(AND(ISNUMBER(C10),ISNUMBER(D10)),IF(ABS(C10-D10)<=0.001,"APROBADO","REVISAR"),IF(EXACT(C10&"",D10&""),"APROBADO","REVISAR")) -> APROBADO
A11: A | B11: Sesiones con disponibilidad reducida | C11: =MICROCICLO!C20 -> 2 | D11: 2 | E11: =IF(AND(ISNUMBER(C11),ISNUMBER(D11)),IF(ABS(C11-D11)<=0.001,"APROBADO","REVISAR"),IF(EXACT(C11&"",D11&""),"APROBADO","REVISAR")) -> APROBADO
A12: A | B12: Proporción de sesiones con disponibilidad reducida | C12: =MICROCICLO!C21 -> 0.33333333 | D12: 0.33333333 | E12: =IF(AND(ISNUMBER(C12),ISNUMBER(D12)),IF(ABS(C12-D12)<=0.001,"APROBADO","REVISAR"),IF(EXACT(C12&"",D12&""),"APROBADO","REVISAR")) -> APROBADO
A13: A | B13: La proporción queda dentro del rango recomendado | C13: =IF(LEFT(MICROCICLO!C22,13)="La proporción","DENTRO","FUERA") -> DENTRO | D13: DENTRO | E13: =IF(AND(ISNUMBER(C13),ISNUMBER(D13)),IF(ABS(C13-D13)<=0.001,"APROBADO","REVISAR"),IF(EXACT(C13&"",D13&""),"APROBADO","REVISAR")) -> APROBADO
A14: B | B14: Lunes · descanso · carbohidrato mínimo (3 g/kg × 70) | C14: =PERIODIZACION!F8 -> 210 | D14: 210 | E14: =IF(AND(ISNUMBER(C14),ISNUMBER(D14)),IF(ABS(C14-D14)<=0.001,"APROBADO","REVISAR"),IF(EXACT(C14&"",D14&""),"APROBADO","REVISAR")) -> APROBADO
A15: B | B15: Lunes · descanso · carbohidrato máximo (5 g/kg × 70) | C15: =PERIODIZACION!G8 -> 350 | D15: 350 | E15: =IF(AND(ISNUMBER(C15),ISNUMBER(D15)),IF(ABS(C15-D15)<=0.001,"APROBADO","REVISAR"),IF(EXACT(C15&"",D15&""),"APROBADO","REVISAR")) -> APROBADO
A16: B | B16: Martes · alta intensidad · máximo (10 g/kg × 70) | C16: =PERIODIZACION!G9 -> 700 | D16: 700 | E16: =IF(AND(ISNUMBER(C16),ISNUMBER(D16)),IF(ABS(C16-D16)<=0.001,"APROBADO","REVISAR"),IF(EXACT(C16&"",D16&""),"APROBADO","REVISAR")) -> APROBADO
A17: B | B17: Sábado · fondo · máximo (12 g/kg × 70) | C17: =PERIODIZACION!G13 -> 840 | D17: 840 | E17: =IF(AND(ISNUMBER(C17),ISNUMBER(D17)),IF(ABS(C17-D17)<=0.001,"APROBADO","REVISAR"),IF(EXACT(C17&"",D17&""),"APROBADO","REVISAR")) -> APROBADO
A18: B | B18: Domingo · moderada · mínimo (5 g/kg × 70) | C18: =PERIODIZACION!F14 -> 350 | D18: 350 | E18: =IF(AND(ISNUMBER(C18),ISNUMBER(D18)),IF(ABS(C18-D18)<=0.001,"APROBADO","REVISAR"),IF(EXACT(C18&"",D18&""),"APROBADO","REVISAR")) -> APROBADO
A19: C | B19: Carbohidrato semanal · límite inferior | C19: =PERIODIZACION!F15 -> 2380 | D19: 2380 | E19: =IF(AND(ISNUMBER(C19),ISNUMBER(D19)),IF(ABS(C19-D19)<=0.001,"APROBADO","REVISAR"),IF(EXACT(C19&"",D19&""),"APROBADO","REVISAR")) -> APROBADO
A20: C | B20: Carbohidrato semanal · límite superior | C20: =PERIODIZACION!G15 -> 3780 | D20: 3780 | E20: =IF(AND(ISNUMBER(C20),ISNUMBER(D20)),IF(ABS(C20-D20)<=0.001,"APROBADO","REVISAR"),IF(EXACT(C20&"",D20&""),"APROBADO","REVISAR")) -> APROBADO
A21: C | B21: Promedio diario · límite superior | C21: =PERIODIZACION!G16 -> 540 | D21: 540 | E21: =IF(AND(ISNUMBER(C21),ISNUMBER(D21)),IF(ABS(C21-D21)<=0.001,"APROBADO","REVISAR"),IF(EXACT(C21&"",D21&""),"APROBADO","REVISAR")) -> APROBADO
A22: C | B22: Proteína semanal (126 g × 7 días) | C22: =PERIODIZACION!H15 -> 882 | D22: 882 | E22: =IF(AND(ISNUMBER(C22),ISNUMBER(D22)),IF(ABS(C22-D22)<=0.001,"APROBADO","REVISAR"),IF(EXACT(C22&"",D22&""),"APROBADO","REVISAR")) -> APROBADO
A23: D | B23: La proteína del día de descanso es igual a la del día de fondo | C23: =PERIODIZACION!H8-PERIODIZACION!H13 -> 0 | D23: 0 | E23: =IF(AND(ISNUMBER(C23),ISNUMBER(D23)),IF(ABS(C23-D23)<=0.001,"APROBADO","REVISAR"),IF(EXACT(C23&"",D23&""),"APROBADO","REVISAR")) -> APROBADO
A24: D | B24: Razón entre el día más alto y el más bajo | C24: =PERIODIZACION!C21 -> 4 | D24: 4 | E24: =IF(AND(ISNUMBER(C24),ISNUMBER(D24)),IF(ABS(C24-D24)<=0.001,"APROBADO","REVISAR"),IF(EXACT(C24&"",D24&""),"APROBADO","REVISAR")) -> APROBADO
A25: D | B25: La periodización se evalúa como coherente | C25: =IF(LEFT(PERIODIZACION!C22,13)="La ingesta va","COHERENTE","OTRO") -> COHERENTE | D25: COHERENTE | E25: =IF(AND(ISNUMBER(C25),ISNUMBER(D25)),IF(ABS(C25-D25)<=0.001,"APROBADO","REVISAR"),IF(EXACT(C25&"",D25&""),"APROBADO","REVISAR")) -> APROBADO
A26: E | B26: Sábado · aporte durante la sesión (90 g/h × 3 h) | C26: =TIMING!F13 -> 270 | D26: 270 | E26: =IF(AND(ISNUMBER(C26),ISNUMBER(D26)),IF(ABS(C26-D26)<=0.001,"APROBADO","REVISAR"),IF(EXACT(C26&"",D26&""),"APROBADO","REVISAR")) -> APROBADO
A27: E | B27: Martes · aporte durante la sesión (60 g/h × 1,25 h) | C27: =TIMING!F9 -> 75 | D27: 75 | E27: =IF(AND(ISNUMBER(C27),ISNUMBER(D27)),IF(ABS(C27-D27)<=0.001,"APROBADO","REVISAR"),IF(EXACT(C27&"",D27&""),"APROBADO","REVISAR")) -> APROBADO
A28: E | B28: Lunes · sin sesión, sin aporte durante | C28: =TIMING!F8 -> 0 | D28: 0 | E28: =IF(AND(ISNUMBER(C28),ISNUMBER(D28)),IF(ABS(C28-D28)<=0.001,"APROBADO","REVISAR"),IF(EXACT(C28&"",D28&""),"APROBADO","REVISAR")) -> APROBADO
A29: E | B29: Carbohidrato total a consumir durante las sesiones | C29: =TIMING!E17 -> 525 | D29: 525 | E29: =IF(AND(ISNUMBER(C29),ISNUMBER(D29)),IF(ABS(C29-D29)<=0.001,"APROBADO","REVISAR"),IF(EXACT(C29&"",D29&""),"APROBADO","REVISAR")) -> APROBADO
A30: E | B30: Aporte por hora más alto de la semana | C30: =TIMING!E19 -> 90 | D30: 90 | E30: =IF(AND(ISNUMBER(C30),ISNUMBER(D30)),IF(ABS(C30-D30)<=0.001,"APROBADO","REVISAR"),IF(EXACT(C30&"",D30&""),"APROBADO","REVISAR")) -> APROBADO
A31: F | B31: Martes · carbohidrato antes de la sesión (3 g/kg × 70) | C31: =TIMING!D9 -> 210 | D31: 210 | E31: =IF(AND(ISNUMBER(C31),ISNUMBER(D31)),IF(ABS(C31-D31)<=0.001,"APROBADO","REVISAR"),IF(EXACT(C31&"",D31&""),"APROBADO","REVISAR")) -> APROBADO
A32: F | B32: Sábado · proteína tras la sesión (0,3 g/kg × 70) | C32: =TIMING!I13 -> 21 | D32: 21 | E32: =IF(AND(ISNUMBER(C32),ISNUMBER(D32)),IF(ABS(C32-D32)<=0.001,"APROBADO","REVISAR"),IF(EXACT(C32&"",D32&""),"APROBADO","REVISAR")) -> APROBADO
A33: G | B33: Nivel asignado al día de fondo | C33: =PERIODIZACION!L13 -> ALTO | D33: ALTO | E33: =IF(AND(ISNUMBER(C33),ISNUMBER(D33)),IF(ABS(C33-D33)<=0.001,"APROBADO","REVISAR"),IF(EXACT(C33&"",D33&""),"APROBADO","REVISAR")) -> APROBADO
A34: G | B34: Nivel asignado al día de descanso | C34: =PERIODIZACION!L8 -> BAJO | D34: BAJO | E34: =IF(AND(ISNUMBER(C34),ISNUMBER(D34)),IF(ABS(C34-D34)<=0.001,"APROBADO","REVISAR"),IF(EXACT(C34&"",D34&""),"APROBADO","REVISAR")) -> APROBADO
A35: G | B35: Nivel asignado al día moderado | C35: =PERIODIZACION!L14 -> MEDIO | D35: MEDIO | E35: =IF(AND(ISNUMBER(C35),ISNUMBER(D35)),IF(ABS(C35-D35)<=0.001,"APROBADO","REVISAR"),IF(EXACT(C35&"",D35&""),"APROBADO","REVISAR")) -> APROBADO
A36: H | B36: Un valor ausente NO se interpreta como cero | C36: =IF(ISNUMBER(""),"NUMERO","ND") -> ND | D36: ND | E36: =IF(AND(ISNUMBER(C36),ISNUMBER(D36)),IF(ABS(C36-D36)<=0.001,"APROBADO","REVISAR"),IF(EXACT(C36&"",D36&""),"APROBADO","REVISAR")) -> APROBADO
A38: RESUMEN | B38: Pruebas aprobadas | C38: =COUNTIF(E9:E36,"APROBADO") -> 28 | D38: =COUNTA(E9:E36) -> 28 | E38: =IF(C38=D38,"TODAS APROBADAS","HAY PRUEBAS POR REVISAR") -> TODAS APROBADAS

Sheet CONFIG
A1: NUTRIMETRÍA · NMX-11
A2: Configuración · combustible por tipo de sesión
A4: =HYPERLINK("#INICIO!A1","▶ VOLVER A INICIO") -> ▶ VOLVER A INICIO
A6: CARBOHIDRATOS SEGÚN LA DEMANDA DE LA SESIÓN (gramos por kilo de peso al día)
A7: Tipo de sesión | B7: CHO mínimo (g/kg) | C7: CHO máximo (g/kg) | D7: Durante · mínimo (g/h) | E7: Durante · máximo (g/h) | F7: Antes de la sesión (g/kg) | G7: Disponibilidad
A8: Descanso | B8: 3 | C8: 5 | D8: 0 | E8: 0 | F8: 0 | G8: Reducida
A9: Suave o regenerativa | B9: 3 | C9: 5 | D9: 0 | E9: 0 | F9: 1 | G9: Reducida
A10: Moderada | B10: 5 | C10: 7 | D10: 30 | E10: 60 | F10: 2 | G10: Media
A11: Alta intensidad o intervalos | B11: 6 | C11: 10 | D11: 30 | E11: 60 | F11: 3 | G11: Alta
A12: Larga o fondo | B12: 8 | C12: 12 | D12: 60 | E12: 90 | F12: 3 | G12: Alta
A13: Competencia | B13: 8 | C13: 12 | D13: 60 | E13: 90 | F13: 4 | G13: Alta
A14: Principio rector: alimentar el trabajo que se va a realizar. La ingesta de carbohidratos se ajusta a la demanda de CADA sesión en lugar de mantener una cifra fija todos los días. Nunca se subalimenta la sesión exigente: el margen se toma de los días suaves y de descanso.
A18: OTRAS CONSTANTES DEL PLAN
A19: Proteína · mínimo diario | D19: g/kg | E19: 1.6
A20: Proteína · máximo diario | D20: g/kg | E20: 2.2
A21: Lípidos · mínimo diario | D21: g/kg | E21: 0.8
A22: Recuperación rápida · CHO por hora las primeras 4 horas | D22: g/kg/h | E22: 1
A23: Horas bajo las cuales se aplica recuperación rápida | D23: horas | E23: 8
A24: Sesiones con disponibilidad reducida · proporción mínima | D24: % | E24: 0.3
A25: Sesiones con disponibilidad reducida · proporción máxima | D25: % | E25: 0.5
A26: Energía por gramo de proteína | D26: kcal/g | E26: 4
A27: Energía por gramo de carbohidrato | D27: kcal/g | E27: 4
A28: Energía por gramo de lípidos | D28: kcal/g | E28: 9
A29: Tolerancia de las pruebas | D29: ± | E29: 0.0001
A31: LISTAS DESPLEGABLES
A32: DIA | C32: FASE | F32: SI | I32: MOMENTO | L32: OBJETIVO
A33: Lunes | C33: Base o acumulación | F33: Sí | I33: Mañana | L33: Rendimiento
A34: Martes | C34: Construcción | F34: No | I34: Mediodía | L34: Composición corporal
A35: Miércoles | C35: Específica o competitiva | I35: Tarde | L35: Recuperación
A36: Jueves | C36: Afinamiento | I36: Noche | L36: Mantención
A37: Viernes | C37: Transición
A38: Sábado
A39: Domingo

Sheet CHANGELOG
A1: NUTRIMETRÍA · NMX-11
A2: Historial de versiones
A4: =HYPERLINK("#INICIO!A1","▶ VOLVER A INICIO") -> ▶ VOLVER A INICIO
A6: Versión | B6: Fecha | C6: Cambio
A7: 1.0 | B7: 2026-07-23 | C7: Versión inicial de NMX-11: planificador que integra el microciclo de entrenamiento con la periodización de carbohidratos, la distribución en torno a la sesión y un tablero visual. | J7: Fase 6 · Planificación.
A8: 1.0 | B8: 2026-07-23 | C8: Motor de combustible por tipo de sesión: cada día recibe su rango de carbohidratos según la demanda de la sesión programada. | J8: Aplicar el principio de alimentar el trabajo requerido en lugar de una dieta fija.
A9: 1.0 | B9: 2026-07-23 | C9: La proteína se mantiene constante todos los días y los lípidos se expresan como mínimo. | J9: Solo los carbohidratos se periodizan; la proteína no.
A10: 1.0 | B10: 2026-07-23 | C10: Control de la proporción de sesiones con disponibilidad reducida, con lectura automática frente al rango de referencia. | J10: Evitar que una herramienta adaptativa se convierta en subalimentación crónica.
A11: 1.0 | B11: 2026-07-23 | C11: Tablero PANEL con tarjetas de indicadores y dos gráficos: carbohidrato por día y carga frente a combustible. | J11: Hacer visible de un vistazo si la ingesta acompaña la forma de la carga.
A12: 1.0 | B12: 2026-07-23 | C12: Hoja RESUMEN imprimible en horizontal, redactada para entregar al deportista. | J12: Separar el instrumento de trabajo del profesional de lo que recibe la persona.
A13: 1.0 | B13: 2026-07-23 | C13: Referencias actualizadas mediante búsqueda en línea: Impey 2018, Jeukendrup 2017, Burke y Hawley 2018. | J13: Verificar que el marco y las cifras siguen vigentes.
