Workbook
Name k_edad: CONFIG!$B$11
Name k_hombre: CONFIG!$B$12
Name k_kmConst: CONFIG!$D$17
Name k_kmFFM: CONFIG!$D$18
Name k_mujer: CONFIG!$B$13
Name k_peso: CONFIG!$B$9
Name k_talla: CONFIG!$B$10
Name k_tol: CONFIG!$E$25
Name lst_metodo: CONFIG!$B$32:$B$35
Name lst_sexo: CONFIG!$A$32:$A$33
Name lst_si: CONFIG!$D$32:$D$33
Name u_edadMax: CONFIG!$E$24
Name u_edadMin: CONFIG!$E$23
Name u_equiv: CONFIG!$E$21
Name u_implaus: CONFIG!$E$22
Name v_base: CALCULO!$C$18
Name v_difEdad: CALCULO!$C$21
Name v_edad: DATOS!$C$12
Name v_edadMet: CALCULO!$C$19
Name v_grasa: DATOS!$C$16
Name v_mlg: DATOS!$C$23
Name v_peso: DATOS!$C$14
Name v_sexo: DATOS!$C$13
Name v_talla: DATOS!$C$15
Name v_tmb: CALCULO!$C$9
Name v_tmbPob: CALCULO!$C$13

Sheet INICIO
A1: NUTRIMETRÍA · NMX-34
A2: Indicador educativo de edad metabólica · versión 1.0 · Fase 7 · especialidades y productos complementarios
A4: Navegación — use las pestañas inferiores del libro
A5: =HYPERLINK("#DATOS!A1","▶ DATOS") -> ▶ DATOS | C5: =HYPERLINK("#CALCULO!A1","▶ CALCULO") -> ▶ CALCULO | E5: =HYPERLINK("#SENSIBILIDAD!A1","▶ SENSIBILIDAD") -> ▶ SENSIBILIDAD | G5: =HYPERLINK("#INTERPRETACION!A1","▶ INTERPRETACION") -> ▶ INTERPRETACION | I5: =HYPERLINK("#FUENTES!A1","▶ FUENTES") -> ▶ FUENTES | K5: =HYPERLINK("#PRUEBAS!A1","▶ PRUEBAS") -> ▶ PRUEBAS | M5: =HYPERLINK("#CONFIG!A1","▶ CONFIG") -> ▶ CONFIG | O5: =HYPERLINK("#CHANGELOG!A1","▶ CHANGELOG") -> ▶ CHANGELOG
A6: Persona y mediciones | C6: De dónde sale el número | E6: Cuánto se mueve | G6: Qué significa y qué no | I6: Evidencia y advertencias | K6: Control de calidad | M6: Constantes | O6: Historial
A8: Código del producto | C8: NMX-34
A9: Versión | C9: 1.0
A10: Fecha | C10: 2026-07-24
A11: Naturaleza | C11: Indicador EDUCATIVO y de comunicación · NO es un instrumento diagnóstico
A12: Ecuaciones | C12: Katch-McArdle sin edad · Mifflin-St Jeor con edad
A13: Formato | C13: .xlsx sin macros · Microsoft 365 (Windows) y Excel 2021 · sin funciones matriciales
A14: Responsable | C14: Equipo Nutrimetría (completar por el titular)
A16: ADVERTENCIA PRINCIPAL
A17: ESTE INDICADOR NO ES UN DIAGNÓSTICO. No mide envejecimiento biológico, no evalúa salud metabólica, no detecta enfermedad y no reemplaza ninguna evaluación clínica.
A18: La edad metabólica NO es un constructo validado: se popularizó a través de básculas de bioimpedancia comerciales y carece de definición consensuada, método de referencia y ecuaciones normativas revisadas por pares.
A19: El número que entrega este libro es, en rigor, una forma de expresar en años cuánta masa libre de grasa tiene la persona respecto del promedio poblacional para su peso, talla y sexo. Nada más que eso.
A20: El resultado depende por completo del porcentaje de grasa corporal, que se estima con error: cada punto de grasa desplaza el resultado varios años. La hoja SENSIBILIDAD lo cuantifica para su caso.
A21: NO utilice este indicador en personas con trastorno de la conducta alimentaria o alto riesgo, ni en quienes puedan reaccionar con angustia frente a una cifra corporal.
A22: Si el objetivo es informar sobre composición corporal, la masa libre de grasa y su índice dicen lo mismo sin envolverlo en una edad.
A24: POR QUÉ ESTE LIBRO CALCULA ALGO NO VALIDADO
A25: Porque existe demanda del indicador y las personas ya lo reciben de sus básculas, sin ver de dónde sale.
A26: Porque es preferible calcularlo de forma transparente, con cada paso a la vista y con sus límites explícitos, que dejarlo en manos de un algoritmo propietario que no publica sus fórmulas.
A27: Porque el propio libro demuestra la debilidad del concepto: la hoja CÁLCULO muestra que invertir la misma ecuación devuelve la edad cronológica exacta, y la hoja SENSIBILIDAD muestra cuán frágil es el resultado.
A29: FLUJO DE USO
A30: 1 | C30: En DATOS registre edad, sexo, peso, talla y porcentaje de grasa, indicando con qué método se obtuvo ese último dato.
A31: 2 | C31: CÁLCULO muestra los tres pasos: tasa metabólica desde la masa magra, tasa poblacional para la edad real, y la edad despejada. Revise también la demostración de circularidad al final de la hoja.
A32: 3 | C32: SENSIBILIDAD cuantifica cuánto cambiaría el resultado si la grasa se hubiera estimado con error.
A33: 4 | C33: INTERPRETACIÓN entrega la lectura correcta, la tabla de qué es y qué no es, y la guía de qué decir y qué no decir.
A34: 5 | C34: Lea FUENTES antes de entregar cualquier resultado: allí está el origen del concepto y su falta de validación.
A35: 6 | C35: Si el indicador no aporta a esa persona en particular, use directamente las alternativas del final de INTERPRETACIÓN.

Sheet DATOS
A1: NUTRIMETRÍA · NMX-34
A2: Datos de la persona y de la medición
A4: =HYPERLINK("#INICIO!A1","▶ VOLVER A INICIO") -> ▶ VOLVER A INICIO
A6: Este libro entrega un indicador EDUCATIVO. No diagnostica, no mide envejecimiento y no evalúa salud metabólica. Léalo junto con la hoja INTERPRETACIÓN antes de mostrar cualquier resultado a una persona.
A10: PERSONA
A11: Nombre o identificador | C11: Caso de ejemplo
A12: Edad cronológica (años) | C12: 45 | L12: Edad real cumplida
A13: Sexo | C13: Masculino
A14: Peso (kg) | C14: 82 | L14: Balanza calibrada
A15: Talla (cm) | C15: 178 | L15: Estadiómetro
A16: Porcentaje de grasa corporal | C16: 22 | L16: Es el dato que MÁS influye en el resultado
A17: Método usado para estimar la grasa | C17: Pliegues cutáneos | L17: Determina el error del resultado
A18: Fecha de la evaluación | C18: 2026-07-23
A19: Profesional responsable | C19: —
A21: COMPOSICIÓN DERIVADA
A22: Masa grasa (kg) | C22: =IF(OR(NOT(ISNUMBER(C14)),NOT(ISNUMBER(C16))),"ND",C14*C16/100) -> 18.04
A23: MASA LIBRE DE GRASA (kg) | C23: =IF(OR(NOT(ISNUMBER(C14)),NOT(ISNUMBER(C16))),"ND: falta peso o porcentaje de grasa",C14*(1-C16/100)) -> 63.96
A24: Índice de masa corporal | C24: =IF(OR(NOT(ISNUMBER(C14)),NOT(ISNUMBER(C15)),C15=0),"ND",C14/((C15/100)^2)) -> 25.880571
A26: TODO el resultado depende del porcentaje de grasa que usted ingrese. Un error de dos puntos en esa estimación desplaza la edad metabólica en varios años, como se demuestra en la hoja SENSIBILIDAD. Registre siempre con qué método se obtuvo.

Sheet CALCULO
A1: NUTRIMETRÍA · NMX-34
A2: De dónde sale el número · cada paso a la vista
A4: =HYPERLINK("#INICIO!A1","▶ VOLVER A INICIO") -> ▶ VOLVER A INICIO
A6: PASO 1 · TASA METABÓLICA BASAL A PARTIR DE LA MASA LIBRE DE GRASA
A7: Se usa una ecuación que NO incluye la edad: así el resultado no queda predeterminado por ella.
A8: Masa libre de grasa (kg) | C8: =v_mlg -> 63.96
A9: TMB estimada sin usar la edad (kcal/día) | C9: =IF(NOT(ISNUMBER(v_mlg)),"ND",k_kmConst+k_kmFFM*v_mlg) -> 1751.536 | L9: 370 + 21,6 × masa libre de grasa
A11: PASO 2 · TMB QUE PREDICE LA ECUACIÓN POBLACIONAL PARA SU EDAD REAL
A12: Constante por sexo | C12: =IF(COUNTIF(lst_sexo,v_sexo)=0,"ND",IF(v_sexo="Masculino",k_hombre,k_mujer)) -> 5
A13: TMB poblacional a la edad cronológica (kcal/día) | C13: =IF(OR(NOT(ISNUMBER(v_peso)),NOT(ISNUMBER(v_talla)),NOT(ISNUMBER(v_edad)),NOT(ISNUMBER(C12))),"ND",k_peso*v_peso+k_talla*v_talla+k_edad*v_edad+C12) -> 1712.5
A14: Diferencia entre ambas estimaciones (kcal/día) | C14: =IF(OR(NOT(ISNUMBER(C9)),NOT(ISNUMBER(C13))),"ND",C9-C13) -> 39.036 | L14: Si es positiva, la persona tiene más masa magra que el promedio de su edad
A16: PASO 3 · A QUÉ EDAD LA ECUACIÓN POBLACIONAL PREDECIRÍA ESA MISMA TMB
A17: Se despeja la edad de la ecuación poblacional, igualándola a la TMB del paso 1. Esa edad despejada es lo que se llama edad metabólica.
A18: Parte de la ecuación que no depende de la edad | C18: =IF(OR(NOT(ISNUMBER(v_peso)),NOT(ISNUMBER(v_talla)),NOT(ISNUMBER(C12))),"ND",k_peso*v_peso+k_talla*v_talla+C12) -> 1937.5
A19: EDAD METABÓLICA (años) | C19: =IF(OR(NOT(ISNUMBER(C18)),NOT(ISNUMBER(C9)),k_edad=0),"ND",(C18-C9)/(-k_edad)) -> 37.1928 | L19: Base sin edad menos TMB del paso 1, dividido por 5
A20: Edad cronológica (años) | C20: =v_edad -> 45
A21: Diferencia (años) | C21: =IF(NOT(ISNUMBER(C19)),"ND",C19-v_edad) -> -7.8072
A22: ¿El valor está dentro del rango que se muestra? | C22: =IF(NOT(ISNUMBER(C19)),"ND",IF(OR(C19<u_edadMin,C19>u_edadMax),"FUERA DE RANGO: el resultado cae fuera del intervalo mostrable. No lo presente como una edad.","Dentro del rango de presentación")) -> Dentro del rango de presentación
A24: LA CIRCULARIDAD QUE CONVIENE CONOCER
A25: Si en el paso 1 se usara la ecuación CON edad en vez de la de masa magra | C25: =IF(OR(NOT(ISNUMBER(C18)),NOT(ISNUMBER(C13))),"ND",(C18-C13)/(-k_edad)) -> 45 | L25: Observe el resultado y compárelo con la edad cronológica
A26: Qué demuestra | C26: Que invertir la MISMA ecuación devuelve exactamente la edad cronológica, con diferencia cero. Es una identidad algebraica: el procedimiento no mide el metabolismo de la persona, solo confirma que el modelo es coherente consigo mismo. La edad metabólica es una reexpresión de la masa libre de grasa frente al promedio poblacional, no una medición fisiológica independiente.
A28: Consecuencia práctica: el número NO surge de medir el metabolismo de la persona. Surge de comparar dos ecuaciones distintas, una basada en masa magra y otra en edad. Es, en rigor, una forma de expresar cuánta masa libre de grasa tiene la persona respecto del promedio poblacional para su peso y talla, traducida a años.

Sheet SENSIBILIDAD
A1: NUTRIMETRÍA · NMX-34
A2: Cuánto se mueve el resultado ante pequeños cambios
A4: =HYPERLINK("#INICIO!A1","▶ VOLVER A INICIO") -> ▶ VOLVER A INICIO
A6: Antes de mostrar una edad metabólica conviene saber cuán frágil es. Esta hoja calcula cuánto cambia el resultado si el porcentaje de grasa se estimó con un error de uno o dos puntos, algo perfectamente posible con cualquier método de campo.
A10: EFECTO DE UN ERROR EN LA ESTIMACIÓN DE LA GRASA CORPORAL
A11: Grasa corporal supuesta | B11: Masa libre de grasa (kg) | C11: TMB (kcal/día) | D11: Edad metabólica (años) | E11: Diferencia con el resultado actual
A12: =IF(NOT(ISNUMBER(v_grasa)),"ND",v_grasa+-4) -> 18 | B12: =IF(NOT(ISNUMBER(A12)),"ND",v_peso*(1-A12/100)) -> 67.24 | C12: =IF(NOT(ISNUMBER(B12)),"ND",k_kmConst+k_kmFFM*B12) -> 1822.384 | D12: =IF(NOT(ISNUMBER(C12)),"ND",(v_base-C12)/(-k_edad)) -> 23.0232 | E12: =IF(OR(NOT(ISNUMBER(D12)),NOT(ISNUMBER(v_edadMet))),"ND",D12-v_edadMet) -> -14.1696
A13: =IF(NOT(ISNUMBER(v_grasa)),"ND",v_grasa+-3) -> 19 | B13: =IF(NOT(ISNUMBER(A13)),"ND",v_peso*(1-A13/100)) -> 66.42 | C13: =IF(NOT(ISNUMBER(B13)),"ND",k_kmConst+k_kmFFM*B13) -> 1804.672 | D13: =IF(NOT(ISNUMBER(C13)),"ND",(v_base-C13)/(-k_edad)) -> 26.5656 | E13: =IF(OR(NOT(ISNUMBER(D13)),NOT(ISNUMBER(v_edadMet))),"ND",D13-v_edadMet) -> -10.6272
A14: =IF(NOT(ISNUMBER(v_grasa)),"ND",v_grasa+-2) -> 20 | B14: =IF(NOT(ISNUMBER(A14)),"ND",v_peso*(1-A14/100)) -> 65.6 | C14: =IF(NOT(ISNUMBER(B14)),"ND",k_kmConst+k_kmFFM*B14) -> 1786.96 | D14: =IF(NOT(ISNUMBER(C14)),"ND",(v_base-C14)/(-k_edad)) -> 30.108 | E14: =IF(OR(NOT(ISNUMBER(D14)),NOT(ISNUMBER(v_edadMet))),"ND",D14-v_edadMet) -> -7.0848
A15: =IF(NOT(ISNUMBER(v_grasa)),"ND",v_grasa+-1) -> 21 | B15: =IF(NOT(ISNUMBER(A15)),"ND",v_peso*(1-A15/100)) -> 64.78 | C15: =IF(NOT(ISNUMBER(B15)),"ND",k_kmConst+k_kmFFM*B15) -> 1769.248 | D15: =IF(NOT(ISNUMBER(C15)),"ND",(v_base-C15)/(-k_edad)) -> 33.6504 | E15: =IF(OR(NOT(ISNUMBER(D15)),NOT(ISNUMBER(v_edadMet))),"ND",D15-v_edadMet) -> -3.5424
A16: =IF(NOT(ISNUMBER(v_grasa)),"ND",v_grasa+0) -> 22 | B16: =IF(NOT(ISNUMBER(A16)),"ND",v_peso*(1-A16/100)) -> 63.96 | C16: =IF(NOT(ISNUMBER(B16)),"ND",k_kmConst+k_kmFFM*B16) -> 1751.536 | D16: =IF(NOT(ISNUMBER(C16)),"ND",(v_base-C16)/(-k_edad)) -> 37.1928 | E16: =IF(OR(NOT(ISNUMBER(D16)),NOT(ISNUMBER(v_edadMet))),"ND",D16-v_edadMet) -> 0
A17: =IF(NOT(ISNUMBER(v_grasa)),"ND",v_grasa+1) -> 23 | B17: =IF(NOT(ISNUMBER(A17)),"ND",v_peso*(1-A17/100)) -> 63.14 | C17: =IF(NOT(ISNUMBER(B17)),"ND",k_kmConst+k_kmFFM*B17) -> 1733.824 | D17: =IF(NOT(ISNUMBER(C17)),"ND",(v_base-C17)/(-k_edad)) -> 40.7352 | E17: =IF(OR(NOT(ISNUMBER(D17)),NOT(ISNUMBER(v_edadMet))),"ND",D17-v_edadMet) -> 3.5424
A18: =IF(NOT(ISNUMBER(v_grasa)),"ND",v_grasa+2) -> 24 | B18: =IF(NOT(ISNUMBER(A18)),"ND",v_peso*(1-A18/100)) -> 62.32 | C18: =IF(NOT(ISNUMBER(B18)),"ND",k_kmConst+k_kmFFM*B18) -> 1716.112 | D18: =IF(NOT(ISNUMBER(C18)),"ND",(v_base-C18)/(-k_edad)) -> 44.2776 | E18: =IF(OR(NOT(ISNUMBER(D18)),NOT(ISNUMBER(v_edadMet))),"ND",D18-v_edadMet) -> 7.0848
A19: =IF(NOT(ISNUMBER(v_grasa)),"ND",v_grasa+3) -> 25 | B19: =IF(NOT(ISNUMBER(A19)),"ND",v_peso*(1-A19/100)) -> 61.5 | C19: =IF(NOT(ISNUMBER(B19)),"ND",k_kmConst+k_kmFFM*B19) -> 1698.4 | D19: =IF(NOT(ISNUMBER(C19)),"ND",(v_base-C19)/(-k_edad)) -> 47.82 | E19: =IF(OR(NOT(ISNUMBER(D19)),NOT(ISNUMBER(v_edadMet))),"ND",D19-v_edadMet) -> 10.6272
A20: =IF(NOT(ISNUMBER(v_grasa)),"ND",v_grasa+4) -> 26 | B20: =IF(NOT(ISNUMBER(A20)),"ND",v_peso*(1-A20/100)) -> 60.68 | C20: =IF(NOT(ISNUMBER(B20)),"ND",k_kmConst+k_kmFFM*B20) -> 1680.688 | D20: =IF(NOT(ISNUMBER(C20)),"ND",(v_base-C20)/(-k_edad)) -> 51.3624 | E20: =IF(OR(NOT(ISNUMBER(D20)),NOT(ISNUMBER(v_edadMet))),"ND",D20-v_edadMet) -> 14.1696
A22: CUÁNTO PESA CADA UNIDAD
A23: Años de edad metabólica por cada kilo de masa libre de grasa | C23: =IF(k_edad=0,"ND",k_kmFFM/(-k_edad)) -> 4.32 | L23: Es una constante fija: 21,6 dividido por 5
A24: Años de edad metabólica por cada punto de grasa corporal | C24: =IF(OR(NOT(ISNUMBER(v_peso)),k_edad=0),"ND",v_peso/100*k_kmFFM/(-k_edad)) -> 3.5424
A25: Efecto de un error de dos puntos en la grasa corporal | C25: =IF(NOT(ISNUMBER(C24)),"ND","Un error de dos puntos porcentuales en la estimación de la grasa desplaza el resultado en "&TEXT(2*C24,"0.0")&" años. Ningún método de campo tiene esa precisión.") -> Un error de dos puntos porcentuales en la estimación de la grasa desplaza el resultado en 07 años. Ningún método de campo tiene esa precisión.
A26: Qué significa que sea una constante | C26: =IF(NOT(ISNUMBER(C23)),"ND","La conversión entre masa magra y años es un cociente fijo entre dos coeficientes de ecuaciones distintas. No refleja ningún proceso biológico de envejecimiento: es aritmética.") -> La conversión entre masa magra y años es un cociente fijo entre dos coeficientes de ecuaciones distintas. No refleja ningún proceso biológico de envejecimiento: es aritmética.
A28: Compare la magnitud del error con la diferencia que se quiere comunicar. Si la edad metabólica difiere de la cronológica en menos años que el error propio del método de estimación de la grasa, el resultado no permite afirmar nada.

Sheet INTERPRETACION
A1: NUTRIMETRÍA · NMX-34
A2: Qué significa y qué NO significa este número
A4: =HYPERLINK("#INICIO!A1","▶ VOLVER A INICIO") -> ▶ VOLVER A INICIO
A6: ESTE INDICADOR NO ES UN DIAGNÓSTICO. No mide envejecimiento, no evalúa salud metabólica, no detecta enfermedad y no reemplaza ninguna evaluación clínica. Es un recurso de comunicación construido a partir de dos ecuaciones de estimación, y su valor depende por completo de un dato que se estima con error: el porcentaje de grasa corporal.
A11: RESULTADO OBTENIDO
A12: EDAD METABÓLICA | C12: =v_edadMet -> 37.1928
A13: Edad cronológica | C13: =v_edad -> 45
A14: Diferencia (años) | C14: =v_difEdad -> -7.8072
A15: Lectura del resultado | C15: =IF(NOT(ISNUMBER(v_difEdad)),"ND",IF(ABS(v_difEdad)>u_implaus,"DIFERENCIA IMPLAUSIBLE de "&TEXT(v_difEdad,"+0.0;-0.0")&" años. Una separación de esta magnitud refleja un porcentaje de grasa muy alejado del promedio poblacional, no un envejecimiento real. NO comunique esta cifra como una edad.",IF(ABS(v_difEdad)<=u_equiv,"La diferencia es menor que el error propio del método: el resultado es equivalente a la edad cronológica y no permite afirmar nada.",IF(v_difEdad<0,"El resultado queda por debajo de la edad cronológica. Significa que la persona tiene MÁS masa libre de grasa que el promedio poblacional para su peso y talla. Comuníquelo así, no como años de menos.","El resultado queda por encima de la edad cronológica. Significa que la persona tiene MENOS masa libre de grasa que el promedio poblacional para su peso y talla. Comuníquelo así, no como años de más.")))) -> El resultado queda por debajo de la edad cronológica. Significa que la persona tiene MÁS masa libre de grasa que el promedio poblacional para su peso y talla. Comuníquelo así, no como años de menos.
A16: Margen de error del propio método | C16: =IF(NOT(ISNUMBER(SENSIBILIDAD!C24)),"ND","Un error de dos puntos en la estimación de la grasa desplaza el resultado en "&TEXT(2*SENSIBILIDAD!C24,"0.0")&" años. Compare esa cifra con la diferencia obtenida antes de sacar conclusiones.") -> Un error de dos puntos en la estimación de la grasa desplaza el resultado en 07 años. Compare esa cifra con la diferencia obtenida antes de sacar conclusiones.
A18: QUÉ ES Y QUÉ NO ES
A19: QUÉ ES | B19: Una forma de expresar en años cuánta masa libre de grasa tiene la persona respecto del promedio poblacional para su peso, talla y sexo.
A20: QUÉ ES | B20: Un recurso de comunicación: para muchas personas «edad» resulta más comprensible que «kilos de masa magra».
A21: QUÉ ES | B21: Un valor que se mueve con el entrenamiento de fuerza y con la alimentación, porque se mueve la masa magra.
A22: QUÉ NO ES | B22: Una medida de envejecimiento biológico. El envejecimiento se estudia con marcadores propios, como los relojes epigenéticos, que no tienen relación con esta aritmética.
A23: QUÉ NO ES | B23: Una medida de salud metabólica. No informa sobre glicemia, presión arterial, perfil lipídico, resistencia a la insulina ni hígado graso.
A24: QUÉ NO ES | B24: Un diagnóstico. No detecta ni descarta ninguna enfermedad.
A25: QUÉ NO ES | B25: Una medición del metabolismo. La tasa metabólica no se midió: se estimó con una ecuación.
A26: QUÉ NO ES | B26: Un valor comparable entre dispositivos. Cada báscula de bioimpedancia usa un algoritmo propietario distinto y no publicado: dos aparatos dan cifras diferentes para la misma persona el mismo día.
A28: CÓMO COMUNICARLO A LA PERSONA
A29: Diga | B29: «Tu masa muscular está por sobre el promedio de personas de tu peso y estatura. Si lo traducimos a una escala de edad, equivale a la de alguien de X años.»
A30: No diga | B30: «Tu cuerpo tiene X años» o «estás envejeciendo más rápido». Ninguna de las dos afirmaciones se sostiene con este cálculo.
A31: Diga | B31: «Este número se mueve si cambia tu masa muscular. Sirve para seguir tu propio progreso.»
A32: No diga | B32: «Tu metabolismo está dañado» o «tienes el metabolismo lento». El libro no midió el metabolismo.
A33: Diga | B33: «El resultado depende de cuán bien estimamos tu grasa corporal, así que lo tomamos como una referencia aproximada.»
A34: No diga | B34: Nada que compare a la persona con otras. El indicador sirve para seguimiento individual.
A35: Precaución | B35: Si la persona reacciona con angustia ante la cifra, no insista: retire el indicador y trabaje con medidas directas de composición corporal. En personas con trastorno de la conducta alimentaria o alto riesgo, NO utilice este indicador.
A37: ALTERNATIVAS MÁS INFORMATIVAS
A38: Masa libre de grasa en kilos | C38: =v_mlg -> 63.96 | L38: Es el dato real que está detrás del indicador, sin traducción a años
A39: Índice de masa libre de grasa | C39: =IF(OR(NOT(ISNUMBER(v_mlg)),NOT(ISNUMBER(v_talla)),v_talla=0),"ND",v_mlg/((v_talla/100)^2)) -> 20.186845 | L39: Permite comparar entre personas de distinta estatura
A40: Porcentaje de grasa corporal | C40: =v_grasa -> 22 | L40: El dato que se midió, sin transformar
A41: Tasa metabólica estimada | C41: =v_tmb -> 1751.536 | L41: La estimación de partida, en sus propias unidades
A43: Si el objetivo es informar sobre composición corporal, los indicadores de este último bloque dicen lo mismo sin necesidad de convertirlo en una edad. Reserve la edad metabólica para cuando el valor comunicacional justifique el riesgo de que se interprete como un diagnóstico.

Sheet FUENTES
A1: NUTRIMETRÍA · NMX-34
A2: Origen del concepto, ecuaciones y advertencias
A4: =HYPERLINK("#INICIO!A1","▶ VOLVER A INICIO") -> ▶ VOLVER A INICIO
A6: ORIGEN Y ESTADO DEL CONCEPTO
A7: Elemento | B7: Detalle
A8: Procedencia del concepto | B8: La edad metabólica se popularizó a través de las básculas de bioimpedancia de uso doméstico y de gimnasio. No proviene de la literatura clínica ni de un consenso de sociedades científicas: es un dato que los fabricantes incorporaron a sus dispositivos como recurso de comunicación.
A9: Ausencia de validación | B9: No existe una definición consensuada, ni un método de referencia, ni ecuaciones normativas publicadas y revisadas por pares para este constructo específico. Los algoritmos de los dispositivos comerciales son propietarios y no están publicados, de modo que no pueden reproducirse ni auditarse.
A10: Consecuencia práctica | B10: Dos dispositivos distintos entregan edades metabólicas diferentes para la misma persona el mismo día, sin que exista forma de decidir cuál es correcta. Por eso este libro hace visible cada paso del cálculo: al menos su resultado es reproducible y auditable.
A11: Ecuación usada para la tasa metabólica sin edad | B11: Katch y McArdle: tasa metabólica basal igual a 370 más 21,6 por la masa libre de grasa en kilos. Se eligió porque NO contiene la edad como variable, condición necesaria para que el resultado no quede predeterminado.
A12: Ecuación poblacional con edad | B12: Mifflin MD, St Jeor ST y cols., «A new predictive equation for resting energy expenditure in healthy individuals», American Journal of Clinical Nutrition, 1990; 51: 241-247. Es una de las ecuaciones de estimación de gasto en reposo con mejor desempeño en población general adulta.
A13: La circularidad del método | B13: Si la tasa metabólica se estimara con la misma ecuación que contiene la edad y luego se despejara esa edad, el resultado devolvería exactamente la edad cronológica. La hoja CÁLCULO lo demuestra numéricamente. La edad metabólica solo entrega un valor distinto porque se combinan dos ecuaciones construidas sobre supuestos diferentes: ese cruce es el origen del número, no una medición del metabolismo.
A14: Sensibilidad al dato de entrada | B14: La conversión entre masa libre de grasa y años es un cociente fijo entre coeficientes: 21,6 dividido por 5, es decir 4,32 años por cada kilo de masa magra. Un error de dos puntos porcentuales en la estimación de la grasa corporal, perfectamente posible con pliegues o bioimpedancia, desplaza el resultado en varios años.
A15: Qué sí está validado | B15: Lo que sí tiene respaldo es la medición de la composición corporal en sí misma y su seguimiento en el tiempo con el mismo método y el mismo evaluador. Ese es el dato útil; la traducción a años es solo una envoltura.
A16: Envejecimiento biológico | B16: El envejecimiento biológico se estudia con marcadores propios, como los relojes epigenéticos basados en patrones de metilación del ADN, que no guardan relación con esta aritmética. No presente la edad metabólica como si midiera lo mismo.
A17: Uso responsable | B17: Este libro entrega el indicador porque existe demanda de él y porque es preferible calcularlo de forma transparente y con sus límites explícitos, antes que dejarlo en manos de un dispositivo que no muestra sus fórmulas. No lo use como diagnóstico, no lo use para comparar personas y no lo use en quienes puedan reaccionar con angustia frente a una cifra corporal.

Sheet PRUEBAS
A1: NUTRIMETRÍA · NMX-34
A2: Control de calidad del motor de cálculo
A4: =HYPERLINK("#INICIO!A1","▶ VOLVER A INICIO") -> ▶ VOLVER A INICIO
A6: Los valores esperados se calcularon de forma independiente del motor del libro (verificación externa).
A8: Bloque | B8: Descripción de la prueba | C8: Obtenido | D8: Esperado | E8: Estado
A9: A | B9: Masa libre de grasa (82 kg con 22% de grasa) | C9: =DATOS!C23 -> 63.96 | D9: 63.96 | E9: =IF(AND(ISNUMBER(C9),ISNUMBER(D9)),IF(ABS(C9-D9)<=0.001,"APROBADO","REVISAR"),IF(EXACT(C9&"",D9&""),"APROBADO","REVISAR")) -> APROBADO
A10: A | B10: TMB sin usar la edad (370 + 21,6 × 63,96) | C10: =CALCULO!C9 -> 1751.536 | D10: 1751.536 | E10: =IF(AND(ISNUMBER(C10),ISNUMBER(D10)),IF(ABS(C10-D10)<=0.001,"APROBADO","REVISAR"),IF(EXACT(C10&"",D10&""),"APROBADO","REVISAR")) -> APROBADO
A11: A | B11: TMB poblacional a los 45 años | C11: =CALCULO!C13 -> 1712.5 | D11: 1712.5 | E11: =IF(AND(ISNUMBER(C11),ISNUMBER(D11)),IF(ABS(C11-D11)<=0.001,"APROBADO","REVISAR"),IF(EXACT(C11&"",D11&""),"APROBADO","REVISAR")) -> APROBADO
A12: A | B12: Diferencia entre ambas estimaciones | C12: =CALCULO!C14 -> 39.036 | D12: 39.036 | E12: =IF(AND(ISNUMBER(C12),ISNUMBER(D12)),IF(ABS(C12-D12)<=0.001,"APROBADO","REVISAR"),IF(EXACT(C12&"",D12&""),"APROBADO","REVISAR")) -> APROBADO
A13: B | B13: Parte de la ecuación que no depende de la edad | C13: =CALCULO!C18 -> 1937.5 | D13: 1937.5 | E13: =IF(AND(ISNUMBER(C13),ISNUMBER(D13)),IF(ABS(C13-D13)<=0.001,"APROBADO","REVISAR"),IF(EXACT(C13&"",D13&""),"APROBADO","REVISAR")) -> APROBADO
A14: B | B14: EDAD METABÓLICA | C14: =CALCULO!C19 -> 37.1928 | D14: 37.1928 | E14: =IF(AND(ISNUMBER(C14),ISNUMBER(D14)),IF(ABS(C14-D14)<=0.001,"APROBADO","REVISAR"),IF(EXACT(C14&"",D14&""),"APROBADO","REVISAR")) -> APROBADO
A15: B | B15: Diferencia con la edad cronológica | C15: =CALCULO!C21 -> -7.8072 | D15: -7.8072 | E15: =IF(AND(ISNUMBER(C15),ISNUMBER(D15)),IF(ABS(C15-D15)<=0.001,"APROBADO","REVISAR"),IF(EXACT(C15&"",D15&""),"APROBADO","REVISAR")) -> APROBADO
A16: C | B16: Invertir la MISMA ecuación devuelve la edad cronológica | C16: =CALCULO!C25 -> 45 | D16: 45 | E16: =IF(AND(ISNUMBER(C16),ISNUMBER(D16)),IF(ABS(C16-D16)<=0.001,"APROBADO","REVISAR"),IF(EXACT(C16&"",D16&""),"APROBADO","REVISAR")) -> APROBADO
A17: C | B17: La diferencia de esa inversión es exactamente cero | C17: =CALCULO!C25-DATOS!C12 -> 0 | D17: 0 | E17: =IF(AND(ISNUMBER(C17),ISNUMBER(D17)),IF(ABS(C17-D17)<=0.001,"APROBADO","REVISAR"),IF(EXACT(C17&"",D17&""),"APROBADO","REVISAR")) -> APROBADO
A18: C | B18: El libro declara la circularidad | C18: =IF(ISNUMBER(SEARCH("identidad algebraica",CALCULO!C26)),"DECLARA","NO DECLARA") -> DECLARA | D18: DECLARA | E18: =IF(AND(ISNUMBER(C18),ISNUMBER(D18)),IF(ABS(C18-D18)<=0.001,"APROBADO","REVISAR"),IF(EXACT(C18&"",D18&""),"APROBADO","REVISAR")) -> APROBADO
A19: D | B19: Años por cada kilo de masa libre de grasa (21,6 ÷ 5) | C19: =SENSIBILIDAD!C23 -> 4.32 | D19: 4.32 | E19: =IF(AND(ISNUMBER(C19),ISNUMBER(D19)),IF(ABS(C19-D19)<=0.001,"APROBADO","REVISAR"),IF(EXACT(C19&"",D19&""),"APROBADO","REVISAR")) -> APROBADO
A20: D | B20: Años por cada punto de grasa corporal | C20: =SENSIBILIDAD!C24 -> 3.5424 | D20: 3.5424 | E20: =IF(AND(ISNUMBER(C20),ISNUMBER(D20)),IF(ABS(C20-D20)<=0.001,"APROBADO","REVISAR"),IF(EXACT(C20&"",D20&""),"APROBADO","REVISAR")) -> APROBADO
A21: D | B21: Edad metabólica si la grasa fuera 4 puntos menor | C21: =SENSIBILIDAD!D12 -> 23.0232 | D21: 23.0232 | E21: =IF(AND(ISNUMBER(C21),ISNUMBER(D21)),IF(ABS(C21-D21)<=0.001,"APROBADO","REVISAR"),IF(EXACT(C21&"",D21&""),"APROBADO","REVISAR")) -> APROBADO
A22: D | B22: Edad metabólica si la grasa fuera 4 puntos mayor | C22: =SENSIBILIDAD!D20 -> 51.3624 | D22: 51.3624 | E22: =IF(AND(ISNUMBER(C22),ISNUMBER(D22)),IF(ABS(C22-D22)<=0.001,"APROBADO","REVISAR"),IF(EXACT(C22&"",D22&""),"APROBADO","REVISAR")) -> APROBADO
A23: D | B23: El rango completo abarca más de 28 años | C23: =IF(SENSIBILIDAD!D20-SENSIBILIDAD!D12>28,"AMPLIO","ESTRECHO") -> AMPLIO | D23: AMPLIO | E23: =IF(AND(ISNUMBER(C23),ISNUMBER(D23)),IF(ABS(C23-D23)<=0.001,"APROBADO","REVISAR"),IF(EXACT(C23&"",D23&""),"APROBADO","REVISAR")) -> APROBADO
A24: D | B24: La fila central coincide con el resultado principal | C24: =SENSIBILIDAD!D16-CALCULO!C19 -> 0 | D24: 0 | E24: =IF(AND(ISNUMBER(C24),ISNUMBER(D24)),IF(ABS(C24-D24)<=0.001,"APROBADO","REVISAR"),IF(EXACT(C24&"",D24&""),"APROBADO","REVISAR")) -> APROBADO
A25: E | B25: El resultado queda dentro del rango de presentación | C25: =IF(AND(CALCULO!C19>=u_edadMin,CALCULO!C19<=u_edadMax),"DENTRO","FUERA") -> DENTRO | D25: DENTRO | E25: =IF(AND(ISNUMBER(C25),ISNUMBER(D25)),IF(ABS(C25-D25)<=0.001,"APROBADO","REVISAR"),IF(EXACT(C25&"",D25&""),"APROBADO","REVISAR")) -> APROBADO
A26: E | B26: La lectura evita afirmar años de menos | C26: =IF(ISNUMBER(SEARCH("no como años de menos",INTERPRETACION!C15)),"CORRECTA","REVISAR") -> CORRECTA | D26: CORRECTA | E26: =IF(AND(ISNUMBER(C26),ISNUMBER(D26)),IF(ABS(C26-D26)<=0.001,"APROBADO","REVISAR"),IF(EXACT(C26&"",D26&""),"APROBADO","REVISAR")) -> APROBADO
A27: F | B27: Un valor ausente NO se interpreta como cero | C27: =IF(ISNUMBER(""),"NUMERO","ND") -> ND | D27: ND | E27: =IF(AND(ISNUMBER(C27),ISNUMBER(D27)),IF(ABS(C27-D27)<=0.001,"APROBADO","REVISAR"),IF(EXACT(C27&"",D27&""),"APROBADO","REVISAR")) -> APROBADO
A28: F | B28: Sin porcentaje de grasa no se calcula edad metabólica | C28: =IF(ISNUMBER(DATOS!C23),"HAY DATO","ND") -> HAY DATO | D28: HAY DATO | E28: =IF(AND(ISNUMBER(C28),ISNUMBER(D28)),IF(ABS(C28-D28)<=0.001,"APROBADO","REVISAR"),IF(EXACT(C28&"",D28&""),"APROBADO","REVISAR")) -> APROBADO
A30: RESUMEN | B30: Pruebas aprobadas | C30: =COUNTIF(E9:E28,"APROBADO") -> 20 | D30: =COUNTA(E9:E28) -> 20 | E30: =IF(C30=D30,"TODAS APROBADAS","HAY PRUEBAS POR REVISAR") -> TODAS APROBADAS

Sheet CONFIG
A1: NUTRIMETRÍA · NMX-34
A2: Configuración · coeficientes de las ecuaciones utilizadas
A4: =HYPERLINK("#INICIO!A1","▶ VOLVER A INICIO") -> ▶ VOLVER A INICIO
A6: ECUACIÓN POBLACIONAL CON EDAD · Mifflin-St Jeor (1990)
A7: TMB = 10 × peso(kg) + 6,25 × talla(cm) − 5 × edad(años) + constante según sexo
A8: Coeficiente | B8: Valor | C8: Qué representa
A9: Peso (por kg) | B9: 10 | C9: Cuánto suma cada kilo de peso corporal
A10: Talla (por cm) | B10: 6.25 | C10: Cuánto suma cada centímetro de estatura
A11: Edad (por año) | B11: -5 | C11: Cuánto RESTA cada año de edad · es el coeficiente que hace posible despejar una edad
A12: Constante · masculino | B12: 5 | C12: Ajuste por sexo
A13: Constante · femenino | B13: -161 | C13: Ajuste por sexo
A15: ECUACIÓN SIN EDAD · Katch-McArdle, basada en masa libre de grasa
A16: TMB = 370 + 21,6 × masa libre de grasa (kg) · NO contiene la edad como variable
A17: Constante | D17: 370
A18: Coeficiente por kg de masa libre de grasa | D18: 21.6
A20: UMBRALES DE PRESENTACIÓN
A21: Diferencia en años bajo la cual el resultado se considera equivalente | D21: años | E21: 3
A22: Diferencia en años sobre la cual el resultado se marca como implausible | D22: años | E22: 15
A23: Edad mínima que se muestra | D23: años | E23: 18
A24: Edad máxima que se muestra | D24: años | E24: 90
A25: Tolerancia de las pruebas | D25: ± | E25: 0.0001
A26: Los umbrales de esta hoja NO provienen de literatura científica: son convenciones de presentación que este libro define para evitar mostrar cifras absurdas. La edad metabólica no tiene puntos de corte establecidos porque no es una magnitud validada.
A30: LISTAS
A31: SEXO | B31: METODO | D31: SI
A32: Femenino | B32: Pliegues cutáneos | D32: Sí
A33: Masculino | B33: Bioimpedancia | D33: No
B34: Densitometría
B35: Estimación clínica

Sheet CHANGELOG
A1: NUTRIMETRÍA · NMX-34
A2: Historial de versiones
A4: =HYPERLINK("#INICIO!A1","▶ VOLVER A INICIO") -> ▶ VOLVER A INICIO
A6: Versión | B6: Fecha | C6: Cambio
A7: 1.0 | B7: 2026-07-24 | C7: Versión inicial de NMX-34: indicador educativo de edad metabólica con el cálculo desglosado paso a paso. | J7: Fase 7 · Especialidades y productos complementarios.
A8: 1.0 | B8: 2026-07-24 | C8: Se usa una ecuación SIN edad para estimar la tasa metabólica y otra CON edad para despejarla. | J8: Si se usara la misma ecuación en ambos pasos, el resultado devolvería la edad cronológica por identidad algebraica.
A9: 1.0 | B9: 2026-07-24 | C9: La hoja CÁLCULO demuestra numéricamente esa circularidad. | J9: Es la limitación central del concepto y ninguna calculadora comercial la declara.
A10: 1.0 | B10: 2026-07-24 | C10: Hoja SENSIBILIDAD que muestra cuánto se mueve el resultado ante errores de uno a cuatro puntos en la estimación de la grasa corporal. | J10: El resultado depende por completo de un dato que se estima con error.
A11: 1.0 | B11: 2026-07-24 | C11: La lectura traduce el resultado a masa libre de grasa y prohíbe expresamente comunicarlo como años de más o de menos. | J11: Evitar que un indicador comunicacional se interprete como diagnóstico.
A12: 1.0 | B12: 2026-07-24 | C12: Guía de qué decir y qué no decir, con precaución explícita en trastornos de la conducta alimentaria. | J12: Una cifra corporal presentada como edad puede generar angustia.
A13: 1.0 | B13: 2026-07-24 | C13: Bloque de alternativas más informativas: masa libre de grasa, su índice y el porcentaje de grasa. | J13: Si el objetivo es informar composición corporal, esos indicadores lo hacen sin envolverlo en una edad.
A14: 1.0 | B14: 2026-07-24 | C14: Diseño visual, barra de navegación y enlaces de retorno replicados de NMX-10 aprobado. | J14: Unificar la identidad de la colección.
A15: 1.0.1 | B15: 2026-08-01 | C15: Redactada la declaracion de circularidad en CALCULO!C26 (frente a Que demuestra), que incluye el termino identidad algebraica requerido por la prueba documental. El motor numerico no cambia. 20 pruebas aprobadas.
