Workbook
Name k_cobMin: CONFIG!$E$21
Name k_nAlt: CONFIG!$E$22
Name k_tol: CONFIG!$E$23
Name lst_alimentos: ALIMENTOS!$B$9:$B$626
Name lst_prioridad: CONFIG!$K$30:$K$33
Name lst_si: CONFIG!$A$30:$A$31
Name lst_situacion: CONFIG!$F$30:$F$34
Name rng_clave: ALIMENTOS!$T$9:$T$626
Name rng_estado: ALIMENTOS!$S$9:$S$626
Name rng_grupo: ALIMENTOS!$C$9:$C$626
Name rng_K: ALIMENTOS!$H$9:$H$626
Name rng_kcal: ALIMENTOS!$F$9:$F$626
Name rng_Na: ALIMENTOS!$J$9:$J$626
Name rng_orden: ALIMENTOS!$U$9:$U$626
Name rng_P: ALIMENTOS!$I$9:$I$626
Name rng_pp: ALIMENTOS!$Q$9:$Q$626
Name rng_prot: ALIMENTOS!$G$9:$G$626
Name rng_umbrales: CONFIG!$A$13:$E$15
Name u_ppAcep: CONFIG!$E$19
Name u_ppDes: CONFIG!$E$18
Name u_protMin: CONFIG!$E$20
Name v_bloqueo: LICENCIA!$C$14
Name v_limK: DATOS!$C$15
Name v_limNa: DATOS!$C$17
Name v_limP: DATOS!$C$16
Name v_prioridad: DATOS!$C$22
Name v_revision: LICENCIA!$C$41

Sheet INICIO
A1: NUTRIMETRÍA · NMX-42
A2: Explorador renal de alimentos y equivalentes · versión 1.0 · Fase 7 · sujeto a licencia y revisión clínica
A4: Navegación — use las pestañas inferiores del libro
A5: =HYPERLINK("#LICENCIA!A1","▶ LICENCIA") -> ▶ LICENCIA | C5: =HYPERLINK("#DATOS!A1","▶ DATOS") -> ▶ DATOS | E5: =HYPERLINK("#ALIMENTOS!A1","▶ ALIMENTOS") -> ▶ ALIMENTOS | G5: =HYPERLINK("#EXPLORADOR!A1","▶ EXPLORADOR") -> ▶ EXPLORADOR | I5: =HYPERLINK("#SUSTITUCION!A1","▶ SUSTITUCION") -> ▶ SUSTITUCION | K5: =HYPERLINK("#EQUIVALENTES!A1","▶ EQUIVALENTES") -> ▶ EQUIVALENTES | M5: =HYPERLINK("#FUENTES!A1","▶ FUENTES") -> ▶ FUENTES | O5: =HYPERLINK("#PRUEBAS!A1","▶ PRUEBAS") -> ▶ PRUEBAS
A6: Bloqueo y cobertura | C6: Paciente y límites | E6: Base clasificada | G6: Buscar y filtrar | I6: Cambiar por otro | K6: Intercambios renales | M6: Referencias y advertencias | O6: Control de calidad
A7: =HYPERLINK("#CONFIG!A1","▶ CONFIG") -> ▶ CONFIG | C7: =HYPERLINK("#CHANGELOG!A1","▶ CHANGELOG") -> ▶ CHANGELOG
A8: Constantes | C8: Historial
A10: Código del producto | C10: NMX-42
A11: Versión | C11: 1.0
A12: Fecha | C12: 2026-07-24
A13: Fuente de composición | C13: INTA, Universidad de Chile, edición 2018 · LICENCIA
A14: Estado | C14: Sujeto a licencia y a revisión clínica · vea la hoja LICENCIA antes de usar
A15: Formato | C15: .xlsx sin macros · Microsoft 365 (Windows) y Excel 2021 · sin funciones matriciales
A16: Responsable | C16: Equipo Nutrimetría (completar por el titular)
A18: DOS CONDICIONES ANTES DE USAR ESTE ARCHIVO
A19: LICENCIA · La base proviene del INTA de la Universidad de Chile
A20: REVISIÓN CLÍNICA · La hoja LICENCIA incluye una lista de cinco puntos que parte marcada en No. Mientras no la complete, el libro se declara a sí mismo no apto para orientar a un paciente. Es deliberado.
A22: QUÉ HACE ESTE EXPLORADOR
A23: Clasifica cada alimento de la base según su contenido de potasio, fósforo y sodio, y calcula la razón fósforo sobre proteína en las fuentes proteicas: el criterio para cubrir el requerimiento de proteína con la menor carga fosfórica.
A24: Permite consultar y comparar alimentos escalando a la porción real, y muestra qué proporción del límite diario del paciente aporta la selección.
A25: Propone sustituciones dentro del mismo grupo, ordenadas por el nutriente que usted priorice.
A26: De los 618 alimentos de la base, solo 376 tienen los cinco nutrientes críticos completos. Los 242 restantes quedan EXCLUIDOS y marcados: no porque sean inadecuados, sino porque se desconoce su contenido.
A28: AVISO DE ALCANCE
A29: EXACTITUD MATEMÁTICA ≠ VALIDACIÓN CLÍNICA. No está validado clínicamente y no constituye diagnóstico ni prescripción.
A30: Este libro NO define los límites diarios del paciente: los define el equipo tratante a partir del laboratorio y de la situación clínica. Aquí solo se registran para ordenar los alimentos.
A31: Los umbrales de contenido bajo, medio y alto son convenciones de trabajo editables, no categorías normadas.
... A37: FLUJO DE USO
A38: 1 | C38: Lea LICENCIA y complete la lista de revisión clínica. Sin eso, el libro se declara no apto.
A39: 2 | C39: En DATOS registre al paciente y los límites diarios INDICADOS por el equipo tratante, y elija qué nutriente quiere reducir.
A40: 3 | C40: En EXPLORADOR consulte alimentos y porciones: verá el contenido, el nivel de cada nutriente y qué proporción del límite diario aporta la selección.
A41: 4 | C41: En SUSTITUCIÓN indique un alimento a reemplazar y revise las alternativas del mismo grupo con menor carga.
A42: 5 | C42: En EQUIVALENTES revise cómo se distribuyen los alimentos utilizables entre los grupos renales.
A43: 6 | C43: En CONFIG ajuste los umbrales de clasificación al criterio que usted aplica.
A44: 7 | C44: Para registrar la ingesta del paciente use NMX-22 o NMX-29: este módulo selecciona alimentos, no evalúa consumo.

Sheet LICENCIA
A1: NUTRIMETRÍA · NMX-42
A2: Bloqueo de licencia y cobertura de datos · leer antes de usar
A4: =HYPERLINK("#INICIO!A1","▶ VOLVER A INICIO") -> ▶ VOLVER A INICIO
A6: SITUACIÓN DE LA LICENCIA
A7: BLOQUEO ACTIVO. La base de composición proviene de la Tabla de Composición de Alimentos del INTA de la Universidad de Chile, edición 2018. No se encontró dentro del material entregado ninguna autorización de redistribución comercial.
A8: En consecuencia: este archivo es de USO PERSONAL del titular. No lo redistribuya, no lo comercialice y no lo incorpore a un producto de pago mientras no exista autorización documentada.
A9: No se declara que estos datos sean de dominio público, porque no hay evidencia de ello.
A10: Nutrimetría NO cuenta con respaldo ni aval del INTA ni de la Universidad de Chile. Nada en este archivo debe presentarse como avalado por esas instituciones.
A11: Para levantar el bloqueo se requiere autorización escrita, o bien reemplazar la fuente por otra con licencia compatible. El motor de este libro permite ese reemplazo sin reescribir las hojas de trabajo.
A12: Esta revisión no sustituye asesoría jurídica.
A14: ¿Existe autorización documentada de la fuente? | C14: No
A15: Estado del bloqueo | C15: =IF(C14="Sí","Autorización registrada: documente el respaldo y consérvelo junto a este archivo.","BLOQUEO ACTIVO · uso personal exclusivamente. No redistribuir ni comercializar.") -> BLOQUEO ACTIVO · uso personal exclusivamente. No redistribuir ni comercializar.
A17: COBERTURA DE DATOS · LA LIMITACIÓN OPERATIVA MÁS IMPORTANTE
A18: En contexto renal, un dato ausente NO es un dato en cero. Un alimento sin dato de potasio o de fósforo no puede recomendarse como bajo en esos nutrientes: simplemente no se sabe cuánto aporta. Este libro marca esos alimentos como NO UTILIZABLES y los excluye del explorador y del sustituidor.
A23: Nutriente | B23: Alimentos con dato | C23: Total | D23: Cobertura | E23: Alimentos sin dato
A24: Potasio | B24: =COUNT(ALIMENTOS!H$9:H$626) -> 403 | C24: =COUNTA(ALIMENTOS!$B$9:$B$626) -> 618 | D24: =IF(C24=0,"ND",B24/C24) -> 0.65210356 | E24: =C24-B24 -> 215
A25: Fósforo | B25: =COUNT(ALIMENTOS!I$9:I$626) -> 428 | C25: =COUNTA(ALIMENTOS!$B$9:$B$626) -> 618 | D25: =IF(C25=0,"ND",B25/C25) -> 0.69255663 | E25: =C25-B25 -> 190
A26: Sodio | B26: =COUNT(ALIMENTOS!J$9:J$626) -> 567 | C26: =COUNTA(ALIMENTOS!$B$9:$B$626) -> 618 | D26: =IF(C26=0,"ND",B26/C26) -> 0.91747573 | E26: =C26-B26 -> 51
A27: Proteínas | B27: =COUNT(ALIMENTOS!K$9:K$626) -> 604 | C27: =COUNTA(ALIMENTOS!$B$9:$B$626) -> 618 | D27: =IF(C27=0,"ND",B27/C27) -> 0.97734628 | E27: =C27-B27 -> 14
A28: Energía | B28: =COUNT(ALIMENTOS!L$9:L$626) -> 612 | C28: =COUNTA(ALIMENTOS!$B$9:$B$626) -> 618 | D28: =IF(C28=0,"ND",B28/C28) -> 0.99029126 | E28: =C28-B28 -> 6
A30: Alimentos UTILIZABLES en contexto renal | C30: =COUNTIF(ALIMENTOS!$S$9:$S$626,"Utilizable") -> 376 | L30: Con los cinco nutrientes presentes
A31: Alimentos NO utilizables por datos ausentes | C31: =COUNTIF(ALIMENTOS!$S$9:$S$626,"No utilizable") -> 242
A32: Proporción utilizable | C32: =IF(C30+C31=0,"ND",C30/(C30+C31)) -> 0.60841424
A33: Lectura
A35: REVISIÓN CLÍNICA OBLIGATORIA ANTES DE USAR CON UN PACIENTE
A36: ¿Un profesional revisó los umbrales de clasificación de CONFIG? | C36: No
A37: ¿Los límites del paciente provienen de su indicación clínica y no de este libro? | C37: No
A38: ¿Se verificó el laboratorio reciente del paciente? | C38: No
A39: ¿Se consideró el fósforo de aditivos, que la tabla no captura? | C39: No
A40: ¿Se coordinó con el equipo tratante de nefrología? | C40: No
A41: Estado de la revisión clínica | C41: =IF(COUNTIF(C36:C40,"Sí")=5,"Revisión clínica completa: el explorador puede usarse como apoyo.","REVISIÓN PENDIENTE · faltan "&(5-COUNTIF(C36:C40,"Sí"))&" punto(s). Este explorador NO debe usarse para orientar a un paciente mientras la revisión no esté completa.") -> REVISIÓN PENDIENTE · faltan 5 punto(s). Este explorador NO debe usarse para orientar a un paciente mientras la revisión no esté completa.
A43: El ejemplo viene con las cinco casillas en No, de modo que el libro se declara a sí mismo no apto para uso clínico hasta que usted complete la revisión. Es deliberado: un explorador de alimentos renales mal usado puede llevar a restricciones innecesarias o a pasar por alto una carga relevante.

Sheet DATOS
A1: NUTRIMETRÍA · NMX-42
A2: Paciente y límites indicados
A4: =HYPERLINK("#INICIO!A1","▶ VOLVER A INICIO") -> ▶ VOLVER A INICIO
A6: IDENTIFICACIÓN
A7: Nombre o identificador | C7: Caso de ejemplo
A8: Edad (años) | C8: 58
A9: Situación renal | C9: Trasplante
A10: Peso de cálculo (kg) | C10: 68
A11: Fecha | C11: 2026-07-24
A12: Profesional responsable | C12: —
A13: Diabetes (confirmación clínica) | C13: ND
A14: LÍMITES DIARIOS INDICADOS POR EL EQUIPO TRATANTE
A15: Meta clínica de potasio (mg/día) | C15: 2500 | L15: Debe provenir de la indicación clínica, no de este libro
A16: Meta clínica de fósforo (mg/día) | C16: 900 | L16: Ajustar según fosfemia
A17: Meta clínica de sodio (mg/día) | C17: 2000 | L17: Límite máximo
A18: Meta clínica de proteínas (g/día) | C18: ND | L18: 1,2 g/kg en diálisis
A19: Meta clínica de energía (kcal/día) | C19: 2040 | L19: 30 kcal/kg
A20: Estas metas son registradas por el profesional y no se derivan de una tabla universal. Potasio, fósforo y sodio dependen del contexto clínico; proteína debe diferenciar no diálisis, hemodiálisis, diálisis peritoneal, diabetes y trasplante. En el ejemplo postrasplante, proteína queda ND.
A21: PRIORIDAD DE ESTA CONSULTA
A22: Nutriente que se quiere reducir | C22: Potasio | L22: Determina el orden en que el sustituidor propone alternativas
A23: Laboratorio reciente · potasio sérico (mEq/L) | C23: 5.8
A24: Laboratorio reciente · fósforo sérico (mg/dL) | C24: 5.4
A25: Observaciones clínicas | C25: Hiperkalemia persistente pese a la restricción declarada.
A27: Los límites diarios NO los define este libro: los define el equipo tratante a partir del laboratorio y de la situación del paciente. Aquí solo se registran para que el explorador ordene los alimentos según esa indicación.
A28: TRAZABILIDAD DE METAS CLÍNICAS
A29: Componente | B29: Estado | E29: Fuente | H29: Limitación
A30: Potasio | B30: =IF(ISNUMBER(C15),"NUMERICO_INGRESADO",IF(C15="ND","ND","ND")) -> NUMERICO_INGRESADO | E30: Equipo tratante | H30: No existe cifra universal. Integrar kalemia, fármacos, acidosis, diálisis, tránsito intestinal y sustitutos de sal.
A31: Fósforo | B31: =IF(ISNUMBER(C16),"NUMERICO_INGRESADO",IF(C16="ND","ND","ND")) -> NUMERICO_INGRESADO | E31: Equipo tratante | H31: No existe cifra universal. INTA no captura bien aditivos fosfatados ni absorción; integrar fosfemia, quelantes y diálisis.
A32: Sodio | B32: =IF(ISNUMBER(C17),"NUMERICO_INGRESADO",IF(C17="ND","ND","ND")) -> NUMERICO_INGRESADO | E32: Equipo tratante / KDOQI 2020 | H32: KDOQI orienta <2300 mg/día en ERC 3–5, 5D o postrasplante; individualizar por presión, volumen y pérdidas.
A33: Proteínas | B33: =IF(ISNUMBER(C18),"NUMERICO_INGRESADO",IF(C18="ND","ND","ND")) -> ND | E33: Equipo tratante / KDOQI 2020 | H33: No usar una cifra para todas las poblaciones. Trasplante requiere evaluación clínica y no recibe meta automática.
A34: Energía | B34: =IF(ISNUMBER(C19),"NUMERICO_INGRESADO",IF(C19="ND","ND","ND")) -> NUMERICO_INGRESADO | E34: Equipo tratante / KDOQI 2020 | H34: 25–35 kcal/kg/día es un rango orientador sujeto a edad, actividad, composición corporal, inflamación y objetivo clínico.
A35: NUMERICO_INGRESADO indica una meta clínica documentada. ND indica ausencia de un dato utilizable; ND nunca equivale a cero y no permite declarar un alimento seguro.

Sheet ALIMENTOS
A1: NUTRIMETRÍA · NMX-42
A2: Base de alimentos clasificada según criterios renales
A4: =HYPERLINK("#INICIO!A1","▶ VOLVER A INICIO") -> ▶ VOLVER A INICIO
A6: Hoja de consulta: no modifique sus valores. 's/i' indica que la fuente no informa ese nutriente y NO equivale a cero. Los alimentos marcados como no utilizables quedan fuera del explorador.
A8: ID | B8: Alimento | C8: Grupo | D8: Código | E8: Origen del grupo | F8: Energía (kcal) | G8: Proteínas (g) | H8: Potasio (mg) | I8: Fósforo (mg) | J8: Sodio (mg) | K8: Energía | L8: Proteína | M8: Calcio (mg) | N8: Nivel de potasio | O8: Nivel de fósforo | P8: Nivel de sodio | Q8: Razón P/proteína | R8: Nivel de la razón | S8: Estado del dato | T8: Clave de orden | U8: Valor de orden (auxiliar)
A9: INTA-0001 | B9: Leche materna | C9: Leche y derivados | D9: 2.1 | E9: declarado en la fuente | F9: 70 | G9: 1 | H9: 51 | I9: 14 | J9: 17 | K9: 70 | L9: 1 | M9: 32 | N9: =IF(NOT(ISNUMBER(H9)),"Sin dato",IF(H9<=INDEX(rng_umbrales,1,2),"Bajo",IF(H9<=INDEX(rng_umbrales,1,3),"Medio",IF(H9<=INDEX(rng_umbrales,1,4),"Alto","Muy alto")))) -> Bajo | O9: =IF(NOT(ISNUMBER(I9)),"Sin dato",IF(I9<=INDEX(rng_umbrales,2,2),"Bajo",IF(I9<=INDEX(rng_umbrales,2,3),"Medio",IF(I9<=INDEX(rng_umbrales,2,4),"Alto","Muy alto")))) -> Bajo | P9: =IF(NOT(ISNUMBER(J9)),"Sin dato",IF(J9<=INDEX(rng_umbrales,3,2),"Bajo",IF(J9<=INDEX(rng_umbrales,3,3),"Medio",IF(J9<=INDEX(rng_umbrales,3,4),"Alto","Muy alto")))) -> Bajo | Q9: =IF(OR(NOT(ISNUMBER(G9)),NOT(ISNUMBER(I9))),"N/C",IF(G9<u_protMin,"N/C: no es fuente proteica",I9/G9)) -> N/C: no es fuente proteica | R9: =IF(NOT(ISNUMBER(Q9)),"N/C",IF(Q9<=u_ppDes,"Deseable",IF(Q9<=u_ppAcep,"Aceptable","Alta"))) -> N/C | S9: =IF(COUNT(F9:J9)=k_cobMin,"Utilizable","No utilizable") -> Utilizable | T9: =IF(S9<>"Utilizable","",C9&"|"&TEXT(IF(v_prioridad="Potasio",H9,IF(v_prioridad="Fósforo",I9,IF(v_prioridad="Sodio",J9,IF(ISNUMBER(Q9),Q9,99999)))),"000000.00")) -> Leche y derivados|00.000.051 | U9: =IF(OR($S9<>"Utilizable",$C9<>SUSTITUCION!$C$13),999999,IF(v_prioridad="Potasio",$H9,IF(v_prioridad="Fósforo",$I9,IF(v_prioridad="Sodio",$J9,IF(ISNUMBER($Q9),$Q9,999999))))) -> 999999
A10: INTA-0002 | B10: Leche de Burra | C10: Leche y derivados | D10: 2.1 | E10: declarado en la fuente | F10: 41 | G10: 1.6 | H10: s/i | I10: 60 | J10: s/i | K10: 41 | L10: 1.6 | M10: 138 | N10: =IF(NOT(ISNUMBER(H10)),"Sin dato",IF(H10<=INDEX(rng_umbrales,1,2),"Bajo",IF(H10<=INDEX(rng_umbrales,1,3),"Medio",IF(H10<=INDEX(rng_umbrales,1,4),"Alto","Muy alto")))) -> Sin dato | O10: =IF(NOT(ISNUMBER(I10)),"Sin dato",IF(I10<=INDEX(rng_umbrales,2,2),"Bajo",IF(I10<=INDEX(rng_umbrales,2,3),"Medio",IF(I10<=INDEX(rng_umbrales,2,4),"Alto","Muy alto")))) -> Medio | P10: =IF(NOT(ISNUMBER(J10)),"Sin dato",IF(J10<=INDEX(rng_umbrales,3,2),"Bajo",IF(J10<=INDEX(rng_umbrales,3,3),"Medio",IF(J10<=INDEX(rng_umbrales,3,4),"Alto","Muy alto")))) -> Sin dato | Q10: =IF(OR(NOT(ISNUMBER(G10)),NOT(ISNUMBER(I10))),"N/C",IF(G10<u_protMin,"N/C: no es fuente proteica",I10/G10)) -> N/C: no es fuente proteica | R10: =IF(NOT(ISNUMBER(Q10)),"N/C",IF(Q10<=u_ppDes,"Deseable",IF(Q10<=u_ppAcep,"Aceptable","Alta"))) -> N/C | S10: =IF(COUNT(F10:J10)=k_cobMin,"Utilizable","No utilizable") -> No utilizable | T10: =IF(S10<>"Utilizable","",C10&"|"&TEXT(IF(v_prioridad="Potasio",H10,IF(v_prioridad="Fósforo",I10,IF(v_prioridad="Sodio",J10,IF(ISNUMBER(Q10),Q10,99999)))),"000000.00")) | U10: =IF(OR($S10<>"Utilizable",$C10<>SUSTITUCION!$C$13),999999,IF(v_prioridad="Potasio",$H10,IF(v_prioridad="Fósforo",$I10,IF(v_prioridad="Sodio",$J10,IF(ISNUMBER($Q10),$Q10,999999))))) -> 999999
A11: INTA-0003 | B11: Leche de cabra con Vit. D | C11: Leche y derivados | D11: 2.1 | E11: declarado en la fuente | F11: 69 | G11: 3.6 | H11: 204 | I11: 111 | J11: 50 | K11: 69 | L11: 3.6 | M11: 134 | N11: =IF(NOT(ISNUMBER(H11)),"Sin dato",IF(H11<=INDEX(rng_umbrales,1,2),"Bajo",IF(H11<=INDEX(rng_umbrales,1,3),"Medio",IF(H11<=INDEX(rng_umbrales,1,4),"Alto","Muy alto")))) -> Alto | O11: =IF(NOT(ISNUMBER(I11)),"Sin dato",IF(I11<=INDEX(rng_umbrales,2,2),"Bajo",IF(I11<=INDEX(rng_umbrales,2,3),"Medio",IF(I11<=INDEX(rng_umbrales,2,4),"Alto","Muy alto")))) -> Alto | P11: =IF(NOT(ISNUMBER(J11)),"Sin dato",IF(J11<=INDEX(rng_umbrales,3,2),"Bajo",IF(J11<=INDEX(rng_umbrales,3,3),"Medio",IF(J11<=INDEX(rng_umbrales,3,4),"Alto","Muy alto")))) -> Medio | Q11: =IF(OR(NOT(ISNUMBER(G11)),NOT(ISNUMBER(I11))),"N/C",IF(G11<u_protMin,"N/C: no es fuente proteica",I11/G11)) -> N/C: no es fuente proteica | R11: =IF(NOT(ISNUMBER(Q11)),"N/C",IF(Q11<=u_ppDes,"Deseable",IF(Q11<=u_ppAcep,"Aceptable","Alta"))) -> N/C | S11: =IF(COUNT(F11:J11)=k_cobMin,"Utilizable","No utilizable") -> Utilizable | T11: =IF(S11<>"Utilizable","",C11&"|"&TEXT(IF(v_prioridad="Potasio",H11,IF(v_prioridad="Fósforo",I11,IF(v_prioridad="Sodio",J11,IF(ISNUMBER(Q11),Q11,99999)))),"000000.00")) -> Leche y derivados|00.000.204 | U11: =IF(OR($S11<>"Utilizable",$C11<>SUSTITUCION!$C$13),999999,IF(v_prioridad="Potasio",$H11,IF(v_prioridad="Fósforo",$I11,IF(v_prioridad="Sodio",$J11,IF(ISNUMBER($Q11),$Q11,999999))))) -> 999999
A12: INTA-0004 | B12: Leche fluida entera | C12: Leche y derivados | D12: 2.1 | E12: declarado en la fuente | F12: 64 | G12: 3.3 | H12: 151 | I12: 93 | J12: 49 | K12: 64 | L12: 3.3 | M12: 119 | N12: =IF(NOT(ISNUMBER(H12)),"Sin dato",IF(H12<=INDEX(rng_umbrales,1,2),"Bajo",IF(H12<=INDEX(rng_umbrales,1,3),"Medio",IF(H12<=INDEX(rng_umbrales,1,4),"Alto","Muy alto")))) -> Medio | O12: =IF(NOT(ISNUMBER(I12)),"Sin dato",IF(I12<=INDEX(rng_umbrales,2,2),"Bajo",IF(I12<=INDEX(rng_umbrales,2,3),"Medio",IF(I12<=INDEX(rng_umbrales,2,4),"Alto","Muy alto")))) -> Medio | P12: =IF(NOT(ISNUMBER(J12)),"Sin dato",IF(J12<=INDEX(rng_umbrales,3,2),"Bajo",IF(J12<=INDEX(rng_umbrales,3,3),"Medio",IF(J12<=INDEX(rng_umbrales,3,4),"Alto","Muy alto")))) -> Medio | Q12: =IF(OR(NOT(ISNUMBER(G12)),NOT(ISNUMBER(I12))),"N/C",IF(G12<u_protMin,"N/C: no es fuente proteica",I12/G12)) -> N/C: no es fuente proteica | R12: =IF(NOT(ISNUMBER(Q12)),"N/C",IF(Q12<=u_ppDes,"Deseable",IF(Q12<=u_ppAcep,"Aceptable","Alta"))) -> N/C | S12: =IF(COUNT(F12:J12)=k_cobMin,"Utilizable","No utilizable") -> Utilizable | T12: =IF(S12<>"Utilizable","",C12&"|"&TEXT(IF(v_prioridad="Potasio",H12,IF(v_prioridad="Fósforo",I12,IF(v_prioridad="Sodio",J12,IF(ISNUMBER(Q12),Q12,99999)))),"000000.00")) -> Leche y derivados|00.000.151 | U12: =IF(OR($S12<>"Utilizable",$C12<>SUSTITUCION!$C$13),999999,IF(v_prioridad="Potasio",$H12,IF(v_prioridad="Fósforo",$I12,IF(v_prioridad="Sodio",$J12,IF(ISNUMBER($Q12),$Q12,999999))))) -> 999999
A13: INTA-0005 | B13: Leche fluida entera 2 | C13: Leche y derivados | D13: 2.1 | E13: declarado en la fuente | F13: 58 | G13: 3.2 | H13: 141.8 | I13: 95 | J13: 59.7 | K13: 58 | L13: 3.2 | M13: 123 | N13: =IF(NOT(ISNUMBER(H13)),"Sin dato",IF(H13<=INDEX(rng_umbrales,1,2),"Bajo",IF(H13<=INDEX(rng_umbrales,1,3),"Medio",IF(H13<=INDEX(rng_umbrales,1,4),"Alto","Muy alto")))) -> Medio | O13: =IF(NOT(ISNUMBER(I13)),"Sin dato",IF(I13<=INDEX(rng_umbrales,2,2),"Bajo",IF(I13<=INDEX(rng_umbrales,2,3),"Medio",IF(I13<=INDEX(rng_umbrales,2,4),"Alto","Muy alto")))) -> Medio | P13: =IF(NOT(ISNUMBER(J13)),"Sin dato",IF(J13<=INDEX(rng_umbrales,3,2),"Bajo",IF(J13<=INDEX(rng_umbrales,3,3),"Medio",IF(J13<=INDEX(rng_umbrales,3,4),"Alto","Muy alto")))) -> Medio | Q13: =IF(OR(NOT(ISNUMBER(G13)),NOT(ISNUMBER(I13))),"N/C",IF(G13<u_protMin,"N/C: no es fuente proteica",I13/G13)) -> N/C: no es fuente proteica | R13: =IF(NOT(ISNUMBER(Q13)),"N/C",IF(Q13<=u_ppDes,"Deseable",IF(Q13<=u_ppAcep,"Aceptable","Alta"))) -> N/C | S13: =IF(COUNT(F13:J13)=k_cobMin,"Utilizable","No utilizable") -> Utilizable | T13: =IF(S13<>"Utilizable","",C13&"|"&TEXT(IF(v_prioridad="Potasio",H13,IF(v_prioridad="Fósforo",I13,IF(v_prioridad="Sodio",J13,IF(ISNUMBER(Q13),Q13,99999)))),"000000.00")) -> Leche y derivados|00.000.142 | U13: =IF(OR($S13<>"Utilizable",$C13<>SUSTITUCION!$C$13),999999,IF(v_prioridad="Potasio",$H13,IF(v_prioridad="Fósforo",$I13,IF(v_prioridad="Sodio",$J13,IF(ISNUMBER($Q13),$Q13,999999))))) -> 999999
A14: INTA-0006 | B14: Leche entera con sabor | C14: Leche y derivados | D14: 2.1 | E14: declarado en la fuente | F14: 80 | G14: 2.4 | H14: 167 | I14: 100 | J14: 59.6 | K14: 80 | L14: 2.4 | M14: 112 | N14: =IF(NOT(ISNUMBER(H14)),"Sin dato",IF(H14<=INDEX(rng_umbrales,1,2),"Bajo",IF(H14<=INDEX(rng_umbrales,1,3),"Medio",IF(H14<=INDEX(rng_umbrales,1,4),"Alto","Muy alto")))) -> Medio | O14: =IF(NOT(ISNUMBER(I14)),"Sin dato",IF(I14<=INDEX(rng_umbrales,2,2),"Bajo",IF(I14<=INDEX(rng_umbrales,2,3),"Medio",IF(I14<=INDEX(rng_umbrales,2,4),"Alto","Muy alto")))) -> Medio | P14: =IF(NOT(ISNUMBER(J14)),"Sin dato",IF(J14<=INDEX(rng_umbrales,3,2),"Bajo",IF(J14<=INDEX(rng_umbrales,3,3),"Medio",IF(J14<=INDEX(rng_umbrales,3,4),"Alto","Muy alto")))) -> Medio | Q14: =IF(OR(NOT(ISNUMBER(G14)),NOT(ISNUMBER(I14))),"N/C",IF(G14<u_protMin,"N/C: no es fuente proteica",I14/G14)) -> N/C: no es fuente proteica | R14: =IF(NOT(ISNUMBER(Q14)),"N/C",IF(Q14<=u_ppDes,"Deseable",IF(Q14<=u_ppAcep,"Aceptable","Alta"))) -> N/C | S14: =IF(COUNT(F14:J14)=k_cobMin,"Utilizable","No utilizable") -> Utilizable | T14: =IF(S14<>"Utilizable","",C14&"|"&TEXT(IF(v_prioridad="Potasio",H14,IF(v_prioridad="Fósforo",I14,IF(v_prioridad="Sodio",J14,IF(ISNUMBER(Q14),Q14,99999)))),"000000.00")) -> Leche y derivados|00.000.167 | U14: =IF(OR($S14<>"Utilizable",$C14<>SUSTITUCION!$C$13),999999,IF(v_prioridad="Potasio",$H14,IF(v_prioridad="Fósforo",$I14,IF(v_prioridad="Sodio",$J14,IF(ISNUMBER($Q14),$Q14,999999))))) -> 999999
A15: INTA-0007 | B15: Leche semidescremada | C15: Leche y derivados | D15: 2.1 | E15: declarado en la fuente | F15: 42 | G15: 2.6 | H15: s/i | I15: s/i | J15: s/i | K15: 42 | L15: 2.6 | M15: s/i | N15: =IF(NOT(ISNUMBER(H15)),"Sin dato",IF(H15<=INDEX(rng_umbrales,1,2),"Bajo",IF(H15<=INDEX(rng_umbrales,1,3),"Medio",IF(H15<=INDEX(rng_umbrales,1,4),"Alto","Muy alto")))) -> Sin dato | O15: =IF(NOT(ISNUMBER(I15)),"Sin dato",IF(I15<=INDEX(rng_umbrales,2,2),"Bajo",IF(I15<=INDEX(rng_umbrales,2,3),"Medio",IF(I15<=INDEX(rng_umbrales,2,4),"Alto","Muy alto")))) -> Sin dato | P15: =IF(NOT(ISNUMBER(J15)),"Sin dato",IF(J15<=INDEX(rng_umbrales,3,2),"Bajo",IF(J15<=INDEX(rng_umbrales,3,3),"Medio",IF(J15<=INDEX(rng_umbrales,3,4),"Alto","Muy alto")))) -> Sin dato | Q15: =IF(OR(NOT(ISNUMBER(G15)),NOT(ISNUMBER(I15))),"N/C",IF(G15<u_protMin,"N/C: no es fuente proteica",I15/G15)) -> N/C | R15: =IF(NOT(ISNUMBER(Q15)),"N/C",IF(Q15<=u_ppDes,"Deseable",IF(Q15<=u_ppAcep,"Aceptable","Alta"))) -> N/C | S15: =IF(COUNT(F15:J15)=k_cobMin,"Utilizable","No utilizable") -> No utilizable | T15: =IF(S15<>"Utilizable","",C15&"|"&TEXT(IF(v_prioridad="Potasio",H15,IF(v_prioridad="Fósforo",I15,IF(v_prioridad="Sodio",J15,IF(ISNUMBER(Q15),Q15,99999)))),"000000.00")) | U15: =IF(OR($S15<>"Utilizable",$C15<>SUSTITUCION!$C$13),999999,IF(v_prioridad="Potasio",$H15,IF(v_prioridad="Fósforo",$I15,IF(v_prioridad="Sodio",$J15,IF(ISNUMBER($Q15),$Q15,999999))))) -> 999999
A16: INTA-0008 | B16: Leche semidescremada con sabor | C16: Leche y derivados | D16: 2.1 | E16: declarado en la fuente | F16: 76 | G16: 3 | H16: 169 | I16: 102 | J16: 66 | K16: 76 | L16: 3 | M16: 109 | N16: =IF(NOT(ISNUMBER(H16)),"Sin dato",IF(H16<=INDEX(rng_umbrales,1,2),"Bajo",IF(H16<=INDEX(rng_umbrales,1,3),"Medio",IF(H16<=INDEX(rng_umbrales,1,4),"Alto","Muy alto")))) -> Medio | O16: =IF(NOT(ISNUMBER(I16)),"Sin dato",IF(I16<=INDEX(rng_umbrales,2,2),"Bajo",IF(I16<=INDEX(rng_umbrales,2,3),"Medio",IF(I16<=INDEX(rng_umbrales,2,4),"Alto","Muy alto")))) -> Alto | P16: =IF(NOT(ISNUMBER(J16)),"Sin dato",IF(J16<=INDEX(rng_umbrales,3,2),"Bajo",IF(J16<=INDEX(rng_umbrales,3,3),"Medio",IF(J16<=INDEX(rng_umbrales,3,4),"Alto","Muy alto")))) -> Medio | Q16: =IF(OR(NOT(ISNUMBER(G16)),NOT(ISNUMBER(I16))),"N/C",IF(G16<u_protMin,"N/C: no es fuente proteica",I16/G16)) -> N/C: no es fuente proteica | R16: =IF(NOT(ISNUMBER(Q16)),"N/C",IF(Q16<=u_ppDes,"Deseable",IF(Q16<=u_ppAcep,"Aceptable","Alta"))) -> N/C | S16: =IF(COUNT(F16:J16)=k_cobMin,"Utilizable","No utilizable") -> Utilizable | T16: =IF(S16<>"Utilizable","",C16&"|"&TEXT(IF(v_prioridad="Potasio",H16,IF(v_prioridad="Fósforo",I16,IF(v_prioridad="Sodio",J16,IF(ISNUMBER(Q16),Q16,99999)))),"000000.00")) -> Leche y derivados|00.000.169 | U16: =IF(OR($S16<>"Utilizable",$C16<>SUSTITUCION!$C$13),999999,IF(v_prioridad="Potasio",$H16,IF(v_prioridad="Fósforo",$I16,IF(v_prioridad="Sodio",$J16,IF(ISNUMBER($Q16),$Q16,999999))))) -> 999999
A17: INTA-0009 | B17: Leche semidescremada con sabor chocolate | C17: Leche y derivados | D17: 2.1 | E17: declarado en la fuente | F17: 52 | G17: 3.2 | H17: s/i | I17: 84 | J17: 70 | K17: 52 | L17: 3.2 | M17: 93 | N17: =IF(NOT(ISNUMBER(H17)),"Sin dato",IF(H17<=INDEX(rng_umbrales,1,2),"Bajo",IF(H17<=INDEX(rng_umbrales,1,3),"Medio",IF(H17<=INDEX(rng_umbrales,1,4),"Alto","Muy alto")))) -> Sin dato | O17: =IF(NOT(ISNUMBER(I17)),"Sin dato",IF(I17<=INDEX(rng_umbrales,2,2),"Bajo",IF(I17<=INDEX(rng_umbrales,2,3),"Medio",IF(I17<=INDEX(rng_umbrales,2,4),"Alto","Muy alto")))) -> Medio | P17: =IF(NOT(ISNUMBER(J17)),"Sin dato",IF(J17<=INDEX(rng_umbrales,3,2),"Bajo",IF(J17<=INDEX(rng_umbrales,3,3),"Medio",IF(J17<=INDEX(rng_umbrales,3,4),"Alto","Muy alto")))) -> Medio | Q17: =IF(OR(NOT(ISNUMBER(G17)),NOT(ISNUMBER(I17))),"N/C",IF(G17<u_protMin,"N/C: no es fuente proteica",I17/G17)) -> N/C: no es fuente proteica | R17: =IF(NOT(ISNUMBER(Q17)),"N/C",IF(Q17<=u_ppDes,"Deseable",IF(Q17<=u_ppAcep,"Aceptable","Alta"))) -> N/C | S17: =IF(COUNT(F17:J17)=k_cobMin,"Utilizable","No utilizable") -> No utilizable | T17: =IF(S17<>"Utilizable","",C17&"|"&TEXT(IF(v_prioridad="Potasio",H17,IF(v_prioridad="Fósforo",I17,IF(v_prioridad="Sodio",J17,IF(ISNUMBER(Q17),Q17,99999)))),"000000.00")) | U17: =IF(OR($S17<>"Utilizable",$C17<>SUSTITUCION!$C$13),999999,IF(v_prioridad="Potasio",$H17,IF(v_prioridad="Fósforo",$I17,IF(v_prioridad="Sodio",$J17,IF(ISNUMBER($Q17),$Q17,999999))))) -> 999999
A18: INTA-0010 | B18: Leche semidescremada con sabor frutilla | C18: Leche y derivados | D18: 2.1 | E18: declarado en la fuente | F18: 54 | G18: 3.1 | H18: s/i | I18: 84 | J18: 60 | K18: 54 | L18: 3.1 | M18: 104 | N18: =IF(NOT(ISNUMBER(H18)),"Sin dato",IF(H18<=INDEX(rng_umbrales,1,2),"Bajo",IF(H18<=INDEX(rng_umbrales,1,3),"Medio",IF(H18<=INDEX(rng_umbrales,1,4),"Alto","Muy alto")))) -> Sin dato | O18: =IF(NOT(ISNUMBER(I18)),"Sin dato",IF(I18<=INDEX(rng_umbrales,2,2),"Bajo",IF(I18<=INDEX(rng_umbrales,2,3),"Medio",IF(I18<=INDEX(rng_umbrales,2,4),"Alto","Muy alto")))) -> Medio | P18: =IF(NOT(ISNUMBER(J18)),"Sin dato",IF(J18<=INDEX(rng_umbrales,3,2),"Bajo",IF(J18<=INDEX(rng_umbrales,3,3),"Medio",IF(J18<=INDEX(rng_umbrales,3,4),"Alto","Muy alto")))) -> Medio | Q18: =IF(OR(NOT(ISNUMBER(G18)),NOT(ISNUMBER(I18))),"N/C",IF(G18<u_protMin,"N/C: no es fuente proteica",I18/G18)) -> N/C: no es fuente proteica | R18: =IF(NOT(ISNUMBER(Q18)),"N/C",IF(Q18<=u_ppDes,"Deseable",IF(Q18<=u_ppAcep,"Aceptable","Alta"))) -> N/C | S18: =IF(COUNT(F18:J18)=k_cobMin,"Utilizable","No utilizable") -> No utilizable | T18: =IF(S18<>"Utilizable","",C18&"|"&TEXT(IF(v_prioridad="Potasio",H18,IF(v_prioridad="Fósforo",I18,IF(v_prioridad="Sodio",J18,IF(ISNUMBER(Q18),Q18,99999)))),"000000.00")) | U18: =IF(OR($S18<>"Utilizable",$C18<>SUSTITUCION!$C$13),999999,IF(v_prioridad="Potasio",$H18,IF(v_prioridad="Fósforo",$I18,IF(v_prioridad="Sodio",$J18,IF(ISNUMBER($Q18),$Q18,999999))))) -> 999999
A19: INTA-0011 | B19: Leche semidescremada sin lactosa | C19: Leche y derivados | D19: 2.1 | E19: declarado en la fuente | F19: 44 | G19: 3.1 | H19: s/i | I19: s/i | J19: 60 | K19: 44 | L19: 3.1 | M19: 101 | N19: =IF(NOT(ISNUMBER(H19)),"Sin dato",IF(H19<=INDEX(rng_umbrales,1,2),"Bajo",IF(H19<=INDEX(rng_umbrales,1,3),"Medio",IF(H19<=INDEX(rng_umbrales,1,4),"Alto","Muy alto")))) -> Sin dato | O19: =IF(NOT(ISNUMBER(I19)),"Sin dato",IF(I19<=INDEX(rng_umbrales,2,2),"Bajo",IF(I19<=INDEX(rng_umbrales,2,3),"Medio",IF(I19<=INDEX(rng_umbrales,2,4),"Alto","Muy alto")))) -> Sin dato | P19: =IF(NOT(ISNUMBER(J19)),"Sin dato",IF(J19<=INDEX(rng_umbrales,3,2),"Bajo",IF(J19<=INDEX(rng_umbrales,3,3),"Medio",IF(J19<=INDEX(rng_umbrales,3,4),"Alto","Muy alto")))) -> Medio | Q19: =IF(OR(NOT(ISNUMBER(G19)),NOT(ISNUMBER(I19))),"N/C",IF(G19<u_protMin,"N/C: no es fuente proteica",I19/G19)) -> N/C | R19: =IF(NOT(ISNUMBER(Q19)),"N/C",IF(Q19<=u_ppDes,"Deseable",IF(Q19<=u_ppAcep,"Aceptable","Alta"))) -> N/C | S19: =IF(COUNT(F19:J19)=k_cobMin,"Utilizable","No utilizable") -> No utilizable | T19: =IF(S19<>"Utilizable","",C19&"|"&TEXT(IF(v_prioridad="Potasio",H19,IF(v_prioridad="Fósforo",I19,IF(v_prioridad="Sodio",J19,IF(ISNUMBER(Q19),Q19,99999)))),"000000.00")) | U19: =IF(OR($S19<>"Utilizable",$C19<>SUSTITUCION!$C$13),999999,IF(v_prioridad="Potasio",$H19,IF(v_prioridad="Fósforo",$I19,IF(v_prioridad="Sodio",$J19,IF(ISNUMBER($Q19),$Q19,999999))))) -> 999999
A20: INTA-0012 | B20: Leche descremada | C20: Leche y derivados | D20: 2.1 | E20: declarado en la fuente | F20: 32 | G20: 3.3 | H20: s/i | I20: 90 | J20: 32 | K20: 32 | L20: 3.3 | M20: 115 | N20: =IF(NOT(ISNUMBER(H20)),"Sin dato",IF(H20<=INDEX(rng_umbrales,1,2),"Bajo",IF(H20<=INDEX(rng_umbrales,1,3),"Medio",IF(H20<=INDEX(rng_umbrales,1,4),"Alto","Muy alto")))) -> Sin dato | O20: =IF(NOT(ISNUMBER(I20)),"Sin dato",IF(I20<=INDEX(rng_umbrales,2,2),"Bajo",IF(I20<=INDEX(rng_umbrales,2,3),"Medio",IF(I20<=INDEX(rng_umbrales,2,4),"Alto","Muy alto")))) -> Medio | P20: =IF(NOT(ISNUMBER(J20)),"Sin dato",IF(J20<=INDEX(rng_umbrales,3,2),"Bajo",IF(J20<=INDEX(rng_umbrales,3,3),"Medio",IF(J20<=INDEX(rng_umbrales,3,4),"Alto","Muy alto")))) -> Bajo | Q20: =IF(OR(NOT(ISNUMBER(G20)),NOT(ISNUMBER(I20))),"N/C",IF(G20<u_protMin,"N/C: no es fuente proteica",I20/G20)) -> N/C: no es fuente proteica | R20: =IF(NOT(ISNUMBER(Q20)),"N/C",IF(Q20<=u_ppDes,"Deseable",IF(Q20<=u_ppAcep,"Aceptable","Alta"))) -> N/C | S20: =IF(COUNT(F20:J20)=k_cobMin,"Utilizable","No utilizable") -> No utilizable | T20: =IF(S20<>"Utilizable","",C20&"|"&TEXT(IF(v_prioridad="Potasio",H20,IF(v_prioridad="Fósforo",I20,IF(v_prioridad="Sodio",J20,IF(ISNUMBER(Q20),Q20,99999)))),"000000.00")) | U20: =IF(OR($S20<>"Utilizable",$C20<>SUSTITUCION!$C$13),999999,IF(v_prioridad="Potasio",$H20,IF(v_prioridad="Fósforo",$I20,IF(v_prioridad="Sodio",$J20,IF(ISNUMBER($Q20),$Q20,999999))))) -> 999999
A21: INTA-0013 | B21: Leche descremada 2 | C21: Leche y derivados | D21: 2.1 | E21: declarado en la fuente | F21: 42 | G21: 3.4 | H21: 150 | I21: 95 | J21: 44 | K21: 42 | L21: 3.4 | M21: 125 | N21: =IF(NOT(ISNUMBER(H21)),"Sin dato",IF(H21<=INDEX(rng_umbrales,1,2),"Bajo",IF(H21<=INDEX(rng_umbrales,1,3),"Medio",IF(H21<=INDEX(rng_umbrales,1,4),"Alto","Muy alto")))) -> Medio | O21: =IF(NOT(ISNUMBER(I21)),"Sin dato",IF(I21<=INDEX(rng_umbrales,2,2),"Bajo",IF(I21<=INDEX(rng_umbrales,2,3),"Medio",IF(I21<=INDEX(rng_umbrales,2,4),"Alto","Muy alto")))) -> Medio | P21: =IF(NOT(ISNUMBER(J21)),"Sin dato",IF(J21<=INDEX(rng_umbrales,3,2),"Bajo",IF(J21<=INDEX(rng_umbrales,3,3),"Medio",IF(J21<=INDEX(rng_umbrales,3,4),"Alto","Muy alto")))) -> Medio | Q21: =IF(OR(NOT(ISNUMBER(G21)),NOT(ISNUMBER(I21))),"N/C",IF(G21<u_protMin,"N/C: no es fuente proteica",I21/G21)) -> N/C: no es fuente proteica | R21: =IF(NOT(ISNUMBER(Q21)),"N/C",IF(Q21<=u_ppDes,"Deseable",IF(Q21<=u_ppAcep,"Aceptable","Alta"))) -> N/C | S21: =IF(COUNT(F21:J21)=k_cobMin,"Utilizable","No utilizable") -> Utilizable | T21: =IF(S21<>"Utilizable","",C21&"|"&TEXT(IF(v_prioridad="Potasio",H21,IF(v_prioridad="Fósforo",I21,IF(v_prioridad="Sodio",J21,IF(ISNUMBER(Q21),Q21,99999)))),"000000.00")) -> Leche y derivados|00.000.150 | U21: =IF(OR($S21<>"Utilizable",$C21<>SUSTITUCION!$C$13),999999,IF(v_prioridad="Potasio",$H21,IF(v_prioridad="Fósforo",$I21,IF(v_prioridad="Sodio",$J21,IF(ISNUMBER($Q21),$Q21,999999))))) -> 999999
A22: INTA-0014 | B22: Leche en polvo 26% MG | C22: Leche y derivados | D22: 2.1 | E22: declarado en la fuente | F22: 489 | G22: 28.6 | H22: 1307 | I22: 775 | J22: 394.6 | K22: 489 | L22: 28.6 | M22: 912.5 | N22: =IF(NOT(ISNUMBER(H22)),"Sin dato",IF(H22<=INDEX(rng_umbrales,1,2),"Bajo",IF(H22<=INDEX(rng_umbrales,1,3),"Medio",IF(H22<=INDEX(rng_umbrales,1,4),"Alto","Muy alto")))) -> Muy alto | O22: =IF(NOT(ISNUMBER(I22)),"Sin dato",IF(I22<=INDEX(rng_umbrales,2,2),"Bajo",IF(I22<=INDEX(rng_umbrales,2,3),"Medio",IF(I22<=INDEX(rng_umbrales,2,4),"Alto","Muy alto")))) -> Muy alto | P22: =IF(NOT(ISNUMBER(J22)),"Sin dato",IF(J22<=INDEX(rng_umbrales,3,2),"Bajo",IF(J22<=INDEX(rng_umbrales,3,3),"Medio",IF(J22<=INDEX(rng_umbrales,3,4),"Alto","Muy alto")))) -> Alto | Q22: =IF(OR(NOT(ISNUMBER(G22)),NOT(ISNUMBER(I22))),"N/C",IF(G22<u_protMin,"N/C: no es fuente proteica",I22/G22)) -> 27.097902 | R22: =IF(NOT(ISNUMBER(Q22)),"N/C",IF(Q22<=u_ppDes,"Deseable",IF(Q22<=u_ppAcep,"Aceptable","Alta"))) -> Alta | S22: =IF(COUNT(F22:J22)=k_cobMin,"Utilizable","No utilizable") -> Utilizable | T22: =IF(S22<>"Utilizable","",C22&"|"&TEXT(IF(v_prioridad="Potasio",H22,IF(v_prioridad="Fósforo",I22,IF(v_prioridad="Sodio",J22,IF(ISNUMBER(Q22),Q22,99999)))),"000000.00")) -> Leche y derivados|00.001.307 | U22: =IF(OR($S22<>"Utilizable",$C22<>SUSTITUCION!$C$13),999999,IF(v_prioridad="Potasio",$H22,IF(v_prioridad="Fósforo",$I22,IF(v_prioridad="Sodio",$J22,IF(ISNUMBER($Q22),$Q22,999999))))) -> 999999
A23: INTA-0015 | B23: Leche en polvo 26% MG con Vit. D | C23: Leche y derivados | D23: 2.1 | E23: declarado en la fuente | F23: 496 | G23: 26.3 | H23: 1330 | I23: 776 | J23: 371 | K23: 496 | L23: 26.3 | M23: 912 | N23: =IF(NOT(ISNUMBER(H23)),"Sin dato",IF(H23<=INDEX(rng_umbrales,1,2),"Bajo",IF(H23<=INDEX(rng_umbrales,1,3),"Medio",IF(H23<=INDEX(rng_umbrales,1,4),"Alto","Muy alto")))) -> Muy alto | O23: =IF(NOT(ISNUMBER(I23)),"Sin dato",IF(I23<=INDEX(rng_umbrales,2,2),"Bajo",IF(I23<=INDEX(rng_umbrales,2,3),"Medio",IF(I23<=INDEX(rng_umbrales,2,4),"Alto","Muy alto")))) -> Muy alto | P23: =IF(NOT(ISNUMBER(J23)),"Sin dato",IF(J23<=INDEX(rng_umbrales,3,2),"Bajo",IF(J23<=INDEX(rng_umbrales,3,3),"Medio",IF(J23<=INDEX(rng_umbrales,3,4),"Alto","Muy alto")))) -> Alto | Q23: =IF(OR(NOT(ISNUMBER(G23)),NOT(ISNUMBER(I23))),"N/C",IF(G23<u_protMin,"N/C: no es fuente proteica",I23/G23)) -> 29.505703 | R23: =IF(NOT(ISNUMBER(Q23)),"N/C",IF(Q23<=u_ppDes,"Deseable",IF(Q23<=u_ppAcep,"Aceptable","Alta"))) -> Alta | S23: =IF(COUNT(F23:J23)=k_cobMin,"Utilizable","No utilizable") -> Utilizable | T23: =IF(S23<>"Utilizable","",C23&"|"&TEXT(IF(v_prioridad="Potasio",H23,IF(v_prioridad="Fósforo",I23,IF(v_prioridad="Sodio",J23,IF(ISNUMBER(Q23),Q23,99999)))),"000000.00")) -> Leche y derivados|00.001.330 | U23: =IF(OR($S23<>"Utilizable",$C23<>SUSTITUCION!$C$13),999999,IF(v_prioridad="Potasio",$H23,IF(v_prioridad="Fósforo",$I23,IF(v_prioridad="Sodio",$J23,IF(ISNUMBER($Q23),$Q23,999999))))) -> 999999
A24: INTA-0016 | B24: Leche en polvo 18% MG extra calcio | C24: Leche y derivados | D24: 2.1 | E24: declarado en la fuente | F24: 454 | G24: 29.1 | H24: s/i | I24: 865 | J24: s/i | K24: 454 | L24: 29.1 | M24: 1610 | N24: =IF(NOT(ISNUMBER(H24)),"Sin dato",IF(H24<=INDEX(rng_umbrales,1,2),"Bajo",IF(H24<=INDEX(rng_umbrales,1,3),"Medio",IF(H24<=INDEX(rng_umbrales,1,4),"Alto","Muy alto")))) -> Sin dato | O24: =IF(NOT(ISNUMBER(I24)),"Sin dato",IF(I24<=INDEX(rng_umbrales,2,2),"Bajo",IF(I24<=INDEX(rng_umbrales,2,3),"Medio",IF(I24<=INDEX(rng_umbrales,2,4),"Alto","Muy alto")))) -> Muy alto | P24: =IF(NOT(ISNUMBER(J24)),"Sin dato",IF(J24<=INDEX(rng_umbrales,3,2),"Bajo",IF(J24<=INDEX(rng_umbrales,3,3),"Medio",IF(J24<=INDEX(rng_umbrales,3,4),"Alto","Muy alto")))) -> Sin dato | Q24: =IF(OR(NOT(ISNUMBER(G24)),NOT(ISNUMBER(I24))),"N/C",IF(G24<u_protMin,"N/C: no es fuente proteica",I24/G24)) -> 29.725086 | R24: =IF(NOT(ISNUMBER(Q24)),"N/C",IF(Q24<=u_ppDes,"Deseable",IF(Q24<=u_ppAcep,"Aceptable","Alta"))) -> Alta | S24: =IF(COUNT(F24:J24)=k_cobMin,"Utilizable","No utilizable") -> No utilizable | T24: =IF(S24<>"Utilizable","",C24&"|"&TEXT(IF(v_prioridad="Potasio",H24,IF(v_prioridad="Fósforo",I24,IF(v_prioridad="Sodio",J24,IF(ISNUMBER(Q24),Q24,99999)))),"000000.00")) | U24: =IF(OR($S24<>"Utilizable",$C24<>SUSTITUCION!$C$13),999999,IF(v_prioridad="Potasio",$H24,IF(v_prioridad="Fósforo",$I24,IF(v_prioridad="Sodio",$J24,IF(ISNUMBER($Q24),$Q24,999999))))) -> 999999
A25: INTA-0017 | B25: Leche en polvo 12% MG | C25: Leche y derivados | D25: 2.1 | E25: declarado en la fuente | F25: 406 | G25: 34.6 | H25: 1521.6 | I25: 946 | J25: 534.9 | K25: 406 | L25: 34.6 | M25: s/i | N25: =IF(NOT(ISNUMBER(H25)),"Sin dato",IF(H25<=INDEX(rng_umbrales,1,2),"Bajo",IF(H25<=INDEX(rng_umbrales,1,3),"Medio",IF(H25<=INDEX(rng_umbrales,1,4),"Alto","Muy alto")))) -> Muy alto | O25: =IF(NOT(ISNUMBER(I25)),"Sin dato",IF(I25<=INDEX(rng_umbrales,2,2),"Bajo",IF(I25<=INDEX(rng_umbrales,2,3),"Medio",IF(I25<=INDEX(rng_umbrales,2,4),"Alto","Muy alto")))) -> Muy alto | P25: =IF(NOT(ISNUMBER(J25)),"Sin dato",IF(J25<=INDEX(rng_umbrales,3,2),"Bajo",IF(J25<=INDEX(rng_umbrales,3,3),"Medio",IF(J25<=INDEX(rng_umbrales,3,4),"Alto","Muy alto")))) -> Muy alto | Q25: =IF(OR(NOT(ISNUMBER(G25)),NOT(ISNUMBER(I25))),"N/C",IF(G25<u_protMin,"N/C: no es fuente proteica",I25/G25)) -> 27.34104 | R25: =IF(NOT(ISNUMBER(Q25)),"N/C",IF(Q25<=u_ppDes,"Deseable",IF(Q25<=u_ppAcep,"Aceptable","Alta"))) -> Alta | S25: =IF(COUNT(F25:J25)=k_cobMin,"Utilizable","No utilizable") -> Utilizable | T25: =IF(S25<>"Utilizable","",C25&"|"&TEXT(IF(v_prioridad="Potasio",H25,IF(v_prioridad="Fósforo",I25,IF(v_prioridad="Sodio",J25,IF(ISNUMBER(Q25),Q25,99999)))),"000000.00")) -> Leche y derivados|00.001.522 | U25: =IF(OR($S25<>"Utilizable",$C25<>SUSTITUCION!$C$13),999999,IF(v_prioridad="Potasio",$H25,IF(v_prioridad="Fósforo",$I25,IF(v_prioridad="Sodio",$J25,IF(ISNUMBER($Q25),$Q25,999999))))) -> 999999
A26: INTA-0018 | B26: Leche en polvo descremada | C26: Leche y derivados | D26: 2.1 | E26: declarado en la fuente | F26: 358 | G26: 35.1 | H26: 1705 | I26: 985 | J26: 549 | K26: 358 | L26: 35.1 | M26: 1231 | N26: =IF(NOT(ISNUMBER(H26)),"Sin dato",IF(H26<=INDEX(rng_umbrales,1,2),"Bajo",IF(H26<=INDEX(rng_umbrales,1,3),"Medio",IF(H26<=INDEX(rng_umbrales,1,4),"Alto","Muy alto")))) -> Muy alto | O26: =IF(NOT(ISNUMBER(I26)),"Sin dato",IF(I26<=INDEX(rng_umbrales,2,2),"Bajo",IF(I26<=INDEX(rng_umbrales,2,3),"Medio",IF(I26<=INDEX(rng_umbrales,2,4),"Alto","Muy alto")))) -> Muy alto | P26: =IF(NOT(ISNUMBER(J26)),"Sin dato",IF(J26<=INDEX(rng_umbrales,3,2),"Bajo",IF(J26<=INDEX(rng_umbrales,3,3),"Medio",IF(J26<=INDEX(rng_umbrales,3,4),"Alto","Muy alto")))) -> Muy alto | Q26: =IF(OR(NOT(ISNUMBER(G26)),NOT(ISNUMBER(I26))),"N/C",IF(G26<u_protMin,"N/C: no es fuente proteica",I26/G26)) -> 28.062678 | R26: =IF(NOT(ISNUMBER(Q26)),"N/C",IF(Q26<=u_ppDes,"Deseable",IF(Q26<=u_ppAcep,"Aceptable","Alta"))) -> Alta | S26: =IF(COUNT(F26:J26)=k_cobMin,"Utilizable","No utilizable") -> Utilizable | T26: =IF(S26<>"Utilizable","",C26&"|"&TEXT(IF(v_prioridad="Potasio",H26,IF(v_prioridad="Fósforo",I26,IF(v_prioridad="Sodio",J26,IF(ISNUMBER(Q26),Q26,99999)))),"000000.00")) -> Leche y derivados|00.001.705 | U26: =IF(OR($S26<>"Utilizable",$C26<>SUSTITUCION!$C$13),999999,IF(v_prioridad="Potasio",$H26,IF(v_prioridad="Fósforo",$I26,IF(v_prioridad="Sodio",$J26,IF(ISNUMBER($Q26),$Q26,999999))))) -> 999999
A27: INTA-0019 | B27: Leche en polvo descremada extra calcio | C27: Leche y derivados | D27: 2.1 | E27: declarado en la fuente | F27: 349 | G27: 31 | H27: s/i | I27: 900 | J27: 450 | K27: 349 | L27: 31 | M27: 2000 | N27: =IF(NOT(ISNUMBER(H27)),"Sin dato",IF(H27<=INDEX(rng_umbrales,1,2),"Bajo",IF(H27<=INDEX(rng_umbrales,1,3),"Medio",IF(H27<=INDEX(rng_umbrales,1,4),"Alto","Muy alto")))) -> Sin dato | O27: =IF(NOT(ISNUMBER(I27)),"Sin dato",IF(I27<=INDEX(rng_umbrales,2,2),"Bajo",IF(I27<=INDEX(rng_umbrales,2,3),"Medio",IF(I27<=INDEX(rng_umbrales,2,4),"Alto","Muy alto")))) -> Muy alto | P27: =IF(NOT(ISNUMBER(J27)),"Sin dato",IF(J27<=INDEX(rng_umbrales,3,2),"Bajo",IF(J27<=INDEX(rng_umbrales,3,3),"Medio",IF(J27<=INDEX(rng_umbrales,3,4),"Alto","Muy alto")))) -> Muy alto | Q27: =IF(OR(NOT(ISNUMBER(G27)),NOT(ISNUMBER(I27))),"N/C",IF(G27<u_protMin,"N/C: no es fuente proteica",I27/G27)) -> 29.032258 | R27: =IF(NOT(ISNUMBER(Q27)),"N/C",IF(Q27<=u_ppDes,"Deseable",IF(Q27<=u_ppAcep,"Aceptable","Alta"))) -> Alta | S27: =IF(COUNT(F27:J27)=k_cobMin,"Utilizable","No utilizable") -> No utilizable | T27: =IF(S27<>"Utilizable","",C27&"|"&TEXT(IF(v_prioridad="Potasio",H27,IF(v_prioridad="Fósforo",I27,IF(v_prioridad="Sodio",J27,IF(ISNUMBER(Q27),Q27,99999)))),"000000.00")) | U27: =IF(OR($S27<>"Utilizable",$C27<>SUSTITUCION!$C$13),999999,IF(v_prioridad="Potasio",$H27,IF(v_prioridad="Fósforo",$I27,IF(v_prioridad="Sodio",$J27,IF(ISNUMBER($Q27),$Q27,999999))))) -> 999999
A28: INTA-0020 | B28: Leche en polvo purita cereal | C28: Leche y derivados | D28: 2.1 | E28: declarado en la fuente | F28: 454 | G28: 19.4 | H28: s/i | I28: 644 | J28: 207 | K28: 454 | L28: 19.4 | M28: 1066 | N28: =IF(NOT(ISNUMBER(H28)),"Sin dato",IF(H28<=INDEX(rng_umbrales,1,2),"Bajo",IF(H28<=INDEX(rng_umbrales,1,3),"Medio",IF(H28<=INDEX(rng_umbrales,1,4),"Alto","Muy alto")))) -> Sin dato | O28: =IF(NOT(ISNUMBER(I28)),"Sin dato",IF(I28<=INDEX(rng_umbrales,2,2),"Bajo",IF(I28<=INDEX(rng_umbrales,2,3),"Medio",IF(I28<=INDEX(rng_umbrales,2,4),"Alto","Muy alto")))) -> Muy alto | P28: =IF(NOT(ISNUMBER(J28)),"Sin dato",IF(J28<=INDEX(rng_umbrales,3,2),"Bajo",IF(J28<=INDEX(rng_umbrales,3,3),"Medio",IF(J28<=INDEX(rng_umbrales,3,4),"Alto","Muy alto")))) -> Alto | Q28: =IF(OR(NOT(ISNUMBER(G28)),NOT(ISNUMBER(I28))),"N/C",IF(G28<u_protMin,"N/C: no es fuente proteica",I28/G28)) -> 33.195876 | R28: =IF(NOT(ISNUMBER(Q28)),"N/C",IF(Q28<=u_ppDes,"Deseable",IF(Q28<=u_ppAcep,"Aceptable","Alta"))) -> Alta | S28: =IF(COUNT(F28:J28)=k_cobMin,"Utilizable","No utilizable") -> No utilizable | T28: =IF(S28<>"Utilizable","",C28&"|"&TEXT(IF(v_prioridad="Potasio",H28,IF(v_prioridad="Fósforo",I28,IF(v_prioridad="Sodio",J28,IF(ISNUMBER(Q28),Q28,99999)))),"000000.00")) | U28: =IF(OR($S28<>"Utilizable",$C28<>SUSTITUCION!$C$13),999999,IF(v_prioridad="Potasio",$H28,IF(v_prioridad="Fósforo",$I28,IF(v_prioridad="Sodio",$J28,IF(ISNUMBER($Q28),$Q28,999999))))) -> 999999
A29: INTA-0021 | B29: Leche condensada | C29: Leche y derivados | D29: 2.1 | E29: declarado en la fuente | F29: 321 | G29: 7.9 | H29: 371 | I29: 253 | J29: 127 | K29: 321 | L29: 7.9 | M29: 284 | N29: =IF(NOT(ISNUMBER(H29)),"Sin dato",IF(H29<=INDEX(rng_umbrales,1,2),"Bajo",IF(H29<=INDEX(rng_umbrales,1,3),"Medio",IF(H29<=INDEX(rng_umbrales,1,4),"Alto","Muy alto")))) -> Muy alto | O29: =IF(NOT(ISNUMBER(I29)),"Sin dato",IF(I29<=INDEX(rng_umbrales,2,2),"Bajo",IF(I29<=INDEX(rng_umbrales,2,3),"Medio",IF(I29<=INDEX(rng_umbrales,2,4),"Alto","Muy alto")))) -> Muy alto | P29: =IF(NOT(ISNUMBER(J29)),"Sin dato",IF(J29<=INDEX(rng_umbrales,3,2),"Bajo",IF(J29<=INDEX(rng_umbrales,3,3),"Medio",IF(J29<=INDEX(rng_umbrales,3,4),"Alto","Muy alto")))) -> Alto | Q29: =IF(OR(NOT(ISNUMBER(G29)),NOT(ISNUMBER(I29))),"N/C",IF(G29<u_protMin,"N/C: no es fuente proteica",I29/G29)) -> N/C: no es fuente proteica | R29: =IF(NOT(ISNUMBER(Q29)),"N/C",IF(Q29<=u_ppDes,"Deseable",IF(Q29<=u_ppAcep,"Aceptable","Alta"))) -> N/C | S29: =IF(COUNT(F29:J29)=k_cobMin,"Utilizable","No utilizable") -> Utilizable | T29: =IF(S29<>"Utilizable","",C29&"|"&TEXT(IF(v_prioridad="Potasio",H29,IF(v_prioridad="Fósforo",I29,IF(v_prioridad="Sodio",J29,IF(ISNUMBER(Q29),Q29,99999)))),"000000.00")) -> Leche y derivados|00.000.371 | U29: =IF(OR($S29<>"Utilizable",$C29<>SUSTITUCION!$C$13),999999,IF(v_prioridad="Potasio",$H29,IF(v_prioridad="Fósforo",$I29,IF(v_prioridad="Sodio",$J29,IF(ISNUMBER($Q29),$Q29,999999))))) -> 999999
A30: INTA-0022 | B30: Leche evaporada | C30: Leche y derivados | D30: 2.1 | E30: declarado en la fuente | F30: 134 | G30: 6.8 | H30: 303 | I30: 203 | J30: 106 | K30: 134 | L30: 6.8 | M30: 261 | N30: =IF(NOT(ISNUMBER(H30)),"Sin dato",IF(H30<=INDEX(rng_umbrales,1,2),"Bajo",IF(H30<=INDEX(rng_umbrales,1,3),"Medio",IF(H30<=INDEX(rng_umbrales,1,4),"Alto","Muy alto")))) -> Muy alto | O30: =IF(NOT(ISNUMBER(I30)),"Sin dato",IF(I30<=INDEX(rng_umbrales,2,2),"Bajo",IF(I30<=INDEX(rng_umbrales,2,3),"Medio",IF(I30<=INDEX(rng_umbrales,2,4),"Alto","Muy alto")))) -> Muy alto | P30: =IF(NOT(ISNUMBER(J30)),"Sin dato",IF(J30<=INDEX(rng_umbrales,3,2),"Bajo",IF(J30<=INDEX(rng_umbrales,3,3),"Medio",IF(J30<=INDEX(rng_umbrales,3,4),"Alto","Muy alto")))) -> Medio | Q30: =IF(OR(NOT(ISNUMBER(G30)),NOT(ISNUMBER(I30))),"N/C",IF(G30<u_protMin,"N/C: no es fuente proteica",I30/G30)) -> N/C: no es fuente proteica | R30: =IF(NOT(ISNUMBER(Q30)),"N/C",IF(Q30<=u_ppDes,"Deseable",IF(Q30<=u_ppAcep,"Aceptable","Alta"))) -> N/C | S30: =IF(COUNT(F30:J30)=k_cobMin,"Utilizable","No utilizable") -> Utilizable | T30: =IF(S30<>"Utilizable","",C30&"|"&TEXT(IF(v_prioridad="Potasio",H30,IF(v_prioridad="Fósforo",I30,IF(v_prioridad="Sodio",J30,IF(ISNUMBER(Q30),Q30,99999)))),"000000.00")) -> Leche y derivados|00.000.303 | U30: =IF(OR($S30<>"Utilizable",$C30<>SUSTITUCION!$C$13),999999,IF(v_prioridad="Potasio",$H30,IF(v_prioridad="Fósforo",$I30,IF(v_prioridad="Sodio",$J30,IF(ISNUMBER($Q30),$Q30,999999))))) -> 999999
A31: INTA-0023 | B31: Quesillo | C31: Leche y derivados | D31: 2.1 | E31: declarado en la fuente | F31: 103 | G31: 12.5 | H31: 84.3 | I31: 131 | J31: 405 | K31: 103 | L31: 12.5 | M31: 60 | N31: =IF(NOT(ISNUMBER(H31)),"Sin dato",IF(H31<=INDEX(rng_umbrales,1,2),"Bajo",IF(H31<=INDEX(rng_umbrales,1,3),"Medio",IF(H31<=INDEX(rng_umbrales,1,4),"Alto","Muy alto")))) -> Bajo | O31: =IF(NOT(ISNUMBER(I31)),"Sin dato",IF(I31<=INDEX(rng_umbrales,2,2),"Bajo",IF(I31<=INDEX(rng_umbrales,2,3),"Medio",IF(I31<=INDEX(rng_umbrales,2,4),"Alto","Muy alto")))) -> Alto | P31: =IF(NOT(ISNUMBER(J31)),"Sin dato",IF(J31<=INDEX(rng_umbrales,3,2),"Bajo",IF(J31<=INDEX(rng_umbrales,3,3),"Medio",IF(J31<=INDEX(rng_umbrales,3,4),"Alto","Muy alto")))) -> Muy alto | Q31: =IF(OR(NOT(ISNUMBER(G31)),NOT(ISNUMBER(I31))),"N/C",IF(G31<u_protMin,"N/C: no es fuente proteica",I31/G31)) -> 10.48 | R31: =IF(NOT(ISNUMBER(Q31)),"N/C",IF(Q31<=u_ppDes,"Deseable",IF(Q31<=u_ppAcep,"Aceptable","Alta"))) -> Deseable | S31: =IF(COUNT(F31:J31)=k_cobMin,"Utilizable","No utilizable") -> Utilizable | T31: =IF(S31<>"Utilizable","",C31&"|"&TEXT(IF(v_prioridad="Potasio",H31,IF(v_prioridad="Fósforo",I31,IF(v_prioridad="Sodio",J31,IF(ISNUMBER(Q31),Q31,99999)))),"000000.00")) -> Leche y derivados|00.000.084 | U31: =IF(OR($S31<>"Utilizable",$C31<>SUSTITUCION!$C$13),999999,IF(v_prioridad="Potasio",$H31,IF(v_prioridad="Fósforo",$I31,IF(v_prioridad="Sodio",$J31,IF(ISNUMBER($Q31),$Q31,999999))))) -> 999999
A32: INTA-0024 | B32: Quesillo 0% MG | C32: Leche y derivados | D32: 2.1 | E32: declarado en la fuente | F32: 85 | G32: 13.9 | H32: s/i | I32: s/i | J32: 260 | K32: 85 | L32: 13.9 | M32: 434 | N32: =IF(NOT(ISNUMBER(H32)),"Sin dato",IF(H32<=INDEX(rng_umbrales,1,2),"Bajo",IF(H32<=INDEX(rng_umbrales,1,3),"Medio",IF(H32<=INDEX(rng_umbrales,1,4),"Alto","Muy alto")))) -> Sin dato | O32: =IF(NOT(ISNUMBER(I32)),"Sin dato",IF(I32<=INDEX(rng_umbrales,2,2),"Bajo",IF(I32<=INDEX(rng_umbrales,2,3),"Medio",IF(I32<=INDEX(rng_umbrales,2,4),"Alto","Muy alto")))) -> Sin dato | P32: =IF(NOT(ISNUMBER(J32)),"Sin dato",IF(J32<=INDEX(rng_umbrales,3,2),"Bajo",IF(J32<=INDEX(rng_umbrales,3,3),"Medio",IF(J32<=INDEX(rng_umbrales,3,4),"Alto","Muy alto")))) -> Alto | Q32: =IF(OR(NOT(ISNUMBER(G32)),NOT(ISNUMBER(I32))),"N/C",IF(G32<u_protMin,"N/C: no es fuente proteica",I32/G32)) -> N/C | R32: =IF(NOT(ISNUMBER(Q32)),"N/C",IF(Q32<=u_ppDes,"Deseable",IF(Q32<=u_ppAcep,"Aceptable","Alta"))) -> N/C | S32: =IF(COUNT(F32:J32)=k_cobMin,"Utilizable","No utilizable") -> No utilizable | T32: =IF(S32<>"Utilizable","",C32&"|"&TEXT(IF(v_prioridad="Potasio",H32,IF(v_prioridad="Fósforo",I32,IF(v_prioridad="Sodio",J32,IF(ISNUMBER(Q32),Q32,99999)))),"000000.00")) | U32: =IF(OR($S32<>"Utilizable",$C32<>SUSTITUCION!$C$13),999999,IF(v_prioridad="Potasio",$H32,IF(v_prioridad="Fósforo",$I32,IF(v_prioridad="Sodio",$J32,IF(ISNUMBER($Q32),$Q32,999999))))) -> 999999
A33: INTA-0025 | B33: Quesillo sin sal | C33: Leche y derivados | D33: 2.1 | E33: declarado en la fuente | F33: 151 | G33: 13 | H33: s/i | I33: s/i | J33: 51 | K33: 151 | L33: 13 | M33: 420 | N33: =IF(NOT(ISNUMBER(H33)),"Sin dato",IF(H33<=INDEX(rng_umbrales,1,2),"Bajo",IF(H33<=INDEX(rng_umbrales,1,3),"Medio",IF(H33<=INDEX(rng_umbrales,1,4),"Alto","Muy alto")))) -> Sin dato | O33: =IF(NOT(ISNUMBER(I33)),"Sin dato",IF(I33<=INDEX(rng_umbrales,2,2),"Bajo",IF(I33<=INDEX(rng_umbrales,2,3),"Medio",IF(I33<=INDEX(rng_umbrales,2,4),"Alto","Muy alto")))) -> Sin dato | P33: =IF(NOT(ISNUMBER(J33)),"Sin dato",IF(J33<=INDEX(rng_umbrales,3,2),"Bajo",IF(J33<=INDEX(rng_umbrales,3,3),"Medio",IF(J33<=INDEX(rng_umbrales,3,4),"Alto","Muy alto")))) -> Medio | Q33: =IF(OR(NOT(ISNUMBER(G33)),NOT(ISNUMBER(I33))),"N/C",IF(G33<u_protMin,"N/C: no es fuente proteica",I33/G33)) -> N/C | R33: =IF(NOT(ISNUMBER(Q33)),"N/C",IF(Q33<=u_ppDes,"Deseable",IF(Q33<=u_ppAcep,"Aceptable","Alta"))) -> N/C | S33: =IF(COUNT(F33:J33)=k_cobMin,"Utilizable","No utilizable") -> No utilizable | T33: =IF(S33<>"Utilizable","",C33&"|"&TEXT(IF(v_prioridad="Potasio",H33,IF(v_prioridad="Fósforo",I33,IF(v_prioridad="Sodio",J33,IF(ISNUMBER(Q33),Q33,99999)))),"000000.00")) | U33: =IF(OR($S33<>"Utilizable",$C33<>SUSTITUCION!$C$13),999999,IF(v_prioridad="Potasio",$H33,IF(v_prioridad="Fósforo",$I33,IF(v_prioridad="Sodio",$J33,IF(ISNUMBER($Q33),$Q33,999999))))) -> 999999
A34: INTA-0026 | B34: Queso cabra | C34: Leche y derivados | D34: 2.1 | E34: declarado en la fuente | F34: 364 | G34: 21.6 | H34: 158 | I34: 375 | J34: 415 | K34: 364 | L34: 21.6 | M34: 298 | N34: =IF(NOT(ISNUMBER(H34)),"Sin dato",IF(H34<=INDEX(rng_umbrales,1,2),"Bajo",IF(H34<=INDEX(rng_umbrales,1,3),"Medio",IF(H34<=INDEX(rng_umbrales,1,4),"Alto","Muy alto")))) -> Medio | O34: =IF(NOT(ISNUMBER(I34)),"Sin dato",IF(I34<=INDEX(rng_umbrales,2,2),"Bajo",IF(I34<=INDEX(rng_umbrales,2,3),"Medio",IF(I34<=INDEX(rng_umbrales,2,4),"Alto","Muy alto")))) -> Muy alto | P34: =IF(NOT(ISNUMBER(J34)),"Sin dato",IF(J34<=INDEX(rng_umbrales,3,2),"Bajo",IF(J34<=INDEX(rng_umbrales,3,3),"Medio",IF(J34<=INDEX(rng_umbrales,3,4),"Alto","Muy alto")))) -> Muy alto | Q34: =IF(OR(NOT(ISNUMBER(G34)),NOT(ISNUMBER(I34))),"N/C",IF(G34<u_protMin,"N/C: no es fuente proteica",I34/G34)) -> 17.361111 | R34: =IF(NOT(ISNUMBER(Q34)),"N/C",IF(Q34<=u_ppDes,"Deseable",IF(Q34<=u_ppAcep,"Aceptable","Alta"))) -> Alta | S34: =IF(COUNT(F34:J34)=k_cobMin,"Utilizable","No utilizable") -> Utilizable | T34: =IF(S34<>"Utilizable","",C34&"|"&TEXT(IF(v_prioridad="Potasio",H34,IF(v_prioridad="Fósforo",I34,IF(v_prioridad="Sodio",J34,IF(ISNUMBER(Q34),Q34,99999)))),"000000.00")) -> Leche y derivados|00.000.158 | U34: =IF(OR($S34<>"Utilizable",$C34<>SUSTITUCION!$C$13),999999,IF(v_prioridad="Potasio",$H34,IF(v_prioridad="Fósforo",$I34,IF(v_prioridad="Sodio",$J34,IF(ISNUMBER($Q34),$Q34,999999))))) -> 999999
A35: INTA-0027 | B35: Queso chanco | C35: Leche y derivados | D35: 2.1 | E35: declarado en la fuente | F35: 356 | G35: 20.8 | H35: s/i | I35: s/i | J35: 536 | K35: 356 | L35: 20.8 | M35: 822 | N35: =IF(NOT(ISNUMBER(H35)),"Sin dato",IF(H35<=INDEX(rng_umbrales,1,2),"Bajo",IF(H35<=INDEX(rng_umbrales,1,3),"Medio",IF(H35<=INDEX(rng_umbrales,1,4),"Alto","Muy alto")))) -> Sin dato | O35: =IF(NOT(ISNUMBER(I35)),"Sin dato",IF(I35<=INDEX(rng_umbrales,2,2),"Bajo",IF(I35<=INDEX(rng_umbrales,2,3),"Medio",IF(I35<=INDEX(rng_umbrales,2,4),"Alto","Muy alto")))) -> Sin dato | P35: =IF(NOT(ISNUMBER(J35)),"Sin dato",IF(J35<=INDEX(rng_umbrales,3,2),"Bajo",IF(J35<=INDEX(rng_umbrales,3,3),"Medio",IF(J35<=INDEX(rng_umbrales,3,4),"Alto","Muy alto")))) -> Muy alto | Q35: =IF(OR(NOT(ISNUMBER(G35)),NOT(ISNUMBER(I35))),"N/C",IF(G35<u_protMin,"N/C: no es fuente proteica",I35/G35)) -> N/C | R35: =IF(NOT(ISNUMBER(Q35)),"N/C",IF(Q35<=u_ppDes,"Deseable",IF(Q35<=u_ppAcep,"Aceptable","Alta"))) -> N/C | S35: =IF(COUNT(F35:J35)=k_cobMin,"Utilizable","No utilizable") -> No utilizable | T35: =IF(S35<>"Utilizable","",C35&"|"&TEXT(IF(v_prioridad="Potasio",H35,IF(v_prioridad="Fósforo",I35,IF(v_prioridad="Sodio",J35,IF(ISNUMBER(Q35),Q35,99999)))),"000000.00")) | U35: =IF(OR($S35<>"Utilizable",$C35<>SUSTITUCION!$C$13),999999,IF(v_prioridad="Potasio",$H35,IF(v_prioridad="Fósforo",$I35,IF(v_prioridad="Sodio",$J35,IF(ISNUMBER($Q35),$Q35,999999))))) -> 999999
A36: INTA-0028 | B36: Queso cheddar | C36: Leche y derivados | D36: 2.1 | E36: declarado en la fuente | F36: 404 | G36: 22.9 | H36: 76 | I36: 455 | J36: 653 | K36: 404 | L36: 22.9 | M36: 710 | N36: =IF(NOT(ISNUMBER(H36)),"Sin dato",IF(H36<=INDEX(rng_umbrales,1,2),"Bajo",IF(H36<=INDEX(rng_umbrales,1,3),"Medio",IF(H36<=INDEX(rng_umbrales,1,4),"Alto","Muy alto")))) -> Bajo | O36: =IF(NOT(ISNUMBER(I36)),"Sin dato",IF(I36<=INDEX(rng_umbrales,2,2),"Bajo",IF(I36<=INDEX(rng_umbrales,2,3),"Medio",IF(I36<=INDEX(rng_umbrales,2,4),"Alto","Muy alto")))) -> Muy alto | P36: =IF(NOT(ISNUMBER(J36)),"Sin dato",IF(J36<=INDEX(rng_umbrales,3,2),"Bajo",IF(J36<=INDEX(rng_umbrales,3,3),"Medio",IF(J36<=INDEX(rng_umbrales,3,4),"Alto","Muy alto")))) -> Muy alto | Q36: =IF(OR(NOT(ISNUMBER(G36)),NOT(ISNUMBER(I36))),"N/C",IF(G36<u_protMin,"N/C: no es fuente proteica",I36/G36)) -> 19.868996 | R36: =IF(NOT(ISNUMBER(Q36)),"N/C",IF(Q36<=u_ppDes,"Deseable",IF(Q36<=u_ppAcep,"Aceptable","Alta"))) -> Alta | S36: =IF(COUNT(F36:J36)=k_cobMin,"Utilizable","No utilizable") -> Utilizable | T36: =IF(S36<>"Utilizable","",C36&"|"&TEXT(IF(v_prioridad="Potasio",H36,IF(v_prioridad="Fósforo",I36,IF(v_prioridad="Sodio",J36,IF(ISNUMBER(Q36),Q36,99999)))),"000000.00")) -> Leche y derivados|00.000.076 | U36: =IF(OR($S36<>"Utilizable",$C36<>SUSTITUCION!$C$13),999999,IF(v_prioridad="Potasio",$H36,IF(v_prioridad="Fósforo",$I36,IF(v_prioridad="Sodio",$J36,IF(ISNUMBER($Q36),$Q36,999999))))) -> 999999
A37: INTA-0029 | B37: Queso crema | C37: Leche y derivados | D37: 2.1 | E37: declarado en la fuente | F37: 350 | G37: 6.2 | H37: 132 | I37: 107 | J37: 314 | K37: 350 | L37: 6.2 | M37: 97 | N37: =IF(NOT(ISNUMBER(H37)),"Sin dato",IF(H37<=INDEX(rng_umbrales,1,2),"Bajo",IF(H37<=INDEX(rng_umbrales,1,3),"Medio",IF(H37<=INDEX(rng_umbrales,1,4),"Alto","Muy alto")))) -> Medio | O37: =IF(NOT(ISNUMBER(I37)),"Sin dato",IF(I37<=INDEX(rng_umbrales,2,2),"Bajo",IF(I37<=INDEX(rng_umbrales,2,3),"Medio",IF(I37<=INDEX(rng_umbrales,2,4),"Alto","Muy alto")))) -> Alto | P37: =IF(NOT(ISNUMBER(J37)),"Sin dato",IF(J37<=INDEX(rng_umbrales,3,2),"Bajo",IF(J37<=INDEX(rng_umbrales,3,3),"Medio",IF(J37<=INDEX(rng_umbrales,3,4),"Alto","Muy alto")))) -> Alto | Q37: =IF(OR(NOT(ISNUMBER(G37)),NOT(ISNUMBER(I37))),"N/C",IF(G37<u_protMin,"N/C: no es fuente proteica",I37/G37)) -> N/C: no es fuente proteica | R37: =IF(NOT(ISNUMBER(Q37)),"N/C",IF(Q37<=u_ppDes,"Deseable",IF(Q37<=u_ppAcep,"Aceptable","Alta"))) -> N/C | S37: =IF(COUNT(F37:J37)=k_cobMin,"Utilizable","No utilizable") -> Utilizable | T37: =IF(S37<>"Utilizable","",C37&"|"&TEXT(IF(v_prioridad="Potasio",H37,IF(v_prioridad="Fósforo",I37,IF(v_prioridad="Sodio",J37,IF(ISNUMBER(Q37),Q37,99999)))),"000000.00")) -> Leche y derivados|00.000.132 | U37: =IF(OR($S37<>"Utilizable",$C37<>SUSTITUCION!$C$13),999999,IF(v_prioridad="Potasio",$H37,IF(v_prioridad="Fósforo",$I37,IF(v_prioridad="Sodio",$J37,IF(ISNUMBER($Q37),$Q37,999999))))) -> 999999
A38: INTA-0030 | B38: Queso crema 2 | C38: Leche y derivados | D38: 2.1 | E38: declarado en la fuente | F38: 218 | G38: 12 | H38: s/i | I38: s/i | J38: 763 | K38: 218 | L38: 12 | M38: 430 | N38: =IF(NOT(ISNUMBER(H38)),"Sin dato",IF(H38<=INDEX(rng_umbrales,1,2),"Bajo",IF(H38<=INDEX(rng_umbrales,1,3),"Medio",IF(H38<=INDEX(rng_umbrales,1,4),"Alto","Muy alto")))) -> Sin dato | O38: =IF(NOT(ISNUMBER(I38)),"Sin dato",IF(I38<=INDEX(rng_umbrales,2,2),"Bajo",IF(I38<=INDEX(rng_umbrales,2,3),"Medio",IF(I38<=INDEX(rng_umbrales,2,4),"Alto","Muy alto")))) -> Sin dato | P38: =IF(NOT(ISNUMBER(J38)),"Sin dato",IF(J38<=INDEX(rng_umbrales,3,2),"Bajo",IF(J38<=INDEX(rng_umbrales,3,3),"Medio",IF(J38<=INDEX(rng_umbrales,3,4),"Alto","Muy alto")))) -> Muy alto | Q38: =IF(OR(NOT(ISNUMBER(G38)),NOT(ISNUMBER(I38))),"N/C",IF(G38<u_protMin,"N/C: no es fuente proteica",I38/G38)) -> N/C | R38: =IF(NOT(ISNUMBER(Q38)),"N/C",IF(Q38<=u_ppDes,"Deseable",IF(Q38<=u_ppAcep,"Aceptable","Alta"))) -> N/C | S38: =IF(COUNT(F38:J38)=k_cobMin,"Utilizable","No utilizable") -> No utilizable | T38: =IF(S38<>"Utilizable","",C38&"|"&TEXT(IF(v_prioridad="Potasio",H38,IF(v_prioridad="Fósforo",I38,IF(v_prioridad="Sodio",J38,IF(ISNUMBER(Q38),Q38,99999)))),"000000.00")) | U38: =IF(OR($S38<>"Utilizable",$C38<>SUSTITUCION!$C$13),999999,IF(v_prioridad="Potasio",$H38,IF(v_prioridad="Fósforo",$I38,IF(v_prioridad="Sodio",$J38,IF(ISNUMBER($Q38),$Q38,999999))))) -> 999999
A39: INTA-0031 | B39: Queso fresco | C39: Leche y derivados | D39: 2.1 | E39: declarado en la fuente | F39: 228 | G39: 16.9 | H39: s/i | I39: s/i | J39: 401 | K39: 228 | L39: 16.9 | M39: s/i | N39: =IF(NOT(ISNUMBER(H39)),"Sin dato",IF(H39<=INDEX(rng_umbrales,1,2),"Bajo",IF(H39<=INDEX(rng_umbrales,1,3),"Medio",IF(H39<=INDEX(rng_umbrales,1,4),"Alto","Muy alto")))) -> Sin dato | O39: =IF(NOT(ISNUMBER(I39)),"Sin dato",IF(I39<=INDEX(rng_umbrales,2,2),"Bajo",IF(I39<=INDEX(rng_umbrales,2,3),"Medio",IF(I39<=INDEX(rng_umbrales,2,4),"Alto","Muy alto")))) -> Sin dato | P39: =IF(NOT(ISNUMBER(J39)),"Sin dato",IF(J39<=INDEX(rng_umbrales,3,2),"Bajo",IF(J39<=INDEX(rng_umbrales,3,3),"Medio",IF(J39<=INDEX(rng_umbrales,3,4),"Alto","Muy alto")))) -> Muy alto | Q39: =IF(OR(NOT(ISNUMBER(G39)),NOT(ISNUMBER(I39))),"N/C",IF(G39<u_protMin,"N/C: no es fuente proteica",I39/G39)) -> N/C | R39: =IF(NOT(ISNUMBER(Q39)),"N/C",IF(Q39<=u_ppDes,"Deseable",IF(Q39<=u_ppAcep,"Aceptable","Alta"))) -> N/C | S39: =IF(COUNT(F39:J39)=k_cobMin,"Utilizable","No utilizable") -> No utilizable | T39: =IF(S39<>"Utilizable","",C39&"|"&TEXT(IF(v_prioridad="Potasio",H39,IF(v_prioridad="Fósforo",I39,IF(v_prioridad="Sodio",J39,IF(ISNUMBER(Q39),Q39,99999)))),"000000.00")) | U39: =IF(OR($S39<>"Utilizable",$C39<>SUSTITUCION!$C$13),999999,IF(v_prioridad="Potasio",$H39,IF(v_prioridad="Fósforo",$I39,IF(v_prioridad="Sodio",$J39,IF(ISNUMBER($Q39),$Q39,999999))))) -> 999999
A40: INTA-0032 | B40: Queso fresco 2 | C40: Leche y derivados | D40: 2.1 | E40: declarado en la fuente | F40: 177 | G40: 12.6 | H40: s/i | I40: s/i | J40: 254 | K40: 177 | L40: 12.6 | M40: 383 | N40: =IF(NOT(ISNUMBER(H40)),"Sin dato",IF(H40<=INDEX(rng_umbrales,1,2),"Bajo",IF(H40<=INDEX(rng_umbrales,1,3),"Medio",IF(H40<=INDEX(rng_umbrales,1,4),"Alto","Muy alto")))) -> Sin dato | O40: =IF(NOT(ISNUMBER(I40)),"Sin dato",IF(I40<=INDEX(rng_umbrales,2,2),"Bajo",IF(I40<=INDEX(rng_umbrales,2,3),"Medio",IF(I40<=INDEX(rng_umbrales,2,4),"Alto","Muy alto")))) -> Sin dato | P40: =IF(NOT(ISNUMBER(J40)),"Sin dato",IF(J40<=INDEX(rng_umbrales,3,2),"Bajo",IF(J40<=INDEX(rng_umbrales,3,3),"Medio",IF(J40<=INDEX(rng_umbrales,3,4),"Alto","Muy alto")))) -> Alto | Q40: =IF(OR(NOT(ISNUMBER(G40)),NOT(ISNUMBER(I40))),"N/C",IF(G40<u_protMin,"N/C: no es fuente proteica",I40/G40)) -> N/C | R40: =IF(NOT(ISNUMBER(Q40)),"N/C",IF(Q40<=u_ppDes,"Deseable",IF(Q40<=u_ppAcep,"Aceptable","Alta"))) -> N/C | S40: =IF(COUNT(F40:J40)=k_cobMin,"Utilizable","No utilizable") -> No utilizable | T40: =IF(S40<>"Utilizable","",C40&"|"&TEXT(IF(v_prioridad="Potasio",H40,IF(v_prioridad="Fósforo",I40,IF(v_prioridad="Sodio",J40,IF(ISNUMBER(Q40),Q40,99999)))),"000000.00")) | U40: =IF(OR($S40<>"Utilizable",$C40<>SUSTITUCION!$C$13),999999,IF(v_prioridad="Potasio",$H40,IF(v_prioridad="Fósforo",$I40,IF(v_prioridad="Sodio",$J40,IF(ISNUMBER($Q40),$Q40,999999))))) -> 999999
A41: INTA-0033 | B41: Queso fresco light | C41: Leche y derivados | D41: 2.1 | E41: declarado en la fuente | F41: 193 | G41: 13.8 | H41: s/i | I41: s/i | J41: 363 | K41: 193 | L41: 13.8 | M41: s/i | N41: =IF(NOT(ISNUMBER(H41)),"Sin dato",IF(H41<=INDEX(rng_umbrales,1,2),"Bajo",IF(H41<=INDEX(rng_umbrales,1,3),"Medio",IF(H41<=INDEX(rng_umbrales,1,4),"Alto","Muy alto")))) -> Sin dato | O41: =IF(NOT(ISNUMBER(I41)),"Sin dato",IF(I41<=INDEX(rng_umbrales,2,2),"Bajo",IF(I41<=INDEX(rng_umbrales,2,3),"Medio",IF(I41<=INDEX(rng_umbrales,2,4),"Alto","Muy alto")))) -> Sin dato | P41: =IF(NOT(ISNUMBER(J41)),"Sin dato",IF(J41<=INDEX(rng_umbrales,3,2),"Bajo",IF(J41<=INDEX(rng_umbrales,3,3),"Medio",IF(J41<=INDEX(rng_umbrales,3,4),"Alto","Muy alto")))) -> Alto | Q41: =IF(OR(NOT(ISNUMBER(G41)),NOT(ISNUMBER(I41))),"N/C",IF(G41<u_protMin,"N/C: no es fuente proteica",I41/G41)) -> N/C | R41: =IF(NOT(ISNUMBER(Q41)),"N/C",IF(Q41<=u_ppDes,"Deseable",IF(Q41<=u_ppAcep,"Aceptable","Alta"))) -> N/C | S41: =IF(COUNT(F41:J41)=k_cobMin,"Utilizable","No utilizable") -> No utilizable | T41: =IF(S41<>"Utilizable","",C41&"|"&TEXT(IF(v_prioridad="Potasio",H41,IF(v_prioridad="Fósforo",I41,IF(v_prioridad="Sodio",J41,IF(ISNUMBER(Q41),Q41,99999)))),"000000.00")) | U41: =IF(OR($S41<>"Utilizable",$C41<>SUSTITUCION!$C$13),999999,IF(v_prioridad="Potasio",$H41,IF(v_prioridad="Fósforo",$I41,IF(v_prioridad="Sodio",$J41,IF(ISNUMBER($Q41),$Q41,999999))))) -> 999999
A42: INTA-0034 | B42: Queso gouda | C42: Leche y derivados | D42: 2.1 | E42: declarado en la fuente | F42: 356 | G42: 24.9 | H42: 121 | I42: 546 | J42: 819 | K42: 356 | L42: 24.9 | M42: 700 | N42: =IF(NOT(ISNUMBER(H42)),"Sin dato",IF(H42<=INDEX(rng_umbrales,1,2),"Bajo",IF(H42<=INDEX(rng_umbrales,1,3),"Medio",IF(H42<=INDEX(rng_umbrales,1,4),"Alto","Muy alto")))) -> Medio | O42: =IF(NOT(ISNUMBER(I42)),"Sin dato",IF(I42<=INDEX(rng_umbrales,2,2),"Bajo",IF(I42<=INDEX(rng_umbrales,2,3),"Medio",IF(I42<=INDEX(rng_umbrales,2,4),"Alto","Muy alto")))) -> Muy alto | P42: =IF(NOT(ISNUMBER(J42)),"Sin dato",IF(J42<=INDEX(rng_umbrales,3,2),"Bajo",IF(J42<=INDEX(rng_umbrales,3,3),"Medio",IF(J42<=INDEX(rng_umbrales,3,4),"Alto","Muy alto")))) -> Muy alto | Q42: =IF(OR(NOT(ISNUMBER(G42)),NOT(ISNUMBER(I42))),"N/C",IF(G42<u_protMin,"N/C: no es fuente proteica",I42/G42)) -> 21.927711 | R42: =IF(NOT(ISNUMBER(Q42)),"N/C",IF(Q42<=u_ppDes,"Deseable",IF(Q42<=u_ppAcep,"Aceptable","Alta"))) -> Alta | S42: =IF(COUNT(F42:J42)=k_cobMin,"Utilizable","No utilizable") -> Utilizable | T42: =IF(S42<>"Utilizable","",C42&"|"&TEXT(IF(v_prioridad="Potasio",H42,IF(v_prioridad="Fósforo",I42,IF(v_prioridad="Sodio",J42,IF(ISNUMBER(Q42),Q42,99999)))),"000000.00")) -> Leche y derivados|00.000.121 | U42: =IF(OR($S42<>"Utilizable",$C42<>SUSTITUCION!$C$13),999999,IF(v_prioridad="Potasio",$H42,IF(v_prioridad="Fósforo",$I42,IF(v_prioridad="Sodio",$J42,IF(ISNUMBER($Q42),$Q42,999999))))) -> 999999
A43: INTA-0035 | B43: Queso gouda 2 | C43: Leche y derivados | D43: 2.1 | E43: declarado en la fuente | F43: 341 | G43: 24.8 | H43: s/i | I43: s/i | J43: 259 | K43: 341 | L43: 24.8 | M43: 850 | N43: =IF(NOT(ISNUMBER(H43)),"Sin dato",IF(H43<=INDEX(rng_umbrales,1,2),"Bajo",IF(H43<=INDEX(rng_umbrales,1,3),"Medio",IF(H43<=INDEX(rng_umbrales,1,4),"Alto","Muy alto")))) -> Sin dato | O43: =IF(NOT(ISNUMBER(I43)),"Sin dato",IF(I43<=INDEX(rng_umbrales,2,2),"Bajo",IF(I43<=INDEX(rng_umbrales,2,3),"Medio",IF(I43<=INDEX(rng_umbrales,2,4),"Alto","Muy alto")))) -> Sin dato | P43: =IF(NOT(ISNUMBER(J43)),"Sin dato",IF(J43<=INDEX(rng_umbrales,3,2),"Bajo",IF(J43<=INDEX(rng_umbrales,3,3),"Medio",IF(J43<=INDEX(rng_umbrales,3,4),"Alto","Muy alto")))) -> Alto | Q43: =IF(OR(NOT(ISNUMBER(G43)),NOT(ISNUMBER(I43))),"N/C",IF(G43<u_protMin,"N/C: no es fuente proteica",I43/G43)) -> N/C | R43: =IF(NOT(ISNUMBER(Q43)),"N/C",IF(Q43<=u_ppDes,"Deseable",IF(Q43<=u_ppAcep,"Aceptable","Alta"))) -> N/C | S43: =IF(COUNT(F43:J43)=k_cobMin,"Utilizable","No utilizable") -> No utilizable | T43: =IF(S43<>"Utilizable","",C43&"|"&TEXT(IF(v_prioridad="Potasio",H43,IF(v_prioridad="Fósforo",I43,IF(v_prioridad="Sodio",J43,IF(ISNUMBER(Q43),Q43,99999)))),"000000.00")) | U43: =IF(OR($S43<>"Utilizable",$C43<>SUSTITUCION!$C$13),999999,IF(v_prioridad="Potasio",$H43,IF(v_prioridad="Fósforo",$I43,IF(v_prioridad="Sodio",$J43,IF(ISNUMBER($Q43),$Q43,999999))))) -> 999999
A44: INTA-0036 | B44: Queso mantecoso | C44: Leche y derivados | D44: 2.1 | E44: declarado en la fuente | F44: 394 | G44: 24.7 | H44: s/i | I44: s/i | J44: 452 | K44: 394 | L44: 24.7 | M44: s/i | N44: =IF(NOT(ISNUMBER(H44)),"Sin dato",IF(H44<=INDEX(rng_umbrales,1,2),"Bajo",IF(H44<=INDEX(rng_umbrales,1,3),"Medio",IF(H44<=INDEX(rng_umbrales,1,4),"Alto","Muy alto")))) -> Sin dato | O44: =IF(NOT(ISNUMBER(I44)),"Sin dato",IF(I44<=INDEX(rng_umbrales,2,2),"Bajo",IF(I44<=INDEX(rng_umbrales,2,3),"Medio",IF(I44<=INDEX(rng_umbrales,2,4),"Alto","Muy alto")))) -> Sin dato | P44: =IF(NOT(ISNUMBER(J44)),"Sin dato",IF(J44<=INDEX(rng_umbrales,3,2),"Bajo",IF(J44<=INDEX(rng_umbrales,3,3),"Medio",IF(J44<=INDEX(rng_umbrales,3,4),"Alto","Muy alto")))) -> Muy alto | Q44: =IF(OR(NOT(ISNUMBER(G44)),NOT(ISNUMBER(I44))),"N/C",IF(G44<u_protMin,"N/C: no es fuente proteica",I44/G44)) -> N/C | R44: =IF(NOT(ISNUMBER(Q44)),"N/C",IF(Q44<=u_ppDes,"Deseable",IF(Q44<=u_ppAcep,"Aceptable","Alta"))) -> N/C | S44: =IF(COUNT(F44:J44)=k_cobMin,"Utilizable","No utilizable") -> No utilizable | T44: =IF(S44<>"Utilizable","",C44&"|"&TEXT(IF(v_prioridad="Potasio",H44,IF(v_prioridad="Fósforo",I44,IF(v_prioridad="Sodio",J44,IF(ISNUMBER(Q44),Q44,99999)))),"000000.00")) | U44: =IF(OR($S44<>"Utilizable",$C44<>SUSTITUCION!$C$13),999999,IF(v_prioridad="Potasio",$H44,IF(v_prioridad="Fósforo",$I44,IF(v_prioridad="Sodio",$J44,IF(ISNUMBER($Q44),$Q44,999999))))) -> 999999
A45: INTA-0037 | B45: Queso mozarella | C45: Leche y derivados | D45: 2.1 | E45: declarado en la fuente | F45: 199 | G45: 13.5 | H45: s/i | I45: s/i | J45: 507 | K45: 199 | L45: 13.5 | M45: s/i | N45: =IF(NOT(ISNUMBER(H45)),"Sin dato",IF(H45<=INDEX(rng_umbrales,1,2),"Bajo",IF(H45<=INDEX(rng_umbrales,1,3),"Medio",IF(H45<=INDEX(rng_umbrales,1,4),"Alto","Muy alto")))) -> Sin dato | O45: =IF(NOT(ISNUMBER(I45)),"Sin dato",IF(I45<=INDEX(rng_umbrales,2,2),"Bajo",IF(I45<=INDEX(rng_umbrales,2,3),"Medio",IF(I45<=INDEX(rng_umbrales,2,4),"Alto","Muy alto")))) -> Sin dato | P45: =IF(NOT(ISNUMBER(J45)),"Sin dato",IF(J45<=INDEX(rng_umbrales,3,2),"Bajo",IF(J45<=INDEX(rng_umbrales,3,3),"Medio",IF(J45<=INDEX(rng_umbrales,3,4),"Alto","Muy alto")))) -> Muy alto | Q45: =IF(OR(NOT(ISNUMBER(G45)),NOT(ISNUMBER(I45))),"N/C",IF(G45<u_protMin,"N/C: no es fuente proteica",I45/G45)) -> N/C | R45: =IF(NOT(ISNUMBER(Q45)),"N/C",IF(Q45<=u_ppDes,"Deseable",IF(Q45<=u_ppAcep,"Aceptable","Alta"))) -> N/C | S45: =IF(COUNT(F45:J45)=k_cobMin,"Utilizable","No utilizable") -> No utilizable | T45: =IF(S45<>"Utilizable","",C45&"|"&TEXT(IF(v_prioridad="Potasio",H45,IF(v_prioridad="Fósforo",I45,IF(v_prioridad="Sodio",J45,IF(ISNUMBER(Q45),Q45,99999)))),"000000.00")) | U45: =IF(OR($S45<>"Utilizable",$C45<>SUSTITUCION!$C$13),999999,IF(v_prioridad="Potasio",$H45,IF(v_prioridad="Fósforo",$I45,IF(v_prioridad="Sodio",$J45,IF(ISNUMBER($Q45),$Q45,999999))))) -> 999999
A46: INTA-0038 | B46: Queso parmesano | C46: Leche y derivados | D46: 2.1 | E46: declarado en la fuente | F46: 476 | G46: 47.1 | H46: s/i | I46: s/i | J46: 1176 | K46: 476 | L46: 47.1 | M46: 1653 | N46: =IF(NOT(ISNUMBER(H46)),"Sin dato",IF(H46<=INDEX(rng_umbrales,1,2),"Bajo",IF(H46<=INDEX(rng_umbrales,1,3),"Medio",IF(H46<=INDEX(rng_umbrales,1,4),"Alto","Muy alto")))) -> Sin dato | O46: =IF(NOT(ISNUMBER(I46)),"Sin dato",IF(I46<=INDEX(rng_umbrales,2,2),"Bajo",IF(I46<=INDEX(rng_umbrales,2,3),"Medio",IF(I46<=INDEX(rng_umbrales,2,4),"Alto","Muy alto")))) -> Sin dato | P46: =IF(NOT(ISNUMBER(J46)),"Sin dato",IF(J46<=INDEX(rng_umbrales,3,2),"Bajo",IF(J46<=INDEX(rng_umbrales,3,3),"Medio",IF(J46<=INDEX(rng_umbrales,3,4),"Alto","Muy alto")))) -> Muy alto | Q46: =IF(OR(NOT(ISNUMBER(G46)),NOT(ISNUMBER(I46))),"N/C",IF(G46<u_protMin,"N/C: no es fuente proteica",I46/G46)) -> N/C | R46: =IF(NOT(ISNUMBER(Q46)),"N/C",IF(Q46<=u_ppDes,"Deseable",IF(Q46<=u_ppAcep,"Aceptable","Alta"))) -> N/C | S46: =IF(COUNT(F46:J46)=k_cobMin,"Utilizable","No utilizable") -> No utilizable | T46: =IF(S46<>"Utilizable","",C46&"|"&TEXT(IF(v_prioridad="Potasio",H46,IF(v_prioridad="Fósforo",I46,IF(v_prioridad="Sodio",J46,IF(ISNUMBER(Q46),Q46,99999)))),"000000.00")) | U46: =IF(OR($S46<>"Utilizable",$C46<>SUSTITUCION!$C$13),999999,IF(v_prioridad="Potasio",$H46,IF(v_prioridad="Fósforo",$I46,IF(v_prioridad="Sodio",$J46,IF(ISNUMBER($Q46),$Q46,999999))))) -> 999999
A47: INTA-0039 | B47: Queso parmesano 2 | C47: Leche y derivados | D47: 2.1 | E47: declarado en la fuente | F47: 420 | G47: 28.4 | H47: 180 | I47: 627 | J47: 1804 | K47: 420 | L47: 28.4 | M47: 853 | N47: =IF(NOT(ISNUMBER(H47)),"Sin dato",IF(H47<=INDEX(rng_umbrales,1,2),"Bajo",IF(H47<=INDEX(rng_umbrales,1,3),"Medio",IF(H47<=INDEX(rng_umbrales,1,4),"Alto","Muy alto")))) -> Medio | O47: =IF(NOT(ISNUMBER(I47)),"Sin dato",IF(I47<=INDEX(rng_umbrales,2,2),"Bajo",IF(I47<=INDEX(rng_umbrales,2,3),"Medio",IF(I47<=INDEX(rng_umbrales,2,4),"Alto","Muy alto")))) -> Muy alto | P47: =IF(NOT(ISNUMBER(J47)),"Sin dato",IF(J47<=INDEX(rng_umbrales,3,2),"Bajo",IF(J47<=INDEX(rng_umbrales,3,3),"Medio",IF(J47<=INDEX(rng_umbrales,3,4),"Alto","Muy alto")))) -> Muy alto | Q47: =IF(OR(NOT(ISNUMBER(G47)),NOT(ISNUMBER(I47))),"N/C",IF(G47<u_protMin,"N/C: no es fuente proteica",I47/G47)) -> 22.077465 | R47: =IF(NOT(ISNUMBER(Q47)),"N/C",IF(Q47<=u_ppDes,"Deseable",IF(Q47<=u_ppAcep,"Aceptable","Alta"))) -> Alta | S47: =IF(COUNT(F47:J47)=k_cobMin,"Utilizable","No utilizable") -> Utilizable | T47: =IF(S47<>"Utilizable","",C47&"|"&TEXT(IF(v_prioridad="Potasio",H47,IF(v_prioridad="Fósforo",I47,IF(v_prioridad="Sodio",J47,IF(ISNUMBER(Q47),Q47,99999)))),"000000.00")) -> Leche y derivados|00.000.180 | U47: =IF(OR($S47<>"Utilizable",$C47<>SUSTITUCION!$C$13),999999,IF(v_prioridad="Potasio",$H47,IF(v_prioridad="Fósforo",$I47,IF(v_prioridad="Sodio",$J47,IF(ISNUMBER($Q47),$Q47,999999))))) -> 999999
A48: INTA-0040 | B48: Queso pategras | C48: Leche y derivados | D48: 2.1 | E48: declarado en la fuente | F48: 394 | G48: 25.7 | H48: 73 | I48: 578 | J48: 720 | K48: 394 | L48: 25.7 | M48: 474 | N48: =IF(NOT(ISNUMBER(H48)),"Sin dato",IF(H48<=INDEX(rng_umbrales,1,2),"Bajo",IF(H48<=INDEX(rng_umbrales,1,3),"Medio",IF(H48<=INDEX(rng_umbrales,1,4),"Alto","Muy alto")))) -> Bajo | O48: =IF(NOT(ISNUMBER(I48)),"Sin dato",IF(I48<=INDEX(rng_umbrales,2,2),"Bajo",IF(I48<=INDEX(rng_umbrales,2,3),"Medio",IF(I48<=INDEX(rng_umbrales,2,4),"Alto","Muy alto")))) -> Muy alto | P48: =IF(NOT(ISNUMBER(J48)),"Sin dato",IF(J48<=INDEX(rng_umbrales,3,2),"Bajo",IF(J48<=INDEX(rng_umbrales,3,3),"Medio",IF(J48<=INDEX(rng_umbrales,3,4),"Alto","Muy alto")))) -> Muy alto | Q48: =IF(OR(NOT(ISNUMBER(G48)),NOT(ISNUMBER(I48))),"N/C",IF(G48<u_protMin,"N/C: no es fuente proteica",I48/G48)) -> 22.490272 | R48: =IF(NOT(ISNUMBER(Q48)),"N/C",IF(Q48<=u_ppDes,"Deseable",IF(Q48<=u_ppAcep,"Aceptable","Alta"))) -> Alta | S48: =IF(COUNT(F48:J48)=k_cobMin,"Utilizable","No utilizable") -> Utilizable | T48: =IF(S48<>"Utilizable","",C48&"|"&TEXT(IF(v_prioridad="Potasio",H48,IF(v_prioridad="Fósforo",I48,IF(v_prioridad="Sodio",J48,IF(ISNUMBER(Q48),Q48,99999)))),"000000.00")) -> Leche y derivados|00.000.073 | U48: =IF(OR($S48<>"Utilizable",$C48<>SUSTITUCION!$C$13),999999,IF(v_prioridad="Potasio",$H48,IF(v_prioridad="Fósforo",$I48,IF(v_prioridad="Sodio",$J48,IF(ISNUMBER($Q48),$Q48,999999))))) -> 999999
A49: INTA-0041 | B49: Queso reggianito | C49: Leche y derivados | D49: 2.1 | E49: declarado en la fuente | F49: 339 | G49: 33.1 | H49: s/i | I49: s/i | J49: 742 | K49: 339 | L49: 33.1 | M49: 1199 | N49: =IF(NOT(ISNUMBER(H49)),"Sin dato",IF(H49<=INDEX(rng_umbrales,1,2),"Bajo",IF(H49<=INDEX(rng_umbrales,1,3),"Medio",IF(H49<=INDEX(rng_umbrales,1,4),"Alto","Muy alto")))) -> Sin dato | O49: =IF(NOT(ISNUMBER(I49)),"Sin dato",IF(I49<=INDEX(rng_umbrales,2,2),"Bajo",IF(I49<=INDEX(rng_umbrales,2,3),"Medio",IF(I49<=INDEX(rng_umbrales,2,4),"Alto","Muy alto")))) -> Sin dato | P49: =IF(NOT(ISNUMBER(J49)),"Sin dato",IF(J49<=INDEX(rng_umbrales,3,2),"Bajo",IF(J49<=INDEX(rng_umbrales,3,3),"Medio",IF(J49<=INDEX(rng_umbrales,3,4),"Alto","Muy alto")))) -> Muy alto | Q49: =IF(OR(NOT(ISNUMBER(G49)),NOT(ISNUMBER(I49))),"N/C",IF(G49<u_protMin,"N/C: no es fuente proteica",I49/G49)) -> N/C | R49: =IF(NOT(ISNUMBER(Q49)),"N/C",IF(Q49<=u_ppDes,"Deseable",IF(Q49<=u_ppAcep,"Aceptable","Alta"))) -> N/C | S49: =IF(COUNT(F49:J49)=k_cobMin,"Utilizable","No utilizable") -> No utilizable | T49: =IF(S49<>"Utilizable","",C49&"|"&TEXT(IF(v_prioridad="Potasio",H49,IF(v_prioridad="Fósforo",I49,IF(v_prioridad="Sodio",J49,IF(ISNUMBER(Q49),Q49,99999)))),"000000.00")) | U49: =IF(OR($S49<>"Utilizable",$C49<>SUSTITUCION!$C$13),999999,IF(v_prioridad="Potasio",$H49,IF(v_prioridad="Fósforo",$I49,IF(v_prioridad="Sodio",$J49,IF(ISNUMBER($Q49),$Q49,999999))))) -> 999999
A50: INTA-0042 | B50: Queso suizo | C50: Leche y derivados | D50: 2.1 | E50: declarado en la fuente | F50: 393 | G50: 27 | H50: 72 | I50: 574 | J50: 187 | K50: 393 | L50: 27 | M50: 890 | N50: =IF(NOT(ISNUMBER(H50)),"Sin dato",IF(H50<=INDEX(rng_umbrales,1,2),"Bajo",IF(H50<=INDEX(rng_umbrales,1,3),"Medio",IF(H50<=INDEX(rng_umbrales,1,4),"Alto","Muy alto")))) -> Bajo | O50: =IF(NOT(ISNUMBER(I50)),"Sin dato",IF(I50<=INDEX(rng_umbrales,2,2),"Bajo",IF(I50<=INDEX(rng_umbrales,2,3),"Medio",IF(I50<=INDEX(rng_umbrales,2,4),"Alto","Muy alto")))) -> Muy alto | P50: =IF(NOT(ISNUMBER(J50)),"Sin dato",IF(J50<=INDEX(rng_umbrales,3,2),"Bajo",IF(J50<=INDEX(rng_umbrales,3,3),"Medio",IF(J50<=INDEX(rng_umbrales,3,4),"Alto","Muy alto")))) -> Alto | Q50: =IF(OR(NOT(ISNUMBER(G50)),NOT(ISNUMBER(I50))),"N/C",IF(G50<u_protMin,"N/C: no es fuente proteica",I50/G50)) -> 21.259259 | R50: =IF(NOT(ISNUMBER(Q50)),"N/C",IF(Q50<=u_ppDes,"Deseable",IF(Q50<=u_ppAcep,"Aceptable","Alta"))) -> Alta | S50: =IF(COUNT(F50:J50)=k_cobMin,"Utilizable","No utilizable") -> Utilizable | T50: =IF(S50<>"Utilizable","",C50&"|"&TEXT(IF(v_prioridad="Potasio",H50,IF(v_prioridad="Fósforo",I50,IF(v_prioridad="Sodio",J50,IF(ISNUMBER(Q50),Q50,99999)))),"000000.00")) -> Leche y derivados|00.000.072 | U50: =IF(OR($S50<>"Utilizable",$C50<>SUSTITUCION!$C$13),999999,IF(v_prioridad="Potasio",$H50,IF(v_prioridad="Fósforo",$I50,IF(v_prioridad="Sodio",$J50,IF(ISNUMBER($Q50),$Q50,999999))))) -> 999999
A51: INTA-0043 | B51: Queso untable | C51: Leche y derivados | D51: 2.1 | E51: declarado en la fuente | F51: 303 | G51: 20 | H51: s/i | I51: s/i | J51: s/i | K51: 303 | L51: 20 | M51: s/i | N51: =IF(NOT(ISNUMBER(H51)),"Sin dato",IF(H51<=INDEX(rng_umbrales,1,2),"Bajo",IF(H51<=INDEX(rng_umbrales,1,3),"Medio",IF(H51<=INDEX(rng_umbrales,1,4),"Alto","Muy alto")))) -> Sin dato | O51: =IF(NOT(ISNUMBER(I51)),"Sin dato",IF(I51<=INDEX(rng_umbrales,2,2),"Bajo",IF(I51<=INDEX(rng_umbrales,2,3),"Medio",IF(I51<=INDEX(rng_umbrales,2,4),"Alto","Muy alto")))) -> Sin dato | P51: =IF(NOT(ISNUMBER(J51)),"Sin dato",IF(J51<=INDEX(rng_umbrales,3,2),"Bajo",IF(J51<=INDEX(rng_umbrales,3,3),"Medio",IF(J51<=INDEX(rng_umbrales,3,4),"Alto","Muy alto")))) -> Sin dato | Q51: =IF(OR(NOT(ISNUMBER(G51)),NOT(ISNUMBER(I51))),"N/C",IF(G51<u_protMin,"N/C: no es fuente proteica",I51/G51)) -> N/C | R51: =IF(NOT(ISNUMBER(Q51)),"N/C",IF(Q51<=u_ppDes,"Deseable",IF(Q51<=u_ppAcep,"Aceptable","Alta"))) -> N/C | S51: =IF(COUNT(F51:J51)=k_cobMin,"Utilizable","No utilizable") -> No utilizable | T51: =IF(S51<>"Utilizable","",C51&"|"&TEXT(IF(v_prioridad="Potasio",H51,IF(v_prioridad="Fósforo",I51,IF(v_prioridad="Sodio",J51,IF(ISNUMBER(Q51),Q51,99999)))),"000000.00")) | U51: =IF(OR($S51<>"Utilizable",$C51<>SUSTITUCION!$C$13),999999,IF(v_prioridad="Potasio",$H51,IF(v_prioridad="Fósforo",$I51,IF(v_prioridad="Sodio",$J51,IF(ISNUMBER($Q51),$Q51,999999))))) -> 999999
A52: INTA-0044 | B52: Ricota | C52: Leche y derivados | D52: 2.1 | E52: declarado en la fuente | F52: 174 | G52: 11.3 | H52: 105 | I52: 158 | J52: 84 | K52: 174 | L52: 11.3 | M52: 207 | N52: =IF(NOT(ISNUMBER(H52)),"Sin dato",IF(H52<=INDEX(rng_umbrales,1,2),"Bajo",IF(H52<=INDEX(rng_umbrales,1,3),"Medio",IF(H52<=INDEX(rng_umbrales,1,4),"Alto","Muy alto")))) -> Medio | O52: =IF(NOT(ISNUMBER(I52)),"Sin dato",IF(I52<=INDEX(rng_umbrales,2,2),"Bajo",IF(I52<=INDEX(rng_umbrales,2,3),"Medio",IF(I52<=INDEX(rng_umbrales,2,4),"Alto","Muy alto")))) -> Alto | P52: =IF(NOT(ISNUMBER(J52)),"Sin dato",IF(J52<=INDEX(rng_umbrales,3,2),"Bajo",IF(J52<=INDEX(rng_umbrales,3,3),"Medio",IF(J52<=INDEX(rng_umbrales,3,4),"Alto","Muy alto")))) -> Medio | Q52: =IF(OR(NOT(ISNUMBER(G52)),NOT(ISNUMBER(I52))),"N/C",IF(G52<u_protMin,"N/C: no es fuente proteica",I52/G52)) -> 13.982301 | R52: =IF(NOT(ISNUMBER(Q52)),"N/C",IF(Q52<=u_ppDes,"Deseable",IF(Q52<=u_ppAcep,"Aceptable","Alta"))) -> Aceptable | S52: =IF(COUNT(F52:J52)=k_cobMin,"Utilizable","No utilizable") -> Utilizable | T52: =IF(S52<>"Utilizable","",C52&"|"&TEXT(IF(v_prioridad="Potasio",H52,IF(v_prioridad="Fósforo",I52,IF(v_prioridad="Sodio",J52,IF(ISNUMBER(Q52),Q52,99999)))),"000000.00")) -> Leche y derivados|00.000.105 | U52: =IF(OR($S52<>"Utilizable",$C52<>SUSTITUCION!$C$13),999999,IF(v_prioridad="Potasio",$H52,IF(v_prioridad="Fósforo",$I52,IF(v_prioridad="Sodio",$J52,IF(ISNUMBER($Q52),$Q52,999999))))) -> 999999
A53: INTA-0045 | B53: Yogurt natural | C53: Leche y derivados | D53: 2.1 | E53: declarado en la fuente | F53: 61 | G53: 3.5 | H53: 155 | I53: 95 | J53: 46 | K53: 61 | L53: 3.5 | M53: 121 | N53: =IF(NOT(ISNUMBER(H53)),"Sin dato",IF(H53<=INDEX(rng_umbrales,1,2),"Bajo",IF(H53<=INDEX(rng_umbrales,1,3),"Medio",IF(H53<=INDEX(rng_umbrales,1,4),"Alto","Muy alto")))) -> Medio | O53: =IF(NOT(ISNUMBER(I53)),"Sin dato",IF(I53<=INDEX(rng_umbrales,2,2),"Bajo",IF(I53<=INDEX(rng_umbrales,2,3),"Medio",IF(I53<=INDEX(rng_umbrales,2,4),"Alto","Muy alto")))) -> Medio | P53: =IF(NOT(ISNUMBER(J53)),"Sin dato",IF(J53<=INDEX(rng_umbrales,3,2),"Bajo",IF(J53<=INDEX(rng_umbrales,3,3),"Medio",IF(J53<=INDEX(rng_umbrales,3,4),"Alto","Muy alto")))) -> Medio | Q53: =IF(OR(NOT(ISNUMBER(G53)),NOT(ISNUMBER(I53))),"N/C",IF(G53<u_protMin,"N/C: no es fuente proteica",I53/G53)) -> N/C: no es fuente proteica | R53: =IF(NOT(ISNUMBER(Q53)),"N/C",IF(Q53<=u_ppDes,"Deseable",IF(Q53<=u_ppAcep,"Aceptable","Alta"))) -> N/C | S53: =IF(COUNT(F53:J53)=k_cobMin,"Utilizable","No utilizable") -> Utilizable | T53: =IF(S53<>"Utilizable","",C53&"|"&TEXT(IF(v_prioridad="Potasio",H53,IF(v_prioridad="Fósforo",I53,IF(v_prioridad="Sodio",J53,IF(ISNUMBER(Q53),Q53,99999)))),"000000.00")) -> Leche y derivados|00.000.155 | U53: =IF(OR($S53<>"Utilizable",$C53<>SUSTITUCION!$C$13),999999,IF(v_prioridad="Potasio",$H53,IF(v_prioridad="Fósforo",$I53,IF(v_prioridad="Sodio",$J53,IF(ISNUMBER($Q53),$Q53,999999))))) -> 999999
A54: INTA-0046 | B54: Yogurt light | C54: Leche y derivados | D54: 2.1 | E54: declarado en la fuente | F54: 56 | G54: 4.4 | H54: 154.6 | I54: 113 | J54: 77 | K54: 56 | L54: 4.4 | M54: 199 | N54: =IF(NOT(ISNUMBER(H54)),"Sin dato",IF(H54<=INDEX(rng_umbrales,1,2),"Bajo",IF(H54<=INDEX(rng_umbrales,1,3),"Medio",IF(H54<=INDEX(rng_umbrales,1,4),"Alto","Muy alto")))) -> Medio | O54: =IF(NOT(ISNUMBER(I54)),"Sin dato",IF(I54<=INDEX(rng_umbrales,2,2),"Bajo",IF(I54<=INDEX(rng_umbrales,2,3),"Medio",IF(I54<=INDEX(rng_umbrales,2,4),"Alto","Muy alto")))) -> Alto | P54: =IF(NOT(ISNUMBER(J54)),"Sin dato",IF(J54<=INDEX(rng_umbrales,3,2),"Bajo",IF(J54<=INDEX(rng_umbrales,3,3),"Medio",IF(J54<=INDEX(rng_umbrales,3,4),"Alto","Muy alto")))) -> Medio | Q54: =IF(OR(NOT(ISNUMBER(G54)),NOT(ISNUMBER(I54))),"N/C",IF(G54<u_protMin,"N/C: no es fuente proteica",I54/G54)) -> N/C: no es fuente proteica | R54: =IF(NOT(ISNUMBER(Q54)),"N/C",IF(Q54<=u_ppDes,"Deseable",IF(Q54<=u_ppAcep,"Aceptable","Alta"))) -> N/C | S54: =IF(COUNT(F54:J54)=k_cobMin,"Utilizable","No utilizable") -> Utilizable | T54: =IF(S54<>"Utilizable","",C54&"|"&TEXT(IF(v_prioridad="Potasio",H54,IF(v_prioridad="Fósforo",I54,IF(v_prioridad="Sodio",J54,IF(ISNUMBER(Q54),Q54,99999)))),"000000.00")) -> Leche y derivados|00.000.155 | U54: =IF(OR($S54<>"Utilizable",$C54<>SUSTITUCION!$C$13),999999,IF(v_prioridad="Potasio",$H54,IF(v_prioridad="Fósforo",$I54,IF(v_prioridad="Sodio",$J54,IF(ISNUMBER($Q54),$Q54,999999))))) -> 999999
A55: INTA-0047 | B55: Yogurt con sabor | C55: Leche y derivados | D55: 2.1 | E55: declarado en la fuente | F55: 101 | G55: 5.7 | H55: 255 | I55: 157 | J55: 46.3 | K55: 101 | L55: 5.7 | M55: 127 | N55: =IF(NOT(ISNUMBER(H55)),"Sin dato",IF(H55<=INDEX(rng_umbrales,1,2),"Bajo",IF(H55<=INDEX(rng_umbrales,1,3),"Medio",IF(H55<=INDEX(rng_umbrales,1,4),"Alto","Muy alto")))) -> Alto | O55: =IF(NOT(ISNUMBER(I55)),"Sin dato",IF(I55<=INDEX(rng_umbrales,2,2),"Bajo",IF(I55<=INDEX(rng_umbrales,2,3),"Medio",IF(I55<=INDEX(rng_umbrales,2,4),"Alto","Muy alto")))) -> Alto | P55: =IF(NOT(ISNUMBER(J55)),"Sin dato",IF(J55<=INDEX(rng_umbrales,3,2),"Bajo",IF(J55<=INDEX(rng_umbrales,3,3),"Medio",IF(J55<=INDEX(rng_umbrales,3,4),"Alto","Muy alto")))) -> Medio | Q55: =IF(OR(NOT(ISNUMBER(G55)),NOT(ISNUMBER(I55))),"N/C",IF(G55<u_protMin,"N/C: no es fuente proteica",I55/G55)) -> N/C: no es fuente proteica | R55: =IF(NOT(ISNUMBER(Q55)),"N/C",IF(Q55<=u_ppDes,"Deseable",IF(Q55<=u_ppAcep,"Aceptable","Alta"))) -> N/C | S55: =IF(COUNT(F55:J55)=k_cobMin,"Utilizable","No utilizable") -> Utilizable | T55: =IF(S55<>"Utilizable","",C55&"|"&TEXT(IF(v_prioridad="Potasio",H55,IF(v_prioridad="Fósforo",I55,IF(v_prioridad="Sodio",J55,IF(ISNUMBER(Q55),Q55,99999)))),"000000.00")) -> Leche y derivados|00.000.255 | U55: =IF(OR($S55<>"Utilizable",$C55<>SUSTITUCION!$C$13),999999,IF(v_prioridad="Potasio",$H55,IF(v_prioridad="Fósforo",$I55,IF(v_prioridad="Sodio",$J55,IF(ISNUMBER($Q55),$Q55,999999))))) -> 999999
A56: INTA-0048 | B56: Yogurt sin lactosa | C56: Leche y derivados | D56: 2.1 | E56: declarado en la fuente | F56: 53 | G56: 3 | H56: s/i | I56: s/i | J56: 55 | K56: 53 | L56: 3 | M56: s/i | N56: =IF(NOT(ISNUMBER(H56)),"Sin dato",IF(H56<=INDEX(rng_umbrales,1,2),"Bajo",IF(H56<=INDEX(rng_umbrales,1,3),"Medio",IF(H56<=INDEX(rng_umbrales,1,4),"Alto","Muy alto")))) -> Sin dato | O56: =IF(NOT(ISNUMBER(I56)),"Sin dato",IF(I56<=INDEX(rng_umbrales,2,2),"Bajo",IF(I56<=INDEX(rng_umbrales,2,3),"Medio",IF(I56<=INDEX(rng_umbrales,2,4),"Alto","Muy alto")))) -> Sin dato | P56: =IF(NOT(ISNUMBER(J56)),"Sin dato",IF(J56<=INDEX(rng_umbrales,3,2),"Bajo",IF(J56<=INDEX(rng_umbrales,3,3),"Medio",IF(J56<=INDEX(rng_umbrales,3,4),"Alto","Muy alto")))) -> Medio | Q56: =IF(OR(NOT(ISNUMBER(G56)),NOT(ISNUMBER(I56))),"N/C",IF(G56<u_protMin,"N/C: no es fuente proteica",I56/G56)) -> N/C | R56: =IF(NOT(ISNUMBER(Q56)),"N/C",IF(Q56<=u_ppDes,"Deseable",IF(Q56<=u_ppAcep,"Aceptable","Alta"))) -> N/C | S56: =IF(COUNT(F56:J56)=k_cobMin,"Utilizable","No utilizable") -> No utilizable | T56: =IF(S56<>"Utilizable","",C56&"|"&TEXT(IF(v_prioridad="Potasio",H56,IF(v_prioridad="Fósforo",I56,IF(v_prioridad="Sodio",J56,IF(ISNUMBER(Q56),Q56,99999)))),"000000.00")) | U56: =IF(OR($S56<>"Utilizable",$C56<>SUSTITUCION!$C$13),999999,IF(v_prioridad="Potasio",$H56,IF(v_prioridad="Fósforo",$I56,IF(v_prioridad="Sodio",$J56,IF(ISNUMBER($Q56),$Q56,999999))))) -> 999999
A57: INTA-0049 | B57: Yogurt con frutas | C57: Leche y derivados | D57: 2.1 | E57: declarado en la fuente | F57: 114 | G57: 4.1 | H57: 154.6 | I57: 105 | J57: 46.3 | K57: 114 | L57: 4.1 | M57: 105 | N57: =IF(NOT(ISNUMBER(H57)),"Sin dato",IF(H57<=INDEX(rng_umbrales,1,2),"Bajo",IF(H57<=INDEX(rng_umbrales,1,3),"Medio",IF(H57<=INDEX(rng_umbrales,1,4),"Alto","Muy alto")))) -> Medio | O57: =IF(NOT(ISNUMBER(I57)),"Sin dato",IF(I57<=INDEX(rng_umbrales,2,2),"Bajo",IF(I57<=INDEX(rng_umbrales,2,3),"Medio",IF(I57<=INDEX(rng_umbrales,2,4),"Alto","Muy alto")))) -> Alto | P57: =IF(NOT(ISNUMBER(J57)),"Sin dato",IF(J57<=INDEX(rng_umbrales,3,2),"Bajo",IF(J57<=INDEX(rng_umbrales,3,3),"Medio",IF(J57<=INDEX(rng_umbrales,3,4),"Alto","Muy alto")))) -> Medio | Q57: =IF(OR(NOT(ISNUMBER(G57)),NOT(ISNUMBER(I57))),"N/C",IF(G57<u_protMin,"N/C: no es fuente proteica",I57/G57)) -> N/C: no es fuente proteica | R57: =IF(NOT(ISNUMBER(Q57)),"N/C",IF(Q57<=u_ppDes,"Deseable",IF(Q57<=u_ppAcep,"Aceptable","Alta"))) -> N/C | S57: =IF(COUNT(F57:J57)=k_cobMin,"Utilizable","No utilizable") -> Utilizable | T57: =IF(S57<>"Utilizable","",C57&"|"&TEXT(IF(v_prioridad="Potasio",H57,IF(v_prioridad="Fósforo",I57,IF(v_prioridad="Sodio",J57,IF(ISNUMBER(Q57),Q57,99999)))),"000000.00")) -> Leche y derivados|00.000.155 | U57: =IF(OR($S57<>"Utilizable",$C57<>SUSTITUCION!$C$13),999999,IF(v_prioridad="Potasio",$H57,IF(v_prioridad="Fósforo",$I57,IF(v_prioridad="Sodio",$J57,IF(ISNUMBER($Q57),$Q57,999999))))) -> 999999
A58: INTA-0050 | B58: Yogurt con frutas bajo en grasa | C58: Leche y derivados | D58: 2.1 | E58: declarado en la fuente | F58: 105 | G58: 4.9 | H58: 216 | I58: 133 | J58: 65 | K58: 105 | L58: 4.9 | M58: 169 | N58: =IF(NOT(ISNUMBER(H58)),"Sin dato",IF(H58<=INDEX(rng_umbrales,1,2),"Bajo",IF(H58<=INDEX(rng_umbrales,1,3),"Medio",IF(H58<=INDEX(rng_umbrales,1,4),"Alto","Muy alto")))) -> Alto | O58: =IF(NOT(ISNUMBER(I58)),"Sin dato",IF(I58<=INDEX(rng_umbrales,2,2),"Bajo",IF(I58<=INDEX(rng_umbrales,2,3),"Medio",IF(I58<=INDEX(rng_umbrales,2,4),"Alto","Muy alto")))) -> Alto | P58: =IF(NOT(ISNUMBER(J58)),"Sin dato",IF(J58<=INDEX(rng_umbrales,3,2),"Bajo",IF(J58<=INDEX(rng_umbrales,3,3),"Medio",IF(J58<=INDEX(rng_umbrales,3,4),"Alto","Muy alto")))) -> Medio | Q58: =IF(OR(NOT(ISNUMBER(G58)),NOT(ISNUMBER(I58))),"N/C",IF(G58<u_protMin,"N/C: no es fuente proteica",I58/G58)) -> N/C: no es fuente proteica | R58: =IF(NOT(ISNUMBER(Q58)),"N/C",IF(Q58<=u_ppDes,"Deseable",IF(Q58<=u_ppAcep,"Aceptable","Alta"))) -> N/C | S58: =IF(COUNT(F58:J58)=k_cobMin,"Utilizable","No utilizable") -> Utilizable | T58: =IF(S58<>"Utilizable","",C58&"|"&TEXT(IF(v_prioridad="Potasio",H58,IF(v_prioridad="Fósforo",I58,IF(v_prioridad="Sodio",J58,IF(ISNUMBER(Q58),Q58,99999)))),"000000.00")) -> Leche y derivados|00.000.216 | U58: =IF(OR($S58<>"Utilizable",$C58<>SUSTITUCION!$C$13),999999,IF(v_prioridad="Potasio",$H58,IF(v_prioridad="Fósforo",$I58,IF(v_prioridad="Sodio",$J58,IF(ISNUMBER($Q58),$Q58,999999))))) -> 999999
A59: INTA-0051 | B59: Yogurt con fruta sin lactosa | C59: Leche y derivados | D59: 2.1 | E59: declarado en la fuente | F59: 56 | G59: 3 | H59: s/i | I59: s/i | J59: 55 | K59: 56 | L59: 3 | M59: s/i | N59: =IF(NOT(ISNUMBER(H59)),"Sin dato",IF(H59<=INDEX(rng_umbrales,1,2),"Bajo",IF(H59<=INDEX(rng_umbrales,1,3),"Medio",IF(H59<=INDEX(rng_umbrales,1,4),"Alto","Muy alto")))) -> Sin dato | O59: =IF(NOT(ISNUMBER(I59)),"Sin dato",IF(I59<=INDEX(rng_umbrales,2,2),"Bajo",IF(I59<=INDEX(rng_umbrales,2,3),"Medio",IF(I59<=INDEX(rng_umbrales,2,4),"Alto","Muy alto")))) -> Sin dato | P59: =IF(NOT(ISNUMBER(J59)),"Sin dato",IF(J59<=INDEX(rng_umbrales,3,2),"Bajo",IF(J59<=INDEX(rng_umbrales,3,3),"Medio",IF(J59<=INDEX(rng_umbrales,3,4),"Alto","Muy alto")))) -> Medio | Q59: =IF(OR(NOT(ISNUMBER(G59)),NOT(ISNUMBER(I59))),"N/C",IF(G59<u_protMin,"N/C: no es fuente proteica",I59/G59)) -> N/C | R59: =IF(NOT(ISNUMBER(Q59)),"N/C",IF(Q59<=u_ppDes,"Deseable",IF(Q59<=u_ppAcep,"Aceptable","Alta"))) -> N/C | S59: =IF(COUNT(F59:J59)=k_cobMin,"Utilizable","No utilizable") -> No utilizable | T59: =IF(S59<>"Utilizable","",C59&"|"&TEXT(IF(v_prioridad="Potasio",H59,IF(v_prioridad="Fósforo",I59,IF(v_prioridad="Sodio",J59,IF(ISNUMBER(Q59),Q59,99999)))),"000000.00")) | U59: =IF(OR($S59<>"Utilizable",$C59<>SUSTITUCION!$C$13),999999,IF(v_prioridad="Potasio",$H59,IF(v_prioridad="Fósforo",$I59,IF(v_prioridad="Sodio",$J59,IF(ISNUMBER($Q59),$Q59,999999))))) -> 999999
A60: INTA-0052 | B60: Tofu | C60: Leche y derivados | D60: 2.1 | E60: declarado en la fuente | F60: 78 | G60: 9 | H60: 148 | I60: 121 | J60: 12 | K60: 78 | L60: 9 | M60: 201 | N60: =IF(NOT(ISNUMBER(H60)),"Sin dato",IF(H60<=INDEX(rng_umbrales,1,2),"Bajo",IF(H60<=INDEX(rng_umbrales,1,3),"Medio",IF(H60<=INDEX(rng_umbrales,1,4),"Alto","Muy alto")))) -> Medio | O60: =IF(NOT(ISNUMBER(I60)),"Sin dato",IF(I60<=INDEX(rng_umbrales,2,2),"Bajo",IF(I60<=INDEX(rng_umbrales,2,3),"Medio",IF(I60<=INDEX(rng_umbrales,2,4),"Alto","Muy alto")))) -> Alto | P60: =IF(NOT(ISNUMBER(J60)),"Sin dato",IF(J60<=INDEX(rng_umbrales,3,2),"Bajo",IF(J60<=INDEX(rng_umbrales,3,3),"Medio",IF(J60<=INDEX(rng_umbrales,3,4),"Alto","Muy alto")))) -> Bajo | Q60: =IF(OR(NOT(ISNUMBER(G60)),NOT(ISNUMBER(I60))),"N/C",IF(G60<u_protMin,"N/C: no es fuente proteica",I60/G60)) -> N/C: no es fuente proteica | R60: =IF(NOT(ISNUMBER(Q60)),"N/C",IF(Q60<=u_ppDes,"Deseable",IF(Q60<=u_ppAcep,"Aceptable","Alta"))) -> N/C | S60: =IF(COUNT(F60:J60)=k_cobMin,"Utilizable","No utilizable") -> Utilizable | T60: =IF(S60<>"Utilizable","",C60&"|"&TEXT(IF(v_prioridad="Potasio",H60,IF(v_prioridad="Fósforo",I60,IF(v_prioridad="Sodio",J60,IF(ISNUMBER(Q60),Q60,99999)))),"000000.00")) -> Leche y derivados|00.000.148 | U60: =IF(OR($S60<>"Utilizable",$C60<>SUSTITUCION!$C$13),999999,IF(v_prioridad="Potasio",$H60,IF(v_prioridad="Fósforo",$I60,IF(v_prioridad="Sodio",$J60,IF(ISNUMBER($Q60),$Q60,999999))))) -> 999999
A61: INTA-0053 | B61: Tofu 2 | C61: Leche y derivados | D61: 2.1 | E61: declarado en la fuente | F61: 95 | G61: 10.4 | H61: s/i | I61: s/i | J61: 73 | K61: 95 | L61: 10.4 | M61: s/i | N61: =IF(NOT(ISNUMBER(H61)),"Sin dato",IF(H61<=INDEX(rng_umbrales,1,2),"Bajo",IF(H61<=INDEX(rng_umbrales,1,3),"Medio",IF(H61<=INDEX(rng_umbrales,1,4),"Alto","Muy alto")))) -> Sin dato | O61: =IF(NOT(ISNUMBER(I61)),"Sin dato",IF(I61<=INDEX(rng_umbrales,2,2),"Bajo",IF(I61<=INDEX(rng_umbrales,2,3),"Medio",IF(I61<=INDEX(rng_umbrales,2,4),"Alto","Muy alto")))) -> Sin dato | P61: =IF(NOT(ISNUMBER(J61)),"Sin dato",IF(J61<=INDEX(rng_umbrales,3,2),"Bajo",IF(J61<=INDEX(rng_umbrales,3,3),"Medio",IF(J61<=INDEX(rng_umbrales,3,4),"Alto","Muy alto")))) -> Medio | Q61: =IF(OR(NOT(ISNUMBER(G61)),NOT(ISNUMBER(I61))),"N/C",IF(G61<u_protMin,"N/C: no es fuente proteica",I61/G61)) -> N/C | R61: =IF(NOT(ISNUMBER(Q61)),"N/C",IF(Q61<=u_ppDes,"Deseable",IF(Q61<=u_ppAcep,"Aceptable","Alta"))) -> N/C | S61: =IF(COUNT(F61:J61)=k_cobMin,"Utilizable","No utilizable") -> No utilizable | T61: =IF(S61<>"Utilizable","",C61&"|"&TEXT(IF(v_prioridad="Potasio",H61,IF(v_prioridad="Fósforo",I61,IF(v_prioridad="Sodio",J61,IF(ISNUMBER(Q61),Q61,99999)))),"000000.00")) | U61: =IF(OR($S61<>"Utilizable",$C61<>SUSTITUCION!$C$13),999999,IF(v_prioridad="Potasio",$H61,IF(v_prioridad="Fósforo",$I61,IF(v_prioridad="Sodio",$J61,IF(ISNUMBER($Q61),$Q61,999999))))) -> 999999
A62: INTA-0054 | B62: Huevo entero | C62: HUEVOS | D62: 2.2 | E62: declarado en la fuente | F62: 143 | G62: 12.6 | H62: 138 | I62: 198 | J62: 142 | K62: 143 | L62: 12.6 | M62: 56 | N62: =IF(NOT(ISNUMBER(H62)),"Sin dato",IF(H62<=INDEX(rng_umbrales,1,2),"Bajo",IF(H62<=INDEX(rng_umbrales,1,3),"Medio",IF(H62<=INDEX(rng_umbrales,1,4),"Alto","Muy alto")))) -> Medio | O62: =IF(NOT(ISNUMBER(I62)),"Sin dato",IF(I62<=INDEX(rng_umbrales,2,2),"Bajo",IF(I62<=INDEX(rng_umbrales,2,3),"Medio",IF(I62<=INDEX(rng_umbrales,2,4),"Alto","Muy alto")))) -> Muy alto | P62: =IF(NOT(ISNUMBER(J62)),"Sin dato",IF(J62<=INDEX(rng_umbrales,3,2),"Bajo",IF(J62<=INDEX(rng_umbrales,3,3),"Medio",IF(J62<=INDEX(rng_umbrales,3,4),"Alto","Muy alto")))) -> Alto | Q62: =IF(OR(NOT(ISNUMBER(G62)),NOT(ISNUMBER(I62))),"N/C",IF(G62<u_protMin,"N/C: no es fuente proteica",I62/G62)) -> 15.714286 | R62: =IF(NOT(ISNUMBER(Q62)),"N/C",IF(Q62<=u_ppDes,"Deseable",IF(Q62<=u_ppAcep,"Aceptable","Alta"))) -> Aceptable | S62: =IF(COUNT(F62:J62)=k_cobMin,"Utilizable","No utilizable") -> Utilizable | T62: =IF(S62<>"Utilizable","",C62&"|"&TEXT(IF(v_prioridad="Potasio",H62,IF(v_prioridad="Fósforo",I62,IF(v_prioridad="Sodio",J62,IF(ISNUMBER(Q62),Q62,99999)))),"000000.00")) -> HUEVOS|00.000.138 | U62: =IF(OR($S62<>"Utilizable",$C62<>SUSTITUCION!$C$13),999999,IF(v_prioridad="Potasio",$H62,IF(v_prioridad="Fósforo",$I62,IF(v_prioridad="Sodio",$J62,IF(ISNUMBER($Q62),$Q62,999999))))) -> 999999
A63: INTA-0055 | B63: Huevo entero cocido | C63: HUEVOS | D63: 2.2 | E63: declarado en la fuente | F63: 149 | G63: 12.4 | H63: s/i | I63: s/i | J63: 153 | K63: 149 | L63: 12.4 | M63: s/i | N63: =IF(NOT(ISNUMBER(H63)),"Sin dato",IF(H63<=INDEX(rng_umbrales,1,2),"Bajo",IF(H63<=INDEX(rng_umbrales,1,3),"Medio",IF(H63<=INDEX(rng_umbrales,1,4),"Alto","Muy alto")))) -> Sin dato | O63: =IF(NOT(ISNUMBER(I63)),"Sin dato",IF(I63<=INDEX(rng_umbrales,2,2),"Bajo",IF(I63<=INDEX(rng_umbrales,2,3),"Medio",IF(I63<=INDEX(rng_umbrales,2,4),"Alto","Muy alto")))) -> Sin dato | P63: =IF(NOT(ISNUMBER(J63)),"Sin dato",IF(J63<=INDEX(rng_umbrales,3,2),"Bajo",IF(J63<=INDEX(rng_umbrales,3,3),"Medio",IF(J63<=INDEX(rng_umbrales,3,4),"Alto","Muy alto")))) -> Alto | Q63: =IF(OR(NOT(ISNUMBER(G63)),NOT(ISNUMBER(I63))),"N/C",IF(G63<u_protMin,"N/C: no es fuente proteica",I63/G63)) -> N/C | R63: =IF(NOT(ISNUMBER(Q63)),"N/C",IF(Q63<=u_ppDes,"Deseable",IF(Q63<=u_ppAcep,"Aceptable","Alta"))) -> N/C | S63: =IF(COUNT(F63:J63)=k_cobMin,"Utilizable","No utilizable") -> No utilizable | T63: =IF(S63<>"Utilizable","",C63&"|"&TEXT(IF(v_prioridad="Potasio",H63,IF(v_prioridad="Fósforo",I63,IF(v_prioridad="Sodio",J63,IF(ISNUMBER(Q63),Q63,99999)))),"000000.00")) | U63: =IF(OR($S63<>"Utilizable",$C63<>SUSTITUCION!$C$13),999999,IF(v_prioridad="Potasio",$H63,IF(v_prioridad="Fósforo",$I63,IF(v_prioridad="Sodio",$J63,IF(ISNUMBER($Q63),$Q63,999999))))) -> 999999
A64: INTA-0056 | B64: Clara de huevo | C64: HUEVOS | D64: 2.2 | E64: declarado en la fuente | F64: 52 | G64: 10.9 | H64: 163 | I64: 15 | J64: 166 | K64: 52 | L64: 10.9 | M64: 7 | N64: =IF(NOT(ISNUMBER(H64)),"Sin dato",IF(H64<=INDEX(rng_umbrales,1,2),"Bajo",IF(H64<=INDEX(rng_umbrales,1,3),"Medio",IF(H64<=INDEX(rng_umbrales,1,4),"Alto","Muy alto")))) -> Medio | O64: =IF(NOT(ISNUMBER(I64)),"Sin dato",IF(I64<=INDEX(rng_umbrales,2,2),"Bajo",IF(I64<=INDEX(rng_umbrales,2,3),"Medio",IF(I64<=INDEX(rng_umbrales,2,4),"Alto","Muy alto")))) -> Bajo | P64: =IF(NOT(ISNUMBER(J64)),"Sin dato",IF(J64<=INDEX(rng_umbrales,3,2),"Bajo",IF(J64<=INDEX(rng_umbrales,3,3),"Medio",IF(J64<=INDEX(rng_umbrales,3,4),"Alto","Muy alto")))) -> Alto | Q64: =IF(OR(NOT(ISNUMBER(G64)),NOT(ISNUMBER(I64))),"N/C",IF(G64<u_protMin,"N/C: no es fuente proteica",I64/G64)) -> 1.3761468 | R64: =IF(NOT(ISNUMBER(Q64)),"N/C",IF(Q64<=u_ppDes,"Deseable",IF(Q64<=u_ppAcep,"Aceptable","Alta"))) -> Deseable | S64: =IF(COUNT(F64:J64)=k_cobMin,"Utilizable","No utilizable") -> Utilizable | T64: =IF(S64<>"Utilizable","",C64&"|"&TEXT(IF(v_prioridad="Potasio",H64,IF(v_prioridad="Fósforo",I64,IF(v_prioridad="Sodio",J64,IF(ISNUMBER(Q64),Q64,99999)))),"000000.00")) -> HUEVOS|00.000.163 | U64: =IF(OR($S64<>"Utilizable",$C64<>SUSTITUCION!$C$13),999999,IF(v_prioridad="Potasio",$H64,IF(v_prioridad="Fósforo",$I64,IF(v_prioridad="Sodio",$J64,IF(ISNUMBER($Q64),$Q64,999999))))) -> 999999
A65: INTA-0057 | B65: Yema de huevo | C65: HUEVOS | D65: 2.2 | E65: declarado en la fuente | F65: 322 | G65: 15.9 | H65: 109 | I65: 390 | J65: 48 | K65: 322 | L65: 15.9 | M65: 129 | N65: =IF(NOT(ISNUMBER(H65)),"Sin dato",IF(H65<=INDEX(rng_umbrales,1,2),"Bajo",IF(H65<=INDEX(rng_umbrales,1,3),"Medio",IF(H65<=INDEX(rng_umbrales,1,4),"Alto","Muy alto")))) -> Medio | O65: =IF(NOT(ISNUMBER(I65)),"Sin dato",IF(I65<=INDEX(rng_umbrales,2,2),"Bajo",IF(I65<=INDEX(rng_umbrales,2,3),"Medio",IF(I65<=INDEX(rng_umbrales,2,4),"Alto","Muy alto")))) -> Muy alto | P65: =IF(NOT(ISNUMBER(J65)),"Sin dato",IF(J65<=INDEX(rng_umbrales,3,2),"Bajo",IF(J65<=INDEX(rng_umbrales,3,3),"Medio",IF(J65<=INDEX(rng_umbrales,3,4),"Alto","Muy alto")))) -> Medio | Q65: =IF(OR(NOT(ISNUMBER(G65)),NOT(ISNUMBER(I65))),"N/C",IF(G65<u_protMin,"N/C: no es fuente proteica",I65/G65)) -> 24.528302 | R65: =IF(NOT(ISNUMBER(Q65)),"N/C",IF(Q65<=u_ppDes,"Deseable",IF(Q65<=u_ppAcep,"Aceptable","Alta"))) -> Alta | S65: =IF(COUNT(F65:J65)=k_cobMin,"Utilizable","No utilizable") -> Utilizable | T65: =IF(S65<>"Utilizable","",C65&"|"&TEXT(IF(v_prioridad="Potasio",H65,IF(v_prioridad="Fósforo",I65,IF(v_prioridad="Sodio",J65,IF(ISNUMBER(Q65),Q65,99999)))),"000000.00")) -> HUEVOS|00.000.109 | U65: =IF(OR($S65<>"Utilizable",$C65<>SUSTITUCION!$C$13),999999,IF(v_prioridad="Potasio",$H65,IF(v_prioridad="Fósforo",$I65,IF(v_prioridad="Sodio",$J65,IF(ISNUMBER($Q65),$Q65,999999))))) -> 999999
A66: INTA-0058 | B66: Huevo de codorniz | C66: HUEVOS | D66: 2.2 | E66: declarado en la fuente | F66: 158 | G66: 13.1 | H66: 132 | I66: 226 | J66: 141 | K66: 158 | L66: 13.1 | M66: 64 | N66: =IF(NOT(ISNUMBER(H66)),"Sin dato",IF(H66<=INDEX(rng_umbrales,1,2),"Bajo",IF(H66<=INDEX(rng_umbrales,1,3),"Medio",IF(H66<=INDEX(rng_umbrales,1,4),"Alto","Muy alto")))) -> Medio | O66: =IF(NOT(ISNUMBER(I66)),"Sin dato",IF(I66<=INDEX(rng_umbrales,2,2),"Bajo",IF(I66<=INDEX(rng_umbrales,2,3),"Medio",IF(I66<=INDEX(rng_umbrales,2,4),"Alto","Muy alto")))) -> Muy alto | P66: =IF(NOT(ISNUMBER(J66)),"Sin dato",IF(J66<=INDEX(rng_umbrales,3,2),"Bajo",IF(J66<=INDEX(rng_umbrales,3,3),"Medio",IF(J66<=INDEX(rng_umbrales,3,4),"Alto","Muy alto")))) -> Alto | Q66: =IF(OR(NOT(ISNUMBER(G66)),NOT(ISNUMBER(I66))),"N/C",IF(G66<u_protMin,"N/C: no es fuente proteica",I66/G66)) -> 17.251908 | R66: =IF(NOT(ISNUMBER(Q66)),"N/C",IF(Q66<=u_ppDes,"Deseable",IF(Q66<=u_ppAcep,"Aceptable","Alta"))) -> Alta | S66: =IF(COUNT(F66:J66)=k_cobMin,"Utilizable","No utilizable") -> Utilizable | T66: =IF(S66<>"Utilizable","",C66&"|"&TEXT(IF(v_prioridad="Potasio",H66,IF(v_prioridad="Fósforo",I66,IF(v_prioridad="Sodio",J66,IF(ISNUMBER(Q66),Q66,99999)))),"000000.00")) -> HUEVOS|00.000.132 | U66: =IF(OR($S66<>"Utilizable",$C66<>SUSTITUCION!$C$13),999999,IF(v_prioridad="Potasio",$H66,IF(v_prioridad="Fósforo",$I66,IF(v_prioridad="Sodio",$J66,IF(ISNUMBER($Q66),$Q66,999999))))) -> 999999
A67: INTA-0059 | B67: Pollo cocido | C67: Carnes y Vísceras | D67: 2.3 | E67: declarado en la fuente | F67: 176 | G67: 27.3 | H67: 180 | I67: 150 | J67: 70 | K67: 176 | L67: 27.3 | M67: 14 | N67: =IF(NOT(ISNUMBER(H67)),"Sin dato",IF(H67<=INDEX(rng_umbrales,1,2),"Bajo",IF(H67<=INDEX(rng_umbrales,1,3),"Medio",IF(H67<=INDEX(rng_umbrales,1,4),"Alto","Muy alto")))) -> Medio | O67: =IF(NOT(ISNUMBER(I67)),"Sin dato",IF(I67<=INDEX(rng_umbrales,2,2),"Bajo",IF(I67<=INDEX(rng_umbrales,2,3),"Medio",IF(I67<=INDEX(rng_umbrales,2,4),"Alto","Muy alto")))) -> Alto | P67: =IF(NOT(ISNUMBER(J67)),"Sin dato",IF(J67<=INDEX(rng_umbrales,3,2),"Bajo",IF(J67<=INDEX(rng_umbrales,3,3),"Medio",IF(J67<=INDEX(rng_umbrales,3,4),"Alto","Muy alto")))) -> Medio | Q67: =IF(OR(NOT(ISNUMBER(G67)),NOT(ISNUMBER(I67))),"N/C",IF(G67<u_protMin,"N/C: no es fuente proteica",I67/G67)) -> 5.4945055 | R67: =IF(NOT(ISNUMBER(Q67)),"N/C",IF(Q67<=u_ppDes,"Deseable",IF(Q67<=u_ppAcep,"Aceptable","Alta"))) -> Deseable | S67: =IF(COUNT(F67:J67)=k_cobMin,"Utilizable","No utilizable") -> Utilizable | T67: =IF(S67<>"Utilizable","",C67&"|"&TEXT(IF(v_prioridad="Potasio",H67,IF(v_prioridad="Fósforo",I67,IF(v_prioridad="Sodio",J67,IF(ISNUMBER(Q67),Q67,99999)))),"000000.00")) -> Carnes y Vísceras|00.000.180 | U67: =IF(OR($S67<>"Utilizable",$C67<>SUSTITUCION!$C$13),999999,IF(v_prioridad="Potasio",$H67,IF(v_prioridad="Fósforo",$I67,IF(v_prioridad="Sodio",$J67,IF(ISNUMBER($Q67),$Q67,999999))))) -> 999999
A68: INTA-0060 | B68: Pollo pierna | C68: Carnes y Vísceras | D68: 2.3 | E68: declarado en la fuente | F68: 199 | G68: 22.4 | H68: 180 | I68: 120 | J68: 70 | K68: 199 | L68: 22.4 | M68: 21 | N68: =IF(NOT(ISNUMBER(H68)),"Sin dato",IF(H68<=INDEX(rng_umbrales,1,2),"Bajo",IF(H68<=INDEX(rng_umbrales,1,3),"Medio",IF(H68<=INDEX(rng_umbrales,1,4),"Alto","Muy alto")))) -> Medio | O68: =IF(NOT(ISNUMBER(I68)),"Sin dato",IF(I68<=INDEX(rng_umbrales,2,2),"Bajo",IF(I68<=INDEX(rng_umbrales,2,3),"Medio",IF(I68<=INDEX(rng_umbrales,2,4),"Alto","Muy alto")))) -> Alto | P68: =IF(NOT(ISNUMBER(J68)),"Sin dato",IF(J68<=INDEX(rng_umbrales,3,2),"Bajo",IF(J68<=INDEX(rng_umbrales,3,3),"Medio",IF(J68<=INDEX(rng_umbrales,3,4),"Alto","Muy alto")))) -> Medio | Q68: =IF(OR(NOT(ISNUMBER(G68)),NOT(ISNUMBER(I68))),"N/C",IF(G68<u_protMin,"N/C: no es fuente proteica",I68/G68)) -> 5.3571429 | R68: =IF(NOT(ISNUMBER(Q68)),"N/C",IF(Q68<=u_ppDes,"Deseable",IF(Q68<=u_ppAcep,"Aceptable","Alta"))) -> Deseable | S68: =IF(COUNT(F68:J68)=k_cobMin,"Utilizable","No utilizable") -> Utilizable | T68: =IF(S68<>"Utilizable","",C68&"|"&TEXT(IF(v_prioridad="Potasio",H68,IF(v_prioridad="Fósforo",I68,IF(v_prioridad="Sodio",J68,IF(ISNUMBER(Q68),Q68,99999)))),"000000.00")) -> Carnes y Vísceras|00.000.180 | U68: =IF(OR($S68<>"Utilizable",$C68<>SUSTITUCION!$C$13),999999,IF(v_prioridad="Potasio",$H68,IF(v_prioridad="Fósforo",$I68,IF(v_prioridad="Sodio",$J68,IF(ISNUMBER($Q68),$Q68,999999))))) -> 999999
A69: INTA-0061 | B69: Pollo pechuga | C69: Carnes y Vísceras | D69: 2.3 | E69: declarado en la fuente | F69: 130 | G69: 22.3 | H69: 180 | I69: 91 | J69: 70 | K69: 130 | L69: 22.3 | M69: 28 | N69: =IF(NOT(ISNUMBER(H69)),"Sin dato",IF(H69<=INDEX(rng_umbrales,1,2),"Bajo",IF(H69<=INDEX(rng_umbrales,1,3),"Medio",IF(H69<=INDEX(rng_umbrales,1,4),"Alto","Muy alto")))) -> Medio | O69: =IF(NOT(ISNUMBER(I69)),"Sin dato",IF(I69<=INDEX(rng_umbrales,2,2),"Bajo",IF(I69<=INDEX(rng_umbrales,2,3),"Medio",IF(I69<=INDEX(rng_umbrales,2,4),"Alto","Muy alto")))) -> Medio | P69: =IF(NOT(ISNUMBER(J69)),"Sin dato",IF(J69<=INDEX(rng_umbrales,3,2),"Bajo",IF(J69<=INDEX(rng_umbrales,3,3),"Medio",IF(J69<=INDEX(rng_umbrales,3,4),"Alto","Muy alto")))) -> Medio | Q69: =IF(OR(NOT(ISNUMBER(G69)),NOT(ISNUMBER(I69))),"N/C",IF(G69<u_protMin,"N/C: no es fuente proteica",I69/G69)) -> 4.0807175 | R69: =IF(NOT(ISNUMBER(Q69)),"N/C",IF(Q69<=u_ppDes,"Deseable",IF(Q69<=u_ppAcep,"Aceptable","Alta"))) -> Deseable | S69: =IF(COUNT(F69:J69)=k_cobMin,"Utilizable","No utilizable") -> Utilizable | T69: =IF(S69<>"Utilizable","",C69&"|"&TEXT(IF(v_prioridad="Potasio",H69,IF(v_prioridad="Fósforo",I69,IF(v_prioridad="Sodio",J69,IF(ISNUMBER(Q69),Q69,99999)))),"000000.00")) -> Carnes y Vísceras|00.000.180 | U69: =IF(OR($S69<>"Utilizable",$C69<>SUSTITUCION!$C$13),999999,IF(v_prioridad="Potasio",$H69,IF(v_prioridad="Fósforo",$I69,IF(v_prioridad="Sodio",$J69,IF(ISNUMBER($Q69),$Q69,999999))))) -> 999999
A70: INTA-0062 | B70: Pollo pechuga deshuesado | C70: Carnes y Vísceras | D70: 2.3 | E70: declarado en la fuente | F70: 114 | G70: 22.2 | H70: s/i | I70: s/i | J70: s/i | K70: 114 | L70: 22.2 | M70: s/i | N70: =IF(NOT(ISNUMBER(H70)),"Sin dato",IF(H70<=INDEX(rng_umbrales,1,2),"Bajo",IF(H70<=INDEX(rng_umbrales,1,3),"Medio",IF(H70<=INDEX(rng_umbrales,1,4),"Alto","Muy alto")))) -> Sin dato | O70: =IF(NOT(ISNUMBER(I70)),"Sin dato",IF(I70<=INDEX(rng_umbrales,2,2),"Bajo",IF(I70<=INDEX(rng_umbrales,2,3),"Medio",IF(I70<=INDEX(rng_umbrales,2,4),"Alto","Muy alto")))) -> Sin dato | P70: =IF(NOT(ISNUMBER(J70)),"Sin dato",IF(J70<=INDEX(rng_umbrales,3,2),"Bajo",IF(J70<=INDEX(rng_umbrales,3,3),"Medio",IF(J70<=INDEX(rng_umbrales,3,4),"Alto","Muy alto")))) -> Sin dato | Q70: =IF(OR(NOT(ISNUMBER(G70)),NOT(ISNUMBER(I70))),"N/C",IF(G70<u_protMin,"N/C: no es fuente proteica",I70/G70)) -> N/C | R70: =IF(NOT(ISNUMBER(Q70)),"N/C",IF(Q70<=u_ppDes,"Deseable",IF(Q70<=u_ppAcep,"Aceptable","Alta"))) -> N/C | S70: =IF(COUNT(F70:J70)=k_cobMin,"Utilizable","No utilizable") -> No utilizable | T70: =IF(S70<>"Utilizable","",C70&"|"&TEXT(IF(v_prioridad="Potasio",H70,IF(v_prioridad="Fósforo",I70,IF(v_prioridad="Sodio",J70,IF(ISNUMBER(Q70),Q70,99999)))),"000000.00")) | U70: =IF(OR($S70<>"Utilizable",$C70<>SUSTITUCION!$C$13),999999,IF(v_prioridad="Potasio",$H70,IF(v_prioridad="Fósforo",$I70,IF(v_prioridad="Sodio",$J70,IF(ISNUMBER($Q70),$Q70,999999))))) -> 999999
A71: INTA-0063 | B71: Pato cocido | C71: Carnes y Vísceras | D71: 2.3 | E71: declarado en la fuente | F71: 201 | G71: 23.5 | H71: 252 | I71: 203 | J71: 65 | K71: 201 | L71: 23.5 | M71: 12 | N71: =IF(NOT(ISNUMBER(H71)),"Sin dato",IF(H71<=INDEX(rng_umbrales,1,2),"Bajo",IF(H71<=INDEX(rng_umbrales,1,3),"Medio",IF(H71<=INDEX(rng_umbrales,1,4),"Alto","Muy alto")))) -> Alto | O71: =IF(NOT(ISNUMBER(I71)),"Sin dato",IF(I71<=INDEX(rng_umbrales,2,2),"Bajo",IF(I71<=INDEX(rng_umbrales,2,3),"Medio",IF(I71<=INDEX(rng_umbrales,2,4),"Alto","Muy alto")))) -> Muy alto | P71: =IF(NOT(ISNUMBER(J71)),"Sin dato",IF(J71<=INDEX(rng_umbrales,3,2),"Bajo",IF(J71<=INDEX(rng_umbrales,3,3),"Medio",IF(J71<=INDEX(rng_umbrales,3,4),"Alto","Muy alto")))) -> Medio | Q71: =IF(OR(NOT(ISNUMBER(G71)),NOT(ISNUMBER(I71))),"N/C",IF(G71<u_protMin,"N/C: no es fuente proteica",I71/G71)) -> 8.6382979 | R71: =IF(NOT(ISNUMBER(Q71)),"N/C",IF(Q71<=u_ppDes,"Deseable",IF(Q71<=u_ppAcep,"Aceptable","Alta"))) -> Deseable | S71: =IF(COUNT(F71:J71)=k_cobMin,"Utilizable","No utilizable") -> Utilizable | T71: =IF(S71<>"Utilizable","",C71&"|"&TEXT(IF(v_prioridad="Potasio",H71,IF(v_prioridad="Fósforo",I71,IF(v_prioridad="Sodio",J71,IF(ISNUMBER(Q71),Q71,99999)))),"000000.00")) -> Carnes y Vísceras|00.000.252 | U71: =IF(OR($S71<>"Utilizable",$C71<>SUSTITUCION!$C$13),999999,IF(v_prioridad="Potasio",$H71,IF(v_prioridad="Fósforo",$I71,IF(v_prioridad="Sodio",$J71,IF(ISNUMBER($Q71),$Q71,999999))))) -> 999999
A72: INTA-0064 | B72: Pavo pierna | C72: Carnes y Vísceras | D72: 2.3 | E72: declarado en la fuente | F72: 123 | G72: 22 | H72: 298 | I72: 141 | J72: 70 | K72: 123 | L72: 22 | M72: 23 | N72: =IF(NOT(ISNUMBER(H72)),"Sin dato",IF(H72<=INDEX(rng_umbrales,1,2),"Bajo",IF(H72<=INDEX(rng_umbrales,1,3),"Medio",IF(H72<=INDEX(rng_umbrales,1,4),"Alto","Muy alto")))) -> Alto | O72: =IF(NOT(ISNUMBER(I72)),"Sin dato",IF(I72<=INDEX(rng_umbrales,2,2),"Bajo",IF(I72<=INDEX(rng_umbrales,2,3),"Medio",IF(I72<=INDEX(rng_umbrales,2,4),"Alto","Muy alto")))) -> Alto | P72: =IF(NOT(ISNUMBER(J72)),"Sin dato",IF(J72<=INDEX(rng_umbrales,3,2),"Bajo",IF(J72<=INDEX(rng_umbrales,3,3),"Medio",IF(J72<=INDEX(rng_umbrales,3,4),"Alto","Muy alto")))) -> Medio | Q72: =IF(OR(NOT(ISNUMBER(G72)),NOT(ISNUMBER(I72))),"N/C",IF(G72<u_protMin,"N/C: no es fuente proteica",I72/G72)) -> 6.4090909 | R72: =IF(NOT(ISNUMBER(Q72)),"N/C",IF(Q72<=u_ppDes,"Deseable",IF(Q72<=u_ppAcep,"Aceptable","Alta"))) -> Deseable | S72: =IF(COUNT(F72:J72)=k_cobMin,"Utilizable","No utilizable") -> Utilizable | T72: =IF(S72<>"Utilizable","",C72&"|"&TEXT(IF(v_prioridad="Potasio",H72,IF(v_prioridad="Fósforo",I72,IF(v_prioridad="Sodio",J72,IF(ISNUMBER(Q72),Q72,99999)))),"000000.00")) -> Carnes y Vísceras|00.000.298 | U72: =IF(OR($S72<>"Utilizable",$C72<>SUSTITUCION!$C$13),999999,IF(v_prioridad="Potasio",$H72,IF(v_prioridad="Fósforo",$I72,IF(v_prioridad="Sodio",$J72,IF(ISNUMBER($Q72),$Q72,999999))))) -> 999999
A73: INTA-0065 | B73: Pavo rostizado | C73: Carnes y Vísceras | D73: 2.3 | E73: declarado en la fuente | F73: 189 | G73: 28.6 | H73: 239 | I73: 223 | J73: 103 | K73: 189 | L73: 28.6 | M73: 14 | N73: =IF(NOT(ISNUMBER(H73)),"Sin dato",IF(H73<=INDEX(rng_umbrales,1,2),"Bajo",IF(H73<=INDEX(rng_umbrales,1,3),"Medio",IF(H73<=INDEX(rng_umbrales,1,4),"Alto","Muy alto")))) -> Alto | O73: =IF(NOT(ISNUMBER(I73)),"Sin dato",IF(I73<=INDEX(rng_umbrales,2,2),"Bajo",IF(I73<=INDEX(rng_umbrales,2,3),"Medio",IF(I73<=INDEX(rng_umbrales,2,4),"Alto","Muy alto")))) -> Muy alto | P73: =IF(NOT(ISNUMBER(J73)),"Sin dato",IF(J73<=INDEX(rng_umbrales,3,2),"Bajo",IF(J73<=INDEX(rng_umbrales,3,3),"Medio",IF(J73<=INDEX(rng_umbrales,3,4),"Alto","Muy alto")))) -> Medio | Q73: =IF(OR(NOT(ISNUMBER(G73)),NOT(ISNUMBER(I73))),"N/C",IF(G73<u_protMin,"N/C: no es fuente proteica",I73/G73)) -> 7.7972028 | R73: =IF(NOT(ISNUMBER(Q73)),"N/C",IF(Q73<=u_ppDes,"Deseable",IF(Q73<=u_ppAcep,"Aceptable","Alta"))) -> Deseable | S73: =IF(COUNT(F73:J73)=k_cobMin,"Utilizable","No utilizable") -> Utilizable | T73: =IF(S73<>"Utilizable","",C73&"|"&TEXT(IF(v_prioridad="Potasio",H73,IF(v_prioridad="Fósforo",I73,IF(v_prioridad="Sodio",J73,IF(ISNUMBER(Q73),Q73,99999)))),"000000.00")) -> Carnes y Vísceras|00.000.239 | U73: =IF(OR($S73<>"Utilizable",$C73<>SUSTITUCION!$C$13),999999,IF(v_prioridad="Potasio",$H73,IF(v_prioridad="Fósforo",$I73,IF(v_prioridad="Sodio",$J73,IF(ISNUMBER($Q73),$Q73,999999))))) -> 999999
A74: INTA-0066 | B74: Carne de cerdo | C74: Carnes y Vísceras | D74: 2.3 | E74: declarado en la fuente | F74: 293 | G74: 25.1 | H74: 328 | I74: 246 | J74: 59.1 | K74: 293 | L74: 25.1 | M74: 6 | N74: =IF(NOT(ISNUMBER(H74)),"Sin dato",IF(H74<=INDEX(rng_umbrales,1,2),"Bajo",IF(H74<=INDEX(rng_umbrales,1,3),"Medio",IF(H74<=INDEX(rng_umbrales,1,4),"Alto","Muy alto")))) -> Muy alto | O74: =IF(NOT(ISNUMBER(I74)),"Sin dato",IF(I74<=INDEX(rng_umbrales,2,2),"Bajo",IF(I74<=INDEX(rng_umbrales,2,3),"Medio",IF(I74<=INDEX(rng_umbrales,2,4),"Alto","Muy alto")))) -> Muy alto | P74: =IF(NOT(ISNUMBER(J74)),"Sin dato",IF(J74<=INDEX(rng_umbrales,3,2),"Bajo",IF(J74<=INDEX(rng_umbrales,3,3),"Medio",IF(J74<=INDEX(rng_umbrales,3,4),"Alto","Muy alto")))) -> Medio | Q74: =IF(OR(NOT(ISNUMBER(G74)),NOT(ISNUMBER(I74))),"N/C",IF(G74<u_protMin,"N/C: no es fuente proteica",I74/G74)) -> 9.8007968 | R74: =IF(NOT(ISNUMBER(Q74)),"N/C",IF(Q74<=u_ppDes,"Deseable",IF(Q74<=u_ppAcep,"Aceptable","Alta"))) -> Deseable | S74: =IF(COUNT(F74:J74)=k_cobMin,"Utilizable","No utilizable") -> Utilizable | T74: =IF(S74<>"Utilizable","",C74&"|"&TEXT(IF(v_prioridad="Potasio",H74,IF(v_prioridad="Fósforo",I74,IF(v_prioridad="Sodio",J74,IF(ISNUMBER(Q74),Q74,99999)))),"000000.00")) -> Carnes y Vísceras|00.000.328 | U74: =IF(OR($S74<>"Utilizable",$C74<>SUSTITUCION!$C$13),999999,IF(v_prioridad="Potasio",$H74,IF(v_prioridad="Fósforo",$I74,IF(v_prioridad="Sodio",$J74,IF(ISNUMBER($Q74),$Q74,999999))))) -> 999999
A75: INTA-0067 | B75: Cazuela de cerdo | C75: Carnes y Vísceras | D75: 2.3 | E75: declarado en la fuente | F75: 264 | G75: 20.6 | H75: 731 | I75: 107 | J75: 161 | K75: 264 | L75: 20.6 | M75: 21 | N75: =IF(NOT(ISNUMBER(H75)),"Sin dato",IF(H75<=INDEX(rng_umbrales,1,2),"Bajo",IF(H75<=INDEX(rng_umbrales,1,3),"Medio",IF(H75<=INDEX(rng_umbrales,1,4),"Alto","Muy alto")))) -> Muy alto | O75: =IF(NOT(ISNUMBER(I75)),"Sin dato",IF(I75<=INDEX(rng_umbrales,2,2),"Bajo",IF(I75<=INDEX(rng_umbrales,2,3),"Medio",IF(I75<=INDEX(rng_umbrales,2,4),"Alto","Muy alto")))) -> Alto | P75: =IF(NOT(ISNUMBER(J75)),"Sin dato",IF(J75<=INDEX(rng_umbrales,3,2),"Bajo",IF(J75<=INDEX(rng_umbrales,3,3),"Medio",IF(J75<=INDEX(rng_umbrales,3,4),"Alto","Muy alto")))) -> Alto | Q75: =IF(OR(NOT(ISNUMBER(G75)),NOT(ISNUMBER(I75))),"N/C",IF(G75<u_protMin,"N/C: no es fuente proteica",I75/G75)) -> 5.1941748 | R75: =IF(NOT(ISNUMBER(Q75)),"N/C",IF(Q75<=u_ppDes,"Deseable",IF(Q75<=u_ppAcep,"Aceptable","Alta"))) -> Deseable | S75: =IF(COUNT(F75:J75)=k_cobMin,"Utilizable","No utilizable") -> Utilizable | T75: =IF(S75<>"Utilizable","",C75&"|"&TEXT(IF(v_prioridad="Potasio",H75,IF(v_prioridad="Fósforo",I75,IF(v_prioridad="Sodio",J75,IF(ISNUMBER(Q75),Q75,99999)))),"000000.00")) -> Carnes y Vísceras|00.000.731 | U75: =IF(OR($S75<>"Utilizable",$C75<>SUSTITUCION!$C$13),999999,IF(v_prioridad="Potasio",$H75,IF(v_prioridad="Fósforo",$I75,IF(v_prioridad="Sodio",$J75,IF(ISNUMBER($Q75),$Q75,999999))))) -> 999999
A76: INTA-0068 | B76: Lomito de cerdo | C76: Carnes y Vísceras | D76: 2.3 | E76: declarado en la fuente | F76: 90 | G76: 15.3 | H76: s/i | I76: s/i | J76: 339 | K76: 90 | L76: 15.3 | M76: s/i | N76: =IF(NOT(ISNUMBER(H76)),"Sin dato",IF(H76<=INDEX(rng_umbrales,1,2),"Bajo",IF(H76<=INDEX(rng_umbrales,1,3),"Medio",IF(H76<=INDEX(rng_umbrales,1,4),"Alto","Muy alto")))) -> Sin dato | O76: =IF(NOT(ISNUMBER(I76)),"Sin dato",IF(I76<=INDEX(rng_umbrales,2,2),"Bajo",IF(I76<=INDEX(rng_umbrales,2,3),"Medio",IF(I76<=INDEX(rng_umbrales,2,4),"Alto","Muy alto")))) -> Sin dato | P76: =IF(NOT(ISNUMBER(J76)),"Sin dato",IF(J76<=INDEX(rng_umbrales,3,2),"Bajo",IF(J76<=INDEX(rng_umbrales,3,3),"Medio",IF(J76<=INDEX(rng_umbrales,3,4),"Alto","Muy alto")))) -> Alto | Q76: =IF(OR(NOT(ISNUMBER(G76)),NOT(ISNUMBER(I76))),"N/C",IF(G76<u_protMin,"N/C: no es fuente proteica",I76/G76)) -> N/C | R76: =IF(NOT(ISNUMBER(Q76)),"N/C",IF(Q76<=u_ppDes,"Deseable",IF(Q76<=u_ppAcep,"Aceptable","Alta"))) -> N/C | S76: =IF(COUNT(F76:J76)=k_cobMin,"Utilizable","No utilizable") -> No utilizable | T76: =IF(S76<>"Utilizable","",C76&"|"&TEXT(IF(v_prioridad="Potasio",H76,IF(v_prioridad="Fósforo",I76,IF(v_prioridad="Sodio",J76,IF(ISNUMBER(Q76),Q76,99999)))),"000000.00")) | U76: =IF(OR($S76<>"Utilizable",$C76<>SUSTITUCION!$C$13),999999,IF(v_prioridad="Potasio",$H76,IF(v_prioridad="Fósforo",$I76,IF(v_prioridad="Sodio",$J76,IF(ISNUMBER($Q76),$Q76,999999))))) -> 999999
A77: INTA-0069 | B77: Pierna de cerdo marinada | C77: Carnes y Vísceras | D77: 2.3 | E77: declarado en la fuente | F77: 164 | G77: 16.6 | H77: s/i | I77: s/i | J77: 204 | K77: 164 | L77: 16.6 | M77: s/i | N77: =IF(NOT(ISNUMBER(H77)),"Sin dato",IF(H77<=INDEX(rng_umbrales,1,2),"Bajo",IF(H77<=INDEX(rng_umbrales,1,3),"Medio",IF(H77<=INDEX(rng_umbrales,1,4),"Alto","Muy alto")))) -> Sin dato | O77: =IF(NOT(ISNUMBER(I77)),"Sin dato",IF(I77<=INDEX(rng_umbrales,2,2),"Bajo",IF(I77<=INDEX(rng_umbrales,2,3),"Medio",IF(I77<=INDEX(rng_umbrales,2,4),"Alto","Muy alto")))) -> Sin dato | P77: =IF(NOT(ISNUMBER(J77)),"Sin dato",IF(J77<=INDEX(rng_umbrales,3,2),"Bajo",IF(J77<=INDEX(rng_umbrales,3,3),"Medio",IF(J77<=INDEX(rng_umbrales,3,4),"Alto","Muy alto")))) -> Alto | Q77: =IF(OR(NOT(ISNUMBER(G77)),NOT(ISNUMBER(I77))),"N/C",IF(G77<u_protMin,"N/C: no es fuente proteica",I77/G77)) -> N/C | R77: =IF(NOT(ISNUMBER(Q77)),"N/C",IF(Q77<=u_ppDes,"Deseable",IF(Q77<=u_ppAcep,"Aceptable","Alta"))) -> N/C | S77: =IF(COUNT(F77:J77)=k_cobMin,"Utilizable","No utilizable") -> No utilizable | T77: =IF(S77<>"Utilizable","",C77&"|"&TEXT(IF(v_prioridad="Potasio",H77,IF(v_prioridad="Fósforo",I77,IF(v_prioridad="Sodio",J77,IF(ISNUMBER(Q77),Q77,99999)))),"000000.00")) | U77: =IF(OR($S77<>"Utilizable",$C77<>SUSTITUCION!$C$13),999999,IF(v_prioridad="Potasio",$H77,IF(v_prioridad="Fósforo",$I77,IF(v_prioridad="Sodio",$J77,IF(ISNUMBER($Q77),$Q77,999999))))) -> 999999
A78: INTA-0070 | B78: Chuleta de cerdo centro marinada | C78: Carnes y Vísceras | D78: 2.3 | E78: declarado en la fuente | F78: 284 | G78: 13.7 | H78: s/i | I78: s/i | J78: 156 | K78: 284 | L78: 13.7 | M78: s/i | N78: =IF(NOT(ISNUMBER(H78)),"Sin dato",IF(H78<=INDEX(rng_umbrales,1,2),"Bajo",IF(H78<=INDEX(rng_umbrales,1,3),"Medio",IF(H78<=INDEX(rng_umbrales,1,4),"Alto","Muy alto")))) -> Sin dato | O78: =IF(NOT(ISNUMBER(I78)),"Sin dato",IF(I78<=INDEX(rng_umbrales,2,2),"Bajo",IF(I78<=INDEX(rng_umbrales,2,3),"Medio",IF(I78<=INDEX(rng_umbrales,2,4),"Alto","Muy alto")))) -> Sin dato | P78: =IF(NOT(ISNUMBER(J78)),"Sin dato",IF(J78<=INDEX(rng_umbrales,3,2),"Bajo",IF(J78<=INDEX(rng_umbrales,3,3),"Medio",IF(J78<=INDEX(rng_umbrales,3,4),"Alto","Muy alto")))) -> Alto | Q78: =IF(OR(NOT(ISNUMBER(G78)),NOT(ISNUMBER(I78))),"N/C",IF(G78<u_protMin,"N/C: no es fuente proteica",I78/G78)) -> N/C | R78: =IF(NOT(ISNUMBER(Q78)),"N/C",IF(Q78<=u_ppDes,"Deseable",IF(Q78<=u_ppAcep,"Aceptable","Alta"))) -> N/C | S78: =IF(COUNT(F78:J78)=k_cobMin,"Utilizable","No utilizable") -> No utilizable | T78: =IF(S78<>"Utilizable","",C78&"|"&TEXT(IF(v_prioridad="Potasio",H78,IF(v_prioridad="Fósforo",I78,IF(v_prioridad="Sodio",J78,IF(ISNUMBER(Q78),Q78,99999)))),"000000.00")) | U78: =IF(OR($S78<>"Utilizable",$C78<>SUSTITUCION!$C$13),999999,IF(v_prioridad="Potasio",$H78,IF(v_prioridad="Fósforo",$I78,IF(v_prioridad="Sodio",$J78,IF(ISNUMBER($Q78),$Q78,999999))))) -> 999999
A79: INTA-0071 | B79: Chuleta de cerdo vetada marinada | C79: Carnes y Vísceras | D79: 2.3 | E79: declarado en la fuente | F79: 312 | G79: 14.7 | H79: s/i | I79: s/i | J79: 148 | K79: 312 | L79: 14.7 | M79: s/i | N79: =IF(NOT(ISNUMBER(H79)),"Sin dato",IF(H79<=INDEX(rng_umbrales,1,2),"Bajo",IF(H79<=INDEX(rng_umbrales,1,3),"Medio",IF(H79<=INDEX(rng_umbrales,1,4),"Alto","Muy alto")))) -> Sin dato | O79: =IF(NOT(ISNUMBER(I79)),"Sin dato",IF(I79<=INDEX(rng_umbrales,2,2),"Bajo",IF(I79<=INDEX(rng_umbrales,2,3),"Medio",IF(I79<=INDEX(rng_umbrales,2,4),"Alto","Muy alto")))) -> Sin dato | P79: =IF(NOT(ISNUMBER(J79)),"Sin dato",IF(J79<=INDEX(rng_umbrales,3,2),"Bajo",IF(J79<=INDEX(rng_umbrales,3,3),"Medio",IF(J79<=INDEX(rng_umbrales,3,4),"Alto","Muy alto")))) -> Alto | Q79: =IF(OR(NOT(ISNUMBER(G79)),NOT(ISNUMBER(I79))),"N/C",IF(G79<u_protMin,"N/C: no es fuente proteica",I79/G79)) -> N/C | R79: =IF(NOT(ISNUMBER(Q79)),"N/C",IF(Q79<=u_ppDes,"Deseable",IF(Q79<=u_ppAcep,"Aceptable","Alta"))) -> N/C | S79: =IF(COUNT(F79:J79)=k_cobMin,"Utilizable","No utilizable") -> No utilizable | T79: =IF(S79<>"Utilizable","",C79&"|"&TEXT(IF(v_prioridad="Potasio",H79,IF(v_prioridad="Fósforo",I79,IF(v_prioridad="Sodio",J79,IF(ISNUMBER(Q79),Q79,99999)))),"000000.00")) | U79: =IF(OR($S79<>"Utilizable",$C79<>SUSTITUCION!$C$13),999999,IF(v_prioridad="Potasio",$H79,IF(v_prioridad="Fósforo",$I79,IF(v_prioridad="Sodio",$J79,IF(ISNUMBER($Q79),$Q79,999999))))) -> 999999
A80: INTA-0072 | B80: Costillar de cerdo | C80: Carnes y Vísceras | D80: 2.3 | E80: declarado en la fuente | F80: 210 | G80: 17.5 | H80: s/i | I80: s/i | J80: 117 | K80: 210 | L80: 17.5 | M80: s/i | N80: =IF(NOT(ISNUMBER(H80)),"Sin dato",IF(H80<=INDEX(rng_umbrales,1,2),"Bajo",IF(H80<=INDEX(rng_umbrales,1,3),"Medio",IF(H80<=INDEX(rng_umbrales,1,4),"Alto","Muy alto")))) -> Sin dato | O80: =IF(NOT(ISNUMBER(I80)),"Sin dato",IF(I80<=INDEX(rng_umbrales,2,2),"Bajo",IF(I80<=INDEX(rng_umbrales,2,3),"Medio",IF(I80<=INDEX(rng_umbrales,2,4),"Alto","Muy alto")))) -> Sin dato | P80: =IF(NOT(ISNUMBER(J80)),"Sin dato",IF(J80<=INDEX(rng_umbrales,3,2),"Bajo",IF(J80<=INDEX(rng_umbrales,3,3),"Medio",IF(J80<=INDEX(rng_umbrales,3,4),"Alto","Muy alto")))) -> Medio | Q80: =IF(OR(NOT(ISNUMBER(G80)),NOT(ISNUMBER(I80))),"N/C",IF(G80<u_protMin,"N/C: no es fuente proteica",I80/G80)) -> N/C | R80: =IF(NOT(ISNUMBER(Q80)),"N/C",IF(Q80<=u_ppDes,"Deseable",IF(Q80<=u_ppAcep,"Aceptable","Alta"))) -> N/C | S80: =IF(COUNT(F80:J80)=k_cobMin,"Utilizable","No utilizable") -> No utilizable | T80: =IF(S80<>"Utilizable","",C80&"|"&TEXT(IF(v_prioridad="Potasio",H80,IF(v_prioridad="Fósforo",I80,IF(v_prioridad="Sodio",J80,IF(ISNUMBER(Q80),Q80,99999)))),"000000.00")) | U80: =IF(OR($S80<>"Utilizable",$C80<>SUSTITUCION!$C$13),999999,IF(v_prioridad="Potasio",$H80,IF(v_prioridad="Fósforo",$I80,IF(v_prioridad="Sodio",$J80,IF(ISNUMBER($Q80),$Q80,999999))))) -> 999999
A81: INTA-0073 | B81: Costillar de cerdo marinado | C81: Carnes y Vísceras | D81: 2.3 | E81: declarado en la fuente | F81: 209 | G81: 17.2 | H81: s/i | I81: s/i | J81: 54 | K81: 209 | L81: 17.2 | M81: s/i | N81: =IF(NOT(ISNUMBER(H81)),"Sin dato",IF(H81<=INDEX(rng_umbrales,1,2),"Bajo",IF(H81<=INDEX(rng_umbrales,1,3),"Medio",IF(H81<=INDEX(rng_umbrales,1,4),"Alto","Muy alto")))) -> Sin dato | O81: =IF(NOT(ISNUMBER(I81)),"Sin dato",IF(I81<=INDEX(rng_umbrales,2,2),"Bajo",IF(I81<=INDEX(rng_umbrales,2,3),"Medio",IF(I81<=INDEX(rng_umbrales,2,4),"Alto","Muy alto")))) -> Sin dato | P81: =IF(NOT(ISNUMBER(J81)),"Sin dato",IF(J81<=INDEX(rng_umbrales,3,2),"Bajo",IF(J81<=INDEX(rng_umbrales,3,3),"Medio",IF(J81<=INDEX(rng_umbrales,3,4),"Alto","Muy alto")))) -> Medio | Q81: =IF(OR(NOT(ISNUMBER(G81)),NOT(ISNUMBER(I81))),"N/C",IF(G81<u_protMin,"N/C: no es fuente proteica",I81/G81)) -> N/C | R81: =IF(NOT(ISNUMBER(Q81)),"N/C",IF(Q81<=u_ppDes,"Deseable",IF(Q81<=u_ppAcep,"Aceptable","Alta"))) -> N/C | S81: =IF(COUNT(F81:J81)=k_cobMin,"Utilizable","No utilizable") -> No utilizable | T81: =IF(S81<>"Utilizable","",C81&"|"&TEXT(IF(v_prioridad="Potasio",H81,IF(v_prioridad="Fósforo",I81,IF(v_prioridad="Sodio",J81,IF(ISNUMBER(Q81),Q81,99999)))),"000000.00")) | U81: =IF(OR($S81<>"Utilizable",$C81<>SUSTITUCION!$C$13),999999,IF(v_prioridad="Potasio",$H81,IF(v_prioridad="Fósforo",$I81,IF(v_prioridad="Sodio",$J81,IF(ISNUMBER($Q81),$Q81,999999))))) -> 999999
A82: INTA-0074 | B82: Filete de cerdo | C82: Carnes y Vísceras | D82: 2.3 | E82: declarado en la fuente | F82: 129 | G82: 21.4 | H82: 328 | I82: 94 | J82: 59.1 | K82: 129 | L82: 21.4 | M82: 18 | N82: =IF(NOT(ISNUMBER(H82)),"Sin dato",IF(H82<=INDEX(rng_umbrales,1,2),"Bajo",IF(H82<=INDEX(rng_umbrales,1,3),"Medio",IF(H82<=INDEX(rng_umbrales,1,4),"Alto","Muy alto")))) -> Muy alto | O82: =IF(NOT(ISNUMBER(I82)),"Sin dato",IF(I82<=INDEX(rng_umbrales,2,2),"Bajo",IF(I82<=INDEX(rng_umbrales,2,3),"Medio",IF(I82<=INDEX(rng_umbrales,2,4),"Alto","Muy alto")))) -> Medio | P82: =IF(NOT(ISNUMBER(J82)),"Sin dato",IF(J82<=INDEX(rng_umbrales,3,2),"Bajo",IF(J82<=INDEX(rng_umbrales,3,3),"Medio",IF(J82<=INDEX(rng_umbrales,3,4),"Alto","Muy alto")))) -> Medio | Q82: =IF(OR(NOT(ISNUMBER(G82)),NOT(ISNUMBER(I82))),"N/C",IF(G82<u_protMin,"N/C: no es fuente proteica",I82/G82)) -> 4.3925234 | R82: =IF(NOT(ISNUMBER(Q82)),"N/C",IF(Q82<=u_ppDes,"Deseable",IF(Q82<=u_ppAcep,"Aceptable","Alta"))) -> Deseable | S82: =IF(COUNT(F82:J82)=k_cobMin,"Utilizable","No utilizable") -> Utilizable | T82: =IF(S82<>"Utilizable","",C82&"|"&TEXT(IF(v_prioridad="Potasio",H82,IF(v_prioridad="Fósforo",I82,IF(v_prioridad="Sodio",J82,IF(ISNUMBER(Q82),Q82,99999)))),"000000.00")) -> Carnes y Vísceras|00.000.328 | U82: =IF(OR($S82<>"Utilizable",$C82<>SUSTITUCION!$C$13),999999,IF(v_prioridad="Potasio",$H82,IF(v_prioridad="Fósforo",$I82,IF(v_prioridad="Sodio",$J82,IF(ISNUMBER($Q82),$Q82,999999))))) -> 999999
A83: INTA-0075 | B83: Pulpa de cerdo | C83: Carnes y Vísceras | D83: 2.3 | E83: declarado en la fuente | F83: 132 | G83: 21.2 | H83: 384 | I83: 99 | J83: 91 | K83: 132 | L83: 21.2 | M83: 16 | N83: =IF(NOT(ISNUMBER(H83)),"Sin dato",IF(H83<=INDEX(rng_umbrales,1,2),"Bajo",IF(H83<=INDEX(rng_umbrales,1,3),"Medio",IF(H83<=INDEX(rng_umbrales,1,4),"Alto","Muy alto")))) -> Muy alto | O83: =IF(NOT(ISNUMBER(I83)),"Sin dato",IF(I83<=INDEX(rng_umbrales,2,2),"Bajo",IF(I83<=INDEX(rng_umbrales,2,3),"Medio",IF(I83<=INDEX(rng_umbrales,2,4),"Alto","Muy alto")))) -> Medio | P83: =IF(NOT(ISNUMBER(J83)),"Sin dato",IF(J83<=INDEX(rng_umbrales,3,2),"Bajo",IF(J83<=INDEX(rng_umbrales,3,3),"Medio",IF(J83<=INDEX(rng_umbrales,3,4),"Alto","Muy alto")))) -> Medio | Q83: =IF(OR(NOT(ISNUMBER(G83)),NOT(ISNUMBER(I83))),"N/C",IF(G83<u_protMin,"N/C: no es fuente proteica",I83/G83)) -> 4.6698113 | R83: =IF(NOT(ISNUMBER(Q83)),"N/C",IF(Q83<=u_ppDes,"Deseable",IF(Q83<=u_ppAcep,"Aceptable","Alta"))) -> Deseable | S83: =IF(COUNT(F83:J83)=k_cobMin,"Utilizable","No utilizable") -> Utilizable | T83: =IF(S83<>"Utilizable","",C83&"|"&TEXT(IF(v_prioridad="Potasio",H83,IF(v_prioridad="Fósforo",I83,IF(v_prioridad="Sodio",J83,IF(ISNUMBER(Q83),Q83,99999)))),"000000.00")) -> Carnes y Vísceras|00.000.384 | U83: =IF(OR($S83<>"Utilizable",$C83<>SUSTITUCION!$C$13),999999,IF(v_prioridad="Potasio",$H83,IF(v_prioridad="Fósforo",$I83,IF(v_prioridad="Sodio",$J83,IF(ISNUMBER($Q83),$Q83,999999))))) -> 999999
A84: INTA-0076 | B84: Cazuela de cordero | C84: Carnes y Vísceras | D84: 2.3 | E84: declarado en la fuente | F84: 152 | G84: 20.6 | H84: 356 | I84: 117 | J84: 116 | K84: 152 | L84: 20.6 | M84: 20 | N84: =IF(NOT(ISNUMBER(H84)),"Sin dato",IF(H84<=INDEX(rng_umbrales,1,2),"Bajo",IF(H84<=INDEX(rng_umbrales,1,3),"Medio",IF(H84<=INDEX(rng_umbrales,1,4),"Alto","Muy alto")))) -> Muy alto | O84: =IF(NOT(ISNUMBER(I84)),"Sin dato",IF(I84<=INDEX(rng_umbrales,2,2),"Bajo",IF(I84<=INDEX(rng_umbrales,2,3),"Medio",IF(I84<=INDEX(rng_umbrales,2,4),"Alto","Muy alto")))) -> Alto | P84: =IF(NOT(ISNUMBER(J84)),"Sin dato",IF(J84<=INDEX(rng_umbrales,3,2),"Bajo",IF(J84<=INDEX(rng_umbrales,3,3),"Medio",IF(J84<=INDEX(rng_umbrales,3,4),"Alto","Muy alto")))) -> Medio | Q84: =IF(OR(NOT(ISNUMBER(G84)),NOT(ISNUMBER(I84))),"N/C",IF(G84<u_protMin,"N/C: no es fuente proteica",I84/G84)) -> 5.6796117 | R84: =IF(NOT(ISNUMBER(Q84)),"N/C",IF(Q84<=u_ppDes,"Deseable",IF(Q84<=u_ppAcep,"Aceptable","Alta"))) -> Deseable | S84: =IF(COUNT(F84:J84)=k_cobMin,"Utilizable","No utilizable") -> Utilizable | T84: =IF(S84<>"Utilizable","",C84&"|"&TEXT(IF(v_prioridad="Potasio",H84,IF(v_prioridad="Fósforo",I84,IF(v_prioridad="Sodio",J84,IF(ISNUMBER(Q84),Q84,99999)))),"000000.00")) -> Carnes y Vísceras|00.000.356 | U84: =IF(OR($S84<>"Utilizable",$C84<>SUSTITUCION!$C$13),999999,IF(v_prioridad="Potasio",$H84,IF(v_prioridad="Fósforo",$I84,IF(v_prioridad="Sodio",$J84,IF(ISNUMBER($Q84),$Q84,999999))))) -> 999999
A85: INTA-0077 | B85: Chuleta de cordero | C85: Carnes y Vísceras | D85: 2.3 | E85: declarado en la fuente | F85: 201 | G85: 18.8 | H85: 452 | I85: 75 | J85: 142 | K85: 201 | L85: 18.8 | M85: 21 | N85: =IF(NOT(ISNUMBER(H85)),"Sin dato",IF(H85<=INDEX(rng_umbrales,1,2),"Bajo",IF(H85<=INDEX(rng_umbrales,1,3),"Medio",IF(H85<=INDEX(rng_umbrales,1,4),"Alto","Muy alto")))) -> Muy alto | O85: =IF(NOT(ISNUMBER(I85)),"Sin dato",IF(I85<=INDEX(rng_umbrales,2,2),"Bajo",IF(I85<=INDEX(rng_umbrales,2,3),"Medio",IF(I85<=INDEX(rng_umbrales,2,4),"Alto","Muy alto")))) -> Medio | P85: =IF(NOT(ISNUMBER(J85)),"Sin dato",IF(J85<=INDEX(rng_umbrales,3,2),"Bajo",IF(J85<=INDEX(rng_umbrales,3,3),"Medio",IF(J85<=INDEX(rng_umbrales,3,4),"Alto","Muy alto")))) -> Alto | Q85: =IF(OR(NOT(ISNUMBER(G85)),NOT(ISNUMBER(I85))),"N/C",IF(G85<u_protMin,"N/C: no es fuente proteica",I85/G85)) -> 3.9893617 | R85: =IF(NOT(ISNUMBER(Q85)),"N/C",IF(Q85<=u_ppDes,"Deseable",IF(Q85<=u_ppAcep,"Aceptable","Alta"))) -> Deseable | S85: =IF(COUNT(F85:J85)=k_cobMin,"Utilizable","No utilizable") -> Utilizable | T85: =IF(S85<>"Utilizable","",C85&"|"&TEXT(IF(v_prioridad="Potasio",H85,IF(v_prioridad="Fósforo",I85,IF(v_prioridad="Sodio",J85,IF(ISNUMBER(Q85),Q85,99999)))),"000000.00")) -> Carnes y Vísceras|00.000.452 | U85: =IF(OR($S85<>"Utilizable",$C85<>SUSTITUCION!$C$13),999999,IF(v_prioridad="Potasio",$H85,IF(v_prioridad="Fósforo",$I85,IF(v_prioridad="Sodio",$J85,IF(ISNUMBER($Q85),$Q85,999999))))) -> 999999
A86: INTA-0078 | B86: Pulpa de cordero | C86: Carnes y Vísceras | D86: 2.3 | E86: declarado en la fuente | F86: 144 | G86: 20.4 | H86: 424 | I86: 125 | J86: 101 | K86: 144 | L86: 20.4 | M86: 25 | N86: =IF(NOT(ISNUMBER(H86)),"Sin dato",IF(H86<=INDEX(rng_umbrales,1,2),"Bajo",IF(H86<=INDEX(rng_umbrales,1,3),"Medio",IF(H86<=INDEX(rng_umbrales,1,4),"Alto","Muy alto")))) -> Muy alto | O86: =IF(NOT(ISNUMBER(I86)),"Sin dato",IF(I86<=INDEX(rng_umbrales,2,2),"Bajo",IF(I86<=INDEX(rng_umbrales,2,3),"Medio",IF(I86<=INDEX(rng_umbrales,2,4),"Alto","Muy alto")))) -> Alto | P86: =IF(NOT(ISNUMBER(J86)),"Sin dato",IF(J86<=INDEX(rng_umbrales,3,2),"Bajo",IF(J86<=INDEX(rng_umbrales,3,3),"Medio",IF(J86<=INDEX(rng_umbrales,3,4),"Alto","Muy alto")))) -> Medio | Q86: =IF(OR(NOT(ISNUMBER(G86)),NOT(ISNUMBER(I86))),"N/C",IF(G86<u_protMin,"N/C: no es fuente proteica",I86/G86)) -> 6.127451 | R86: =IF(NOT(ISNUMBER(Q86)),"N/C",IF(Q86<=u_ppDes,"Deseable",IF(Q86<=u_ppAcep,"Aceptable","Alta"))) -> Deseable | S86: =IF(COUNT(F86:J86)=k_cobMin,"Utilizable","No utilizable") -> Utilizable | T86: =IF(S86<>"Utilizable","",C86&"|"&TEXT(IF(v_prioridad="Potasio",H86,IF(v_prioridad="Fósforo",I86,IF(v_prioridad="Sodio",J86,IF(ISNUMBER(Q86),Q86,99999)))),"000000.00")) -> Carnes y Vísceras|00.000.424 | U86: =IF(OR($S86<>"Utilizable",$C86<>SUSTITUCION!$C$13),999999,IF(v_prioridad="Potasio",$H86,IF(v_prioridad="Fósforo",$I86,IF(v_prioridad="Sodio",$J86,IF(ISNUMBER($Q86),$Q86,999999))))) -> 999999
A87: INTA-0079 | B87: Conejo | C87: Carnes y Vísceras | D87: 2.3 | E87: declarado en la fuente | F87: 109 | G87: 19.4 | H87: 300 | I87: 206 | J87: 37 | K87: 109 | L87: 19.4 | M87: 15 | N87: =IF(NOT(ISNUMBER(H87)),"Sin dato",IF(H87<=INDEX(rng_umbrales,1,2),"Bajo",IF(H87<=INDEX(rng_umbrales,1,3),"Medio",IF(H87<=INDEX(rng_umbrales,1,4),"Alto","Muy alto")))) -> Alto | O87: =IF(NOT(ISNUMBER(I87)),"Sin dato",IF(I87<=INDEX(rng_umbrales,2,2),"Bajo",IF(I87<=INDEX(rng_umbrales,2,3),"Medio",IF(I87<=INDEX(rng_umbrales,2,4),"Alto","Muy alto")))) -> Muy alto | P87: =IF(NOT(ISNUMBER(J87)),"Sin dato",IF(J87<=INDEX(rng_umbrales,3,2),"Bajo",IF(J87<=INDEX(rng_umbrales,3,3),"Medio",IF(J87<=INDEX(rng_umbrales,3,4),"Alto","Muy alto")))) -> Bajo | Q87: =IF(OR(NOT(ISNUMBER(G87)),NOT(ISNUMBER(I87))),"N/C",IF(G87<u_protMin,"N/C: no es fuente proteica",I87/G87)) -> 10.618557 | R87: =IF(NOT(ISNUMBER(Q87)),"N/C",IF(Q87<=u_ppDes,"Deseable",IF(Q87<=u_ppAcep,"Aceptable","Alta"))) -> Deseable | S87: =IF(COUNT(F87:J87)=k_cobMin,"Utilizable","No utilizable") -> Utilizable | T87: =IF(S87<>"Utilizable","",C87&"|"&TEXT(IF(v_prioridad="Potasio",H87,IF(v_prioridad="Fósforo",I87,IF(v_prioridad="Sodio",J87,IF(ISNUMBER(Q87),Q87,99999)))),"000000.00")) -> Carnes y Vísceras|00.000.300 | U87: =IF(OR($S87<>"Utilizable",$C87<>SUSTITUCION!$C$13),999999,IF(v_prioridad="Potasio",$H87,IF(v_prioridad="Fósforo",$I87,IF(v_prioridad="Sodio",$J87,IF(ISNUMBER($Q87),$Q87,999999))))) -> 999999
A88: INTA-0080 | B88: Conejo 2 | C88: Carnes y Vísceras | D88: 2.3 | E88: declarado en la fuente | F88: 136 | G88: 20.1 | H88: 330 | I88: 213 | J88: 41 | K88: 136 | L88: 20.1 | M88: 13 | N88: =IF(NOT(ISNUMBER(H88)),"Sin dato",IF(H88<=INDEX(rng_umbrales,1,2),"Bajo",IF(H88<=INDEX(rng_umbrales,1,3),"Medio",IF(H88<=INDEX(rng_umbrales,1,4),"Alto","Muy alto")))) -> Muy alto | O88: =IF(NOT(ISNUMBER(I88)),"Sin dato",IF(I88<=INDEX(rng_umbrales,2,2),"Bajo",IF(I88<=INDEX(rng_umbrales,2,3),"Medio",IF(I88<=INDEX(rng_umbrales,2,4),"Alto","Muy alto")))) -> Muy alto | P88: =IF(NOT(ISNUMBER(J88)),"Sin dato",IF(J88<=INDEX(rng_umbrales,3,2),"Bajo",IF(J88<=INDEX(rng_umbrales,3,3),"Medio",IF(J88<=INDEX(rng_umbrales,3,4),"Alto","Muy alto")))) -> Medio | Q88: =IF(OR(NOT(ISNUMBER(G88)),NOT(ISNUMBER(I88))),"N/C",IF(G88<u_protMin,"N/C: no es fuente proteica",I88/G88)) -> 10.597015 | R88: =IF(NOT(ISNUMBER(Q88)),"N/C",IF(Q88<=u_ppDes,"Deseable",IF(Q88<=u_ppAcep,"Aceptable","Alta"))) -> Deseable | S88: =IF(COUNT(F88:J88)=k_cobMin,"Utilizable","No utilizable") -> Utilizable | T88: =IF(S88<>"Utilizable","",C88&"|"&TEXT(IF(v_prioridad="Potasio",H88,IF(v_prioridad="Fósforo",I88,IF(v_prioridad="Sodio",J88,IF(ISNUMBER(Q88),Q88,99999)))),"000000.00")) -> Carnes y Vísceras|00.000.330 | U88: =IF(OR($S88<>"Utilizable",$C88<>SUSTITUCION!$C$13),999999,IF(v_prioridad="Potasio",$H88,IF(v_prioridad="Fósforo",$I88,IF(v_prioridad="Sodio",$J88,IF(ISNUMBER($Q88),$Q88,999999))))) -> 999999
A89: INTA-0081 | B89: Conejo horneado | C89: Carnes y Vísceras | D89: 2.3 | E89: declarado en la fuente | F89: 197 | G89: 29.1 | H89: 383 | I89: 263 | J89: 47 | K89: 197 | L89: 29.1 | M89: 19 | N89: =IF(NOT(ISNUMBER(H89)),"Sin dato",IF(H89<=INDEX(rng_umbrales,1,2),"Bajo",IF(H89<=INDEX(rng_umbrales,1,3),"Medio",IF(H89<=INDEX(rng_umbrales,1,4),"Alto","Muy alto")))) -> Muy alto | O89: =IF(NOT(ISNUMBER(I89)),"Sin dato",IF(I89<=INDEX(rng_umbrales,2,2),"Bajo",IF(I89<=INDEX(rng_umbrales,2,3),"Medio",IF(I89<=INDEX(rng_umbrales,2,4),"Alto","Muy alto")))) -> Muy alto | P89: =IF(NOT(ISNUMBER(J89)),"Sin dato",IF(J89<=INDEX(rng_umbrales,3,2),"Bajo",IF(J89<=INDEX(rng_umbrales,3,3),"Medio",IF(J89<=INDEX(rng_umbrales,3,4),"Alto","Muy alto")))) -> Medio | Q89: =IF(OR(NOT(ISNUMBER(G89)),NOT(ISNUMBER(I89))),"N/C",IF(G89<u_protMin,"N/C: no es fuente proteica",I89/G89)) -> 9.0378007 | R89: =IF(NOT(ISNUMBER(Q89)),"N/C",IF(Q89<=u_ppDes,"Deseable",IF(Q89<=u_ppAcep,"Aceptable","Alta"))) -> Deseable | S89: =IF(COUNT(F89:J89)=k_cobMin,"Utilizable","No utilizable") -> Utilizable | T89: =IF(S89<>"Utilizable","",C89&"|"&TEXT(IF(v_prioridad="Potasio",H89,IF(v_prioridad="Fósforo",I89,IF(v_prioridad="Sodio",J89,IF(ISNUMBER(Q89),Q89,99999)))),"000000.00")) -> Carnes y Vísceras|00.000.383 | U89: =IF(OR($S89<>"Utilizable",$C89<>SUSTITUCION!$C$13),999999,IF(v_prioridad="Potasio",$H89,IF(v_prioridad="Fósforo",$I89,IF(v_prioridad="Sodio",$J89,IF(ISNUMBER($Q89),$Q89,999999))))) -> 999999
A90: INTA-0082 | B90: Filete | C90: Carnes y Vísceras | D90: 2.3 | E90: declarado en la fuente | F90: 124 | G90: 21.2 | H90: 347 | I90: 136 | J90: 180 | K90: 124 | L90: 21.2 | M90: 12 | N90: =IF(NOT(ISNUMBER(H90)),"Sin dato",IF(H90<=INDEX(rng_umbrales,1,2),"Bajo",IF(H90<=INDEX(rng_umbrales,1,3),"Medio",IF(H90<=INDEX(rng_umbrales,1,4),"Alto","Muy alto")))) -> Muy alto | O90: =IF(NOT(ISNUMBER(I90)),"Sin dato",IF(I90<=INDEX(rng_umbrales,2,2),"Bajo",IF(I90<=INDEX(rng_umbrales,2,3),"Medio",IF(I90<=INDEX(rng_umbrales,2,4),"Alto","Muy alto")))) -> Alto | P90: =IF(NOT(ISNUMBER(J90)),"Sin dato",IF(J90<=INDEX(rng_umbrales,3,2),"Bajo",IF(J90<=INDEX(rng_umbrales,3,3),"Medio",IF(J90<=INDEX(rng_umbrales,3,4),"Alto","Muy alto")))) -> Alto | Q90: =IF(OR(NOT(ISNUMBER(G90)),NOT(ISNUMBER(I90))),"N/C",IF(G90<u_protMin,"N/C: no es fuente proteica",I90/G90)) -> 6.4150943 | R90: =IF(NOT(ISNUMBER(Q90)),"N/C",IF(Q90<=u_ppDes,"Deseable",IF(Q90<=u_ppAcep,"Aceptable","Alta"))) -> Deseable | S90: =IF(COUNT(F90:J90)=k_cobMin,"Utilizable","No utilizable") -> Utilizable | T90: =IF(S90<>"Utilizable","",C90&"|"&TEXT(IF(v_prioridad="Potasio",H90,IF(v_prioridad="Fósforo",I90,IF(v_prioridad="Sodio",J90,IF(ISNUMBER(Q90),Q90,99999)))),"000000.00")) -> Carnes y Vísceras|00.000.347 | U90: =IF(OR($S90<>"Utilizable",$C90<>SUSTITUCION!$C$13),999999,IF(v_prioridad="Potasio",$H90,IF(v_prioridad="Fósforo",$I90,IF(v_prioridad="Sodio",$J90,IF(ISNUMBER($Q90),$Q90,999999))))) -> 999999
A91: INTA-0083 | B91: Guachalomo | C91: Carnes y Vísceras | D91: 2.3 | E91: declarado en la fuente | F91: 128 | G91: 23.2 | H91: 515 | I91: 135 | J91: 107 | K91: 128 | L91: 23.2 | M91: 9 | N91: =IF(NOT(ISNUMBER(H91)),"Sin dato",IF(H91<=INDEX(rng_umbrales,1,2),"Bajo",IF(H91<=INDEX(rng_umbrales,1,3),"Medio",IF(H91<=INDEX(rng_umbrales,1,4),"Alto","Muy alto")))) -> Muy alto | O91: =IF(NOT(ISNUMBER(I91)),"Sin dato",IF(I91<=INDEX(rng_umbrales,2,2),"Bajo",IF(I91<=INDEX(rng_umbrales,2,3),"Medio",IF(I91<=INDEX(rng_umbrales,2,4),"Alto","Muy alto")))) -> Alto | P91: =IF(NOT(ISNUMBER(J91)),"Sin dato",IF(J91<=INDEX(rng_umbrales,3,2),"Bajo",IF(J91<=INDEX(rng_umbrales,3,3),"Medio",IF(J91<=INDEX(rng_umbrales,3,4),"Alto","Muy alto")))) -> Medio | Q91: =IF(OR(NOT(ISNUMBER(G91)),NOT(ISNUMBER(I91))),"N/C",IF(G91<u_protMin,"N/C: no es fuente proteica",I91/G91)) -> 5.8189655 | R91: =IF(NOT(ISNUMBER(Q91)),"N/C",IF(Q91<=u_ppDes,"Deseable",IF(Q91<=u_ppAcep,"Aceptable","Alta"))) -> Deseable | S91: =IF(COUNT(F91:J91)=k_cobMin,"Utilizable","No utilizable") -> Utilizable | T91: =IF(S91<>"Utilizable","",C91&"|"&TEXT(IF(v_prioridad="Potasio",H91,IF(v_prioridad="Fósforo",I91,IF(v_prioridad="Sodio",J91,IF(ISNUMBER(Q91),Q91,99999)))),"000000.00")) -> Carnes y Vísceras|00.000.515 | U91: =IF(OR($S91<>"Utilizable",$C91<>SUSTITUCION!$C$13),999999,IF(v_prioridad="Potasio",$H91,IF(v_prioridad="Fósforo",$I91,IF(v_prioridad="Sodio",$J91,IF(ISNUMBER($Q91),$Q91,999999))))) -> 999999
A92: INTA-0084 | B92: Lomo centro marinado | C92: Carnes y Vísceras | D92: 2.3 | E92: declarado en la fuente | F92: 116 | G92: 20.4 | H92: s/i | I92: s/i | J92: 202 | K92: 116 | L92: 20.4 | M92: s/i | N92: =IF(NOT(ISNUMBER(H92)),"Sin dato",IF(H92<=INDEX(rng_umbrales,1,2),"Bajo",IF(H92<=INDEX(rng_umbrales,1,3),"Medio",IF(H92<=INDEX(rng_umbrales,1,4),"Alto","Muy alto")))) -> Sin dato | O92: =IF(NOT(ISNUMBER(I92)),"Sin dato",IF(I92<=INDEX(rng_umbrales,2,2),"Bajo",IF(I92<=INDEX(rng_umbrales,2,3),"Medio",IF(I92<=INDEX(rng_umbrales,2,4),"Alto","Muy alto")))) -> Sin dato | P92: =IF(NOT(ISNUMBER(J92)),"Sin dato",IF(J92<=INDEX(rng_umbrales,3,2),"Bajo",IF(J92<=INDEX(rng_umbrales,3,3),"Medio",IF(J92<=INDEX(rng_umbrales,3,4),"Alto","Muy alto")))) -> Alto | Q92: =IF(OR(NOT(ISNUMBER(G92)),NOT(ISNUMBER(I92))),"N/C",IF(G92<u_protMin,"N/C: no es fuente proteica",I92/G92)) -> N/C | R92: =IF(NOT(ISNUMBER(Q92)),"N/C",IF(Q92<=u_ppDes,"Deseable",IF(Q92<=u_ppAcep,"Aceptable","Alta"))) -> N/C | S92: =IF(COUNT(F92:J92)=k_cobMin,"Utilizable","No utilizable") -> No utilizable | T92: =IF(S92<>"Utilizable","",C92&"|"&TEXT(IF(v_prioridad="Potasio",H92,IF(v_prioridad="Fósforo",I92,IF(v_prioridad="Sodio",J92,IF(ISNUMBER(Q92),Q92,99999)))),"000000.00")) | U92: =IF(OR($S92<>"Utilizable",$C92<>SUSTITUCION!$C$13),999999,IF(v_prioridad="Potasio",$H92,IF(v_prioridad="Fósforo",$I92,IF(v_prioridad="Sodio",$J92,IF(ISNUMBER($Q92),$Q92,999999))))) -> 999999
A93: INTA-0085 | B93: Lomo liso | C93: Carnes y Vísceras | D93: 2.3 | E93: declarado en la fuente | F93: 145 | G93: 23 | H93: 523 | I93: 103 | J93: 73 | K93: 145 | L93: 23 | M93: 10 | N93: =IF(NOT(ISNUMBER(H93)),"Sin dato",IF(H93<=INDEX(rng_umbrales,1,2),"Bajo",IF(H93<=INDEX(rng_umbrales,1,3),"Medio",IF(H93<=INDEX(rng_umbrales,1,4),"Alto","Muy alto")))) -> Muy alto | O93: =IF(NOT(ISNUMBER(I93)),"Sin dato",IF(I93<=INDEX(rng_umbrales,2,2),"Bajo",IF(I93<=INDEX(rng_umbrales,2,3),"Medio",IF(I93<=INDEX(rng_umbrales,2,4),"Alto","Muy alto")))) -> Alto | P93: =IF(NOT(ISNUMBER(J93)),"Sin dato",IF(J93<=INDEX(rng_umbrales,3,2),"Bajo",IF(J93<=INDEX(rng_umbrales,3,3),"Medio",IF(J93<=INDEX(rng_umbrales,3,4),"Alto","Muy alto")))) -> Medio | Q93: =IF(OR(NOT(ISNUMBER(G93)),NOT(ISNUMBER(I93))),"N/C",IF(G93<u_protMin,"N/C: no es fuente proteica",I93/G93)) -> 4.4782609 | R93: =IF(NOT(ISNUMBER(Q93)),"N/C",IF(Q93<=u_ppDes,"Deseable",IF(Q93<=u_ppAcep,"Aceptable","Alta"))) -> Deseable | S93: =IF(COUNT(F93:J93)=k_cobMin,"Utilizable","No utilizable") -> Utilizable | T93: =IF(S93<>"Utilizable","",C93&"|"&TEXT(IF(v_prioridad="Potasio",H93,IF(v_prioridad="Fósforo",I93,IF(v_prioridad="Sodio",J93,IF(ISNUMBER(Q93),Q93,99999)))),"000000.00")) -> Carnes y Vísceras|00.000.523 | U93: =IF(OR($S93<>"Utilizable",$C93<>SUSTITUCION!$C$13),999999,IF(v_prioridad="Potasio",$H93,IF(v_prioridad="Fósforo",$I93,IF(v_prioridad="Sodio",$J93,IF(ISNUMBER($Q93),$Q93,999999))))) -> 999999
A94: INTA-0086 | B94: Lomo vetado | C94: Carnes y Vísceras | D94: 2.3 | E94: declarado en la fuente | F94: 137 | G94: 21.8 | H94: 501 | I94: 95 | J94: 75 | K94: 137 | L94: 21.8 | M94: 9 | N94: =IF(NOT(ISNUMBER(H94)),"Sin dato",IF(H94<=INDEX(rng_umbrales,1,2),"Bajo",IF(H94<=INDEX(rng_umbrales,1,3),"Medio",IF(H94<=INDEX(rng_umbrales,1,4),"Alto","Muy alto")))) -> Muy alto | O94: =IF(NOT(ISNUMBER(I94)),"Sin dato",IF(I94<=INDEX(rng_umbrales,2,2),"Bajo",IF(I94<=INDEX(rng_umbrales,2,3),"Medio",IF(I94<=INDEX(rng_umbrales,2,4),"Alto","Muy alto")))) -> Medio | P94: =IF(NOT(ISNUMBER(J94)),"Sin dato",IF(J94<=INDEX(rng_umbrales,3,2),"Bajo",IF(J94<=INDEX(rng_umbrales,3,3),"Medio",IF(J94<=INDEX(rng_umbrales,3,4),"Alto","Muy alto")))) -> Medio | Q94: =IF(OR(NOT(ISNUMBER(G94)),NOT(ISNUMBER(I94))),"N/C",IF(G94<u_protMin,"N/C: no es fuente proteica",I94/G94)) -> 4.3577982 | R94: =IF(NOT(ISNUMBER(Q94)),"N/C",IF(Q94<=u_ppDes,"Deseable",IF(Q94<=u_ppAcep,"Aceptable","Alta"))) -> Deseable | S94: =IF(COUNT(F94:J94)=k_cobMin,"Utilizable","No utilizable") -> Utilizable | T94: =IF(S94<>"Utilizable","",C94&"|"&TEXT(IF(v_prioridad="Potasio",H94,IF(v_prioridad="Fósforo",I94,IF(v_prioridad="Sodio",J94,IF(ISNUMBER(Q94),Q94,99999)))),"000000.00")) -> Carnes y Vísceras|00.000.501 | U94: =IF(OR($S94<>"Utilizable",$C94<>SUSTITUCION!$C$13),999999,IF(v_prioridad="Potasio",$H94,IF(v_prioridad="Fósforo",$I94,IF(v_prioridad="Sodio",$J94,IF(ISNUMBER($Q94),$Q94,999999))))) -> 999999
A95: INTA-0087 | B95: Asiento picana | C95: Carnes y Vísceras | D95: 2.3 | E95: declarado en la fuente | F95: 123 | G95: 21.4 | H95: 548 | I95: 135 | J95: 73 | K95: 123 | L95: 21.4 | M95: 11 | N95: =IF(NOT(ISNUMBER(H95)),"Sin dato",IF(H95<=INDEX(rng_umbrales,1,2),"Bajo",IF(H95<=INDEX(rng_umbrales,1,3),"Medio",IF(H95<=INDEX(rng_umbrales,1,4),"Alto","Muy alto")))) -> Muy alto | O95: =IF(NOT(ISNUMBER(I95)),"Sin dato",IF(I95<=INDEX(rng_umbrales,2,2),"Bajo",IF(I95<=INDEX(rng_umbrales,2,3),"Medio",IF(I95<=INDEX(rng_umbrales,2,4),"Alto","Muy alto")))) -> Alto | P95: =IF(NOT(ISNUMBER(J95)),"Sin dato",IF(J95<=INDEX(rng_umbrales,3,2),"Bajo",IF(J95<=INDEX(rng_umbrales,3,3),"Medio",IF(J95<=INDEX(rng_umbrales,3,4),"Alto","Muy alto")))) -> Medio | Q95: =IF(OR(NOT(ISNUMBER(G95)),NOT(ISNUMBER(I95))),"N/C",IF(G95<u_protMin,"N/C: no es fuente proteica",I95/G95)) -> 6.3084112 | R95: =IF(NOT(ISNUMBER(Q95)),"N/C",IF(Q95<=u_ppDes,"Deseable",IF(Q95<=u_ppAcep,"Aceptable","Alta"))) -> Deseable | S95: =IF(COUNT(F95:J95)=k_cobMin,"Utilizable","No utilizable") -> Utilizable | T95: =IF(S95<>"Utilizable","",C95&"|"&TEXT(IF(v_prioridad="Potasio",H95,IF(v_prioridad="Fósforo",I95,IF(v_prioridad="Sodio",J95,IF(ISNUMBER(Q95),Q95,99999)))),"000000.00")) -> Carnes y Vísceras|00.000.548 | U95: =IF(OR($S95<>"Utilizable",$C95<>SUSTITUCION!$C$13),999999,IF(v_prioridad="Potasio",$H95,IF(v_prioridad="Fósforo",$I95,IF(v_prioridad="Sodio",$J95,IF(ISNUMBER($Q95),$Q95,999999))))) -> 999999
A96: INTA-0088 | B96: Plateada | C96: Carnes y Vísceras | D96: 2.3 | E96: declarado en la fuente | F96: 134 | G96: 20.3 | H96: 537 | I96: 77 | J96: 76 | K96: 134 | L96: 20.3 | M96: 11 | N96: =IF(NOT(ISNUMBER(H96)),"Sin dato",IF(H96<=INDEX(rng_umbrales,1,2),"Bajo",IF(H96<=INDEX(rng_umbrales,1,3),"Medio",IF(H96<=INDEX(rng_umbrales,1,4),"Alto","Muy alto")))) -> Muy alto | O96: =IF(NOT(ISNUMBER(I96)),"Sin dato",IF(I96<=INDEX(rng_umbrales,2,2),"Bajo",IF(I96<=INDEX(rng_umbrales,2,3),"Medio",IF(I96<=INDEX(rng_umbrales,2,4),"Alto","Muy alto")))) -> Medio | P96: =IF(NOT(ISNUMBER(J96)),"Sin dato",IF(J96<=INDEX(rng_umbrales,3,2),"Bajo",IF(J96<=INDEX(rng_umbrales,3,3),"Medio",IF(J96<=INDEX(rng_umbrales,3,4),"Alto","Muy alto")))) -> Medio | Q96: =IF(OR(NOT(ISNUMBER(G96)),NOT(ISNUMBER(I96))),"N/C",IF(G96<u_protMin,"N/C: no es fuente proteica",I96/G96)) -> 3.7931034 | R96: =IF(NOT(ISNUMBER(Q96)),"N/C",IF(Q96<=u_ppDes,"Deseable",IF(Q96<=u_ppAcep,"Aceptable","Alta"))) -> Deseable | S96: =IF(COUNT(F96:J96)=k_cobMin,"Utilizable","No utilizable") -> Utilizable | T96: =IF(S96<>"Utilizable","",C96&"|"&TEXT(IF(v_prioridad="Potasio",H96,IF(v_prioridad="Fósforo",I96,IF(v_prioridad="Sodio",J96,IF(ISNUMBER(Q96),Q96,99999)))),"000000.00")) -> Carnes y Vísceras|00.000.537 | U96: =IF(OR($S96<>"Utilizable",$C96<>SUSTITUCION!$C$13),999999,IF(v_prioridad="Potasio",$H96,IF(v_prioridad="Fósforo",$I96,IF(v_prioridad="Sodio",$J96,IF(ISNUMBER($Q96),$Q96,999999))))) -> 999999
A97: INTA-0089 | B97: Pollo ganso | C97: Carnes y Vísceras | D97: 2.3 | E97: declarado en la fuente | F97: 116 | G97: 22.2 | H97: 537 | I97: 108 | J97: 76 | K97: 116 | L97: 22.2 | M97: 10 | N97: =IF(NOT(ISNUMBER(H97)),"Sin dato",IF(H97<=INDEX(rng_umbrales,1,2),"Bajo",IF(H97<=INDEX(rng_umbrales,1,3),"Medio",IF(H97<=INDEX(rng_umbrales,1,4),"Alto","Muy alto")))) -> Muy alto | O97: =IF(NOT(ISNUMBER(I97)),"Sin dato",IF(I97<=INDEX(rng_umbrales,2,2),"Bajo",IF(I97<=INDEX(rng_umbrales,2,3),"Medio",IF(I97<=INDEX(rng_umbrales,2,4),"Alto","Muy alto")))) -> Alto | P97: =IF(NOT(ISNUMBER(J97)),"Sin dato",IF(J97<=INDEX(rng_umbrales,3,2),"Bajo",IF(J97<=INDEX(rng_umbrales,3,3),"Medio",IF(J97<=INDEX(rng_umbrales,3,4),"Alto","Muy alto")))) -> Medio | Q97: =IF(OR(NOT(ISNUMBER(G97)),NOT(ISNUMBER(I97))),"N/C",IF(G97<u_protMin,"N/C: no es fuente proteica",I97/G97)) -> 4.8648649 | R97: =IF(NOT(ISNUMBER(Q97)),"N/C",IF(Q97<=u_ppDes,"Deseable",IF(Q97<=u_ppAcep,"Aceptable","Alta"))) -> Deseable | S97: =IF(COUNT(F97:J97)=k_cobMin,"Utilizable","No utilizable") -> Utilizable | T97: =IF(S97<>"Utilizable","",C97&"|"&TEXT(IF(v_prioridad="Potasio",H97,IF(v_prioridad="Fósforo",I97,IF(v_prioridad="Sodio",J97,IF(ISNUMBER(Q97),Q97,99999)))),"000000.00")) -> Carnes y Vísceras|00.000.537 | U97: =IF(OR($S97<>"Utilizable",$C97<>SUSTITUCION!$C$13),999999,IF(v_prioridad="Potasio",$H97,IF(v_prioridad="Fósforo",$I97,IF(v_prioridad="Sodio",$J97,IF(ISNUMBER($Q97),$Q97,999999))))) -> 999999
A98: INTA-0090 | B98: Posta negra | C98: Carnes y Vísceras | D98: 2.3 | E98: declarado en la fuente | F98: 130 | G98: 23.6 | H98: 523 | I98: 105 | J98: 86 | K98: 130 | L98: 23.6 | M98: 11 | N98: =IF(NOT(ISNUMBER(H98)),"Sin dato",IF(H98<=INDEX(rng_umbrales,1,2),"Bajo",IF(H98<=INDEX(rng_umbrales,1,3),"Medio",IF(H98<=INDEX(rng_umbrales,1,4),"Alto","Muy alto")))) -> Muy alto | O98: =IF(NOT(ISNUMBER(I98)),"Sin dato",IF(I98<=INDEX(rng_umbrales,2,2),"Bajo",IF(I98<=INDEX(rng_umbrales,2,3),"Medio",IF(I98<=INDEX(rng_umbrales,2,4),"Alto","Muy alto")))) -> Alto | P98: =IF(NOT(ISNUMBER(J98)),"Sin dato",IF(J98<=INDEX(rng_umbrales,3,2),"Bajo",IF(J98<=INDEX(rng_umbrales,3,3),"Medio",IF(J98<=INDEX(rng_umbrales,3,4),"Alto","Muy alto")))) -> Medio | Q98: =IF(OR(NOT(ISNUMBER(G98)),NOT(ISNUMBER(I98))),"N/C",IF(G98<u_protMin,"N/C: no es fuente proteica",I98/G98)) -> 4.4491525 | R98: =IF(NOT(ISNUMBER(Q98)),"N/C",IF(Q98<=u_ppDes,"Deseable",IF(Q98<=u_ppAcep,"Aceptable","Alta"))) -> Deseable | S98: =IF(COUNT(F98:J98)=k_cobMin,"Utilizable","No utilizable") -> Utilizable | T98: =IF(S98<>"Utilizable","",C98&"|"&TEXT(IF(v_prioridad="Potasio",H98,IF(v_prioridad="Fósforo",I98,IF(v_prioridad="Sodio",J98,IF(ISNUMBER(Q98),Q98,99999)))),"000000.00")) -> Carnes y Vísceras|00.000.523 | U98: =IF(OR($S98<>"Utilizable",$C98<>SUSTITUCION!$C$13),999999,IF(v_prioridad="Potasio",$H98,IF(v_prioridad="Fósforo",$I98,IF(v_prioridad="Sodio",$J98,IF(ISNUMBER($Q98),$Q98,999999))))) -> 999999
A99: INTA-0091 | B99: Posta rosada | C99: Carnes y Vísceras | D99: 2.3 | E99: declarado en la fuente | F99: 127 | G99: 21.2 | H99: 496 | I99: 115 | J99: 92 | K99: 127 | L99: 21.2 | M99: 10 | N99: =IF(NOT(ISNUMBER(H99)),"Sin dato",IF(H99<=INDEX(rng_umbrales,1,2),"Bajo",IF(H99<=INDEX(rng_umbrales,1,3),"Medio",IF(H99<=INDEX(rng_umbrales,1,4),"Alto","Muy alto")))) -> Muy alto | O99: =IF(NOT(ISNUMBER(I99)),"Sin dato",IF(I99<=INDEX(rng_umbrales,2,2),"Bajo",IF(I99<=INDEX(rng_umbrales,2,3),"Medio",IF(I99<=INDEX(rng_umbrales,2,4),"Alto","Muy alto")))) -> Alto | P99: =IF(NOT(ISNUMBER(J99)),"Sin dato",IF(J99<=INDEX(rng_umbrales,3,2),"Bajo",IF(J99<=INDEX(rng_umbrales,3,3),"Medio",IF(J99<=INDEX(rng_umbrales,3,4),"Alto","Muy alto")))) -> Medio | Q99: =IF(OR(NOT(ISNUMBER(G99)),NOT(ISNUMBER(I99))),"N/C",IF(G99<u_protMin,"N/C: no es fuente proteica",I99/G99)) -> 5.4245283 | R99: =IF(NOT(ISNUMBER(Q99)),"N/C",IF(Q99<=u_ppDes,"Deseable",IF(Q99<=u_ppAcep,"Aceptable","Alta"))) -> Deseable | S99: =IF(COUNT(F99:J99)=k_cobMin,"Utilizable","No utilizable") -> Utilizable | T99: =IF(S99<>"Utilizable","",C99&"|"&TEXT(IF(v_prioridad="Potasio",H99,IF(v_prioridad="Fósforo",I99,IF(v_prioridad="Sodio",J99,IF(ISNUMBER(Q99),Q99,99999)))),"000000.00")) -> Carnes y Vísceras|00.000.496 | U99: =IF(OR($S99<>"Utilizable",$C99<>SUSTITUCION!$C$13),999999,IF(v_prioridad="Potasio",$H99,IF(v_prioridad="Fósforo",$I99,IF(v_prioridad="Sodio",$J99,IF(ISNUMBER($Q99),$Q99,999999))))) -> 999999
A100: INTA-0092 | B100: Cazuela de vacuno | C100: Carnes y Vísceras | D100: 2.3 | E100: declarado en la fuente | F100: 145 | G100: 22.3 | H100: 546 | I100: 144 | J100: 129 | K100: 145 | L100: 22.3 | M100: 40 | N100: =IF(NOT(ISNUMBER(H100)),"Sin dato",IF(H100<=INDEX(rng_umbrales,1,2),"Bajo",IF(H100<=INDEX(rng_umbrales,1,3),"Medio",IF(H100<=INDEX(rng_umbrales,1,4),"Alto","Muy alto")))) -> Muy alto | O100: =IF(NOT(ISNUMBER(I100)),"Sin dato",IF(I100<=INDEX(rng_umbrales,2,2),"Bajo",IF(I100<=INDEX(rng_umbrales,2,3),"Medio",IF(I100<=INDEX(rng_umbrales,2,4),"Alto","Muy alto")))) -> Alto | P100: =IF(NOT(ISNUMBER(J100)),"Sin dato",IF(J100<=INDEX(rng_umbrales,3,2),"Bajo",IF(J100<=INDEX(rng_umbrales,3,3),"Medio",IF(J100<=INDEX(rng_umbrales,3,4),"Alto","Muy alto")))) -> Alto | Q100: =IF(OR(NOT(ISNUMBER(G100)),NOT(ISNUMBER(I100))),"N/C",IF(G100<u_protMin,"N/C: no es fuente proteica",I100/G100)) -> 6.4573991 | R100: =IF(NOT(ISNUMBER(Q100)),"N/C",IF(Q100<=u_ppDes,"Deseable",IF(Q100<=u_ppAcep,"Aceptable","Alta"))) -> Deseable | S100: =IF(COUNT(F100:J100)=k_cobMin,"Utilizable","No utilizable") -> Utilizable | T100: =IF(S100<>"Utilizable","",C100&"|"&TEXT(IF(v_prioridad="Potasio",H100,IF(v_prioridad="Fósforo",I100,IF(v_prioridad="Sodio",J100,IF(ISNUMBER(Q100),Q100,99999)))),"000000.00")) -> Carnes y Vísceras|00.000.546 | U100: =IF(OR($S100<>"Utilizable",$C100<>SUSTITUCION!$C$13),999999,IF(v_prioridad="Potasio",$H100,IF(v_prioridad="Fósforo",$I100,IF(v_prioridad="Sodio",$J100,IF(ISNUMBER($Q100),$Q100,999999))))) -> 999999
A101: INTA-0093 | B101: Carne vacuno | C101: Carnes y Vísceras | D101: 2.3 | E101: declarado en la fuente | F101: 138 | G101: 23.6 | H101: 523 | I101: 105 | J101: 86 | K101: 138 | L101: 23.6 | M101: 11 | N101: =IF(NOT(ISNUMBER(H101)),"Sin dato",IF(H101<=INDEX(rng_umbrales,1,2),"Bajo",IF(H101<=INDEX(rng_umbrales,1,3),"Medio",IF(H101<=INDEX(rng_umbrales,1,4),"Alto","Muy alto")))) -> Muy alto | O101: =IF(NOT(ISNUMBER(I101)),"Sin dato",IF(I101<=INDEX(rng_umbrales,2,2),"Bajo",IF(I101<=INDEX(rng_umbrales,2,3),"Medio",IF(I101<=INDEX(rng_umbrales,2,4),"Alto","Muy alto")))) -> Alto | P101: =IF(NOT(ISNUMBER(J101)),"Sin dato",IF(J101<=INDEX(rng_umbrales,3,2),"Bajo",IF(J101<=INDEX(rng_umbrales,3,3),"Medio",IF(J101<=INDEX(rng_umbrales,3,4),"Alto","Muy alto")))) -> Medio | Q101: =IF(OR(NOT(ISNUMBER(G101)),NOT(ISNUMBER(I101))),"N/C",IF(G101<u_protMin,"N/C: no es fuente proteica",I101/G101)) -> 4.4491525 | R101: =IF(NOT(ISNUMBER(Q101)),"N/C",IF(Q101<=u_ppDes,"Deseable",IF(Q101<=u_ppAcep,"Aceptable","Alta"))) -> Deseable | S101: =IF(COUNT(F101:J101)=k_cobMin,"Utilizable","No utilizable") -> Utilizable | T101: =IF(S101<>"Utilizable","",C101&"|"&TEXT(IF(v_prioridad="Potasio",H101,IF(v_prioridad="Fósforo",I101,IF(v_prioridad="Sodio",J101,IF(ISNUMBER(Q101),Q101,99999)))),"000000.00")) -> Carnes y Vísceras|00.000.523 | U101: =IF(OR($S101<>"Utilizable",$C101<>SUSTITUCION!$C$13),999999,IF(v_prioridad="Potasio",$H101,IF(v_prioridad="Fósforo",$I101,IF(v_prioridad="Sodio",$J101,IF(ISNUMBER($Q101),$Q101,999999))))) -> 999999
A102: INTA-0094 | B102: Carne vacuno 5% MG | C102: Carnes y Vísceras | D102: 2.3 | E102: declarado en la fuente | F102: 174 | G102: 27.3 | H102: 315 | I102: 199 | J102: 58 | K102: 174 | L102: 27.3 | M102: 8 | N102: =IF(NOT(ISNUMBER(H102)),"Sin dato",IF(H102<=INDEX(rng_umbrales,1,2),"Bajo",IF(H102<=INDEX(rng_umbrales,1,3),"Medio",IF(H102<=INDEX(rng_umbrales,1,4),"Alto","Muy alto")))) -> Muy alto | O102: =IF(NOT(ISNUMBER(I102)),"Sin dato",IF(I102<=INDEX(rng_umbrales,2,2),"Bajo",IF(I102<=INDEX(rng_umbrales,2,3),"Medio",IF(I102<=INDEX(rng_umbrales,2,4),"Alto","Muy alto")))) -> Muy alto | P102: =IF(NOT(ISNUMBER(J102)),"Sin dato",IF(J102<=INDEX(rng_umbrales,3,2),"Bajo",IF(J102<=INDEX(rng_umbrales,3,3),"Medio",IF(J102<=INDEX(rng_umbrales,3,4),"Alto","Muy alto")))) -> Medio | Q102: =IF(OR(NOT(ISNUMBER(G102)),NOT(ISNUMBER(I102))),"N/C",IF(G102<u_protMin,"N/C: no es fuente proteica",I102/G102)) -> 7.2893773 | R102: =IF(NOT(ISNUMBER(Q102)),"N/C",IF(Q102<=u_ppDes,"Deseable",IF(Q102<=u_ppAcep,"Aceptable","Alta"))) -> Deseable | S102: =IF(COUNT(F102:J102)=k_cobMin,"Utilizable","No utilizable") -> Utilizable | T102: =IF(S102<>"Utilizable","",C102&"|"&TEXT(IF(v_prioridad="Potasio",H102,IF(v_prioridad="Fósforo",I102,IF(v_prioridad="Sodio",J102,IF(ISNUMBER(Q102),Q102,99999)))),"000000.00")) -> Carnes y Vísceras|00.000.315 | U102: =IF(OR($S102<>"Utilizable",$C102<>SUSTITUCION!$C$13),999999,IF(v_prioridad="Potasio",$H102,IF(v_prioridad="Fósforo",$I102,IF(v_prioridad="Sodio",$J102,IF(ISNUMBER($Q102),$Q102,999999))))) -> 999999
A103: INTA-0095 | B103: Carne vacuno 10% MG | C103: Carnes y Vísceras | D103: 2.3 | E103: declarado en la fuente | F103: 176 | G103: 20 | H103: 321 | I103: 184 | J103: 66 | K103: 176 | L103: 20 | M103: 12 | N103: =IF(NOT(ISNUMBER(H103)),"Sin dato",IF(H103<=INDEX(rng_umbrales,1,2),"Bajo",IF(H103<=INDEX(rng_umbrales,1,3),"Medio",IF(H103<=INDEX(rng_umbrales,1,4),"Alto","Muy alto")))) -> Muy alto | O103: =IF(NOT(ISNUMBER(I103)),"Sin dato",IF(I103<=INDEX(rng_umbrales,2,2),"Bajo",IF(I103<=INDEX(rng_umbrales,2,3),"Medio",IF(I103<=INDEX(rng_umbrales,2,4),"Alto","Muy alto")))) -> Muy alto | P103: =IF(NOT(ISNUMBER(J103)),"Sin dato",IF(J103<=INDEX(rng_umbrales,3,2),"Bajo",IF(J103<=INDEX(rng_umbrales,3,3),"Medio",IF(J103<=INDEX(rng_umbrales,3,4),"Alto","Muy alto")))) -> Medio | Q103: =IF(OR(NOT(ISNUMBER(G103)),NOT(ISNUMBER(I103))),"N/C",IF(G103<u_protMin,"N/C: no es fuente proteica",I103/G103)) -> 9.2 | R103: =IF(NOT(ISNUMBER(Q103)),"N/C",IF(Q103<=u_ppDes,"Deseable",IF(Q103<=u_ppAcep,"Aceptable","Alta"))) -> Deseable | S103: =IF(COUNT(F103:J103)=k_cobMin,"Utilizable","No utilizable") -> Utilizable | T103: =IF(S103<>"Utilizable","",C103&"|"&TEXT(IF(v_prioridad="Potasio",H103,IF(v_prioridad="Fósforo",I103,IF(v_prioridad="Sodio",J103,IF(ISNUMBER(Q103),Q103,99999)))),"000000.00")) -> Carnes y Vísceras|00.000.321 | U103: =IF(OR($S103<>"Utilizable",$C103<>SUSTITUCION!$C$13),999999,IF(v_prioridad="Potasio",$H103,IF(v_prioridad="Fósforo",$I103,IF(v_prioridad="Sodio",$J103,IF(ISNUMBER($Q103),$Q103,999999))))) -> 999999
...

Sheet EXPLORADOR
A1: NUTRIMETRÍA · NMX-42
A2: Consulta de alimentos · contenido renal por 100 gramos
A4: =HYPERLINK("#INICIO!A1","▶ VOLVER A INICIO") -> ▶ VOLVER A INICIO
A6: Estado de la revisión clínica | C6: =v_revision -> REVISIÓN PENDIENTE · faltan 5 punto(s). Este explorador NO debe usarse para orientar a un paciente mientras la revisión no esté completa.
A8: CONSULTA DE ALIMENTOS
A9: Elija hasta diez alimentos y compare su contenido. La porción es editable: el libro escala los valores.
A10: Nº | B10: Alimento | C10: Gramos | D10: Estado del dato | E10: Energía (kcal) | F10: Proteínas (g) | G10: Potasio (mg) | H10: Fósforo (mg) | I10: Sodio (mg) | J10: Nivel K | K10: Nivel P | L10: Nivel Na | M10: P/proteína | N10: Alerta
A11: 1 | B11: Papa cocida | C11: 150 | D11: =IF($B11="","",IF(COUNTIF(lst_alimentos,$B11)=0,"ND: fuera de la base",INDEX(rng_estado,MATCH($B11,lst_alimentos,0)))) -> Utilizable | E11: =IF(OR($B11="",$D11<>"Utilizable",NOT(ISNUMBER($C11))),"",IF(NOT(ISNUMBER(INDEX(rng_kcal,MATCH($B11,lst_alimentos,0)))),"ND",INDEX(rng_kcal,MATCH($B11,lst_alimentos,0))*$C11/100)) -> 133.5 | F11: =IF(OR($B11="",$D11<>"Utilizable",NOT(ISNUMBER($C11))),"",IF(NOT(ISNUMBER(INDEX(rng_prot,MATCH($B11,lst_alimentos,0)))),"ND",INDEX(rng_prot,MATCH($B11,lst_alimentos,0))*$C11/100)) -> 3.45 | G11: =IF(OR($B11="",$D11<>"Utilizable",NOT(ISNUMBER($C11))),"",IF(NOT(ISNUMBER(INDEX(rng_K,MATCH($B11,lst_alimentos,0)))),"ND",INDEX(rng_K,MATCH($B11,lst_alimentos,0))*$C11/100)) -> 817.5 | H11: =IF(OR($B11="",$D11<>"Utilizable",NOT(ISNUMBER($C11))),"",IF(NOT(ISNUMBER(INDEX(rng_P,MATCH($B11,lst_alimentos,0)))),"ND",INDEX(rng_P,MATCH($B11,lst_alimentos,0))*$C11/100)) -> 108 | I11: =IF(OR($B11="",$D11<>"Utilizable",NOT(ISNUMBER($C11))),"",IF(NOT(ISNUMBER(INDEX(rng_Na,MATCH($B11,lst_alimentos,0)))),"ND",INDEX(rng_Na,MATCH($B11,lst_alimentos,0))*$C11/100)) -> 18 | J11: =IF(NOT(ISNUMBER(INDEX(rng_K,MATCH($B11,lst_alimentos,0)))),"",IF(INDEX(rng_K,MATCH($B11,lst_alimentos,0))<=INDEX(rng_umbrales,1,2),"Bajo",IF(INDEX(rng_K,MATCH($B11,lst_alimentos,0))<=INDEX(rng_umbrales,1,3),"Medio",IF(INDEX(rng_K,MATCH($B11,lst_alimentos,0))<=INDEX(rng_umbrales,1,4),"Alto","Muy alto")))) -> Muy alto | K11: =IF(NOT(ISNUMBER(INDEX(rng_P,MATCH($B11,lst_alimentos,0)))),"",IF(INDEX(rng_P,MATCH($B11,lst_alimentos,0))<=INDEX(rng_umbrales,2,2),"Bajo",IF(INDEX(rng_P,MATCH($B11,lst_alimentos,0))<=INDEX(rng_umbrales,2,3),"Medio",IF(INDEX(rng_P,MATCH($B11,lst_alimentos,0))<=INDEX(rng_umbrales,2,4),"Alto","Muy alto")))) -> Medio | L11: =IF(NOT(ISNUMBER(INDEX(rng_Na,MATCH($B11,lst_alimentos,0)))),"",IF(INDEX(rng_Na,MATCH($B11,lst_alimentos,0))<=INDEX(rng_umbrales,3,2),"Bajo",IF(INDEX(rng_Na,MATCH($B11,lst_alimentos,0))<=INDEX(rng_umbrales,3,3),"Medio",IF(INDEX(rng_Na,MATCH($B11,lst_alimentos,0))<=INDEX(rng_umbrales,3,4),"Alto","Muy alto")))) -> Bajo | M11: =IF($B11="","",INDEX(rng_pp,MATCH($B11,lst_alimentos,0))) -> N/C: no es fuente proteica | N11: =IF($B11="","",IF($D11<>"Utilizable","NO UTILIZABLE: la fuente no informa alguno de los nutrientes críticos",IF(OR($J11="Muy alto",$K11="Muy alto",$L11="Muy alto"),"Contenido muy alto en al menos un nutriente crítico",""))) -> Contenido muy alto en al menos un nutriente crítico
A12: 2 | B12: Arroz blanco cocido | C12: 150 | D12: =IF($B12="","",IF(COUNTIF(lst_alimentos,$B12)=0,"ND: fuera de la base",INDEX(rng_estado,MATCH($B12,lst_alimentos,0)))) -> Utilizable | E12: =IF(OR($B12="",$D12<>"Utilizable",NOT(ISNUMBER($C12))),"",IF(NOT(ISNUMBER(INDEX(rng_kcal,MATCH($B12,lst_alimentos,0)))),"ND",INDEX(rng_kcal,MATCH($B12,lst_alimentos,0))*$C12/100)) -> 195 | F12: =IF(OR($B12="",$D12<>"Utilizable",NOT(ISNUMBER($C12))),"",IF(NOT(ISNUMBER(INDEX(rng_prot,MATCH($B12,lst_alimentos,0)))),"ND",INDEX(rng_prot,MATCH($B12,lst_alimentos,0))*$C12/100)) -> 4.05 | G12: =IF(OR($B12="",$D12<>"Utilizable",NOT(ISNUMBER($C12))),"",IF(NOT(ISNUMBER(INDEX(rng_K,MATCH($B12,lst_alimentos,0)))),"ND",INDEX(rng_K,MATCH($B12,lst_alimentos,0))*$C12/100)) -> 52.5 | H12: =IF(OR($B12="",$D12<>"Utilizable",NOT(ISNUMBER($C12))),"",IF(NOT(ISNUMBER(INDEX(rng_P,MATCH($B12,lst_alimentos,0)))),"ND",INDEX(rng_P,MATCH($B12,lst_alimentos,0))*$C12/100)) -> 64.5 | I12: =IF(OR($B12="",$D12<>"Utilizable",NOT(ISNUMBER($C12))),"",IF(NOT(ISNUMBER(INDEX(rng_Na,MATCH($B12,lst_alimentos,0)))),"ND",INDEX(rng_Na,MATCH($B12,lst_alimentos,0))*$C12/100)) -> 1.5 | J12: =IF(NOT(ISNUMBER(INDEX(rng_K,MATCH($B12,lst_alimentos,0)))),"",IF(INDEX(rng_K,MATCH($B12,lst_alimentos,0))<=INDEX(rng_umbrales,1,2),"Bajo",IF(INDEX(rng_K,MATCH($B12,lst_alimentos,0))<=INDEX(rng_umbrales,1,3),"Medio",IF(INDEX(rng_K,MATCH($B12,lst_alimentos,0))<=INDEX(rng_umbrales,1,4),"Alto","Muy alto")))) -> Bajo | K12: =IF(NOT(ISNUMBER(INDEX(rng_P,MATCH($B12,lst_alimentos,0)))),"",IF(INDEX(rng_P,MATCH($B12,lst_alimentos,0))<=INDEX(rng_umbrales,2,2),"Bajo",IF(INDEX(rng_P,MATCH($B12,lst_alimentos,0))<=INDEX(rng_umbrales,2,3),"Medio",IF(INDEX(rng_P,MATCH($B12,lst_alimentos,0))<=INDEX(rng_umbrales,2,4),"Alto","Muy alto")))) -> Bajo | L12: =IF(NOT(ISNUMBER(INDEX(rng_Na,MATCH($B12,lst_alimentos,0)))),"",IF(INDEX(rng_Na,MATCH($B12,lst_alimentos,0))<=INDEX(rng_umbrales,3,2),"Bajo",IF(INDEX(rng_Na,MATCH($B12,lst_alimentos,0))<=INDEX(rng_umbrales,3,3),"Medio",IF(INDEX(rng_Na,MATCH($B12,lst_alimentos,0))<=INDEX(rng_umbrales,3,4),"Alto","Muy alto")))) -> Bajo | M12: =IF($B12="","",INDEX(rng_pp,MATCH($B12,lst_alimentos,0))) -> N/C: no es fuente proteica | N12: =IF($B12="","",IF($D12<>"Utilizable","NO UTILIZABLE: la fuente no informa alguno de los nutrientes críticos",IF(OR($J12="Muy alto",$K12="Muy alto",$L12="Muy alto"),"Contenido muy alto en al menos un nutriente crítico","")))
A13: 3 | B13: Clara de huevo | C13: 100 | D13: =IF($B13="","",IF(COUNTIF(lst_alimentos,$B13)=0,"ND: fuera de la base",INDEX(rng_estado,MATCH($B13,lst_alimentos,0)))) -> Utilizable | E13: =IF(OR($B13="",$D13<>"Utilizable",NOT(ISNUMBER($C13))),"",IF(NOT(ISNUMBER(INDEX(rng_kcal,MATCH($B13,lst_alimentos,0)))),"ND",INDEX(rng_kcal,MATCH($B13,lst_alimentos,0))*$C13/100)) -> 52 | F13: =IF(OR($B13="",$D13<>"Utilizable",NOT(ISNUMBER($C13))),"",IF(NOT(ISNUMBER(INDEX(rng_prot,MATCH($B13,lst_alimentos,0)))),"ND",INDEX(rng_prot,MATCH($B13,lst_alimentos,0))*$C13/100)) -> 10.9 | G13: =IF(OR($B13="",$D13<>"Utilizable",NOT(ISNUMBER($C13))),"",IF(NOT(ISNUMBER(INDEX(rng_K,MATCH($B13,lst_alimentos,0)))),"ND",INDEX(rng_K,MATCH($B13,lst_alimentos,0))*$C13/100)) -> 163 | H13: =IF(OR($B13="",$D13<>"Utilizable",NOT(ISNUMBER($C13))),"",IF(NOT(ISNUMBER(INDEX(rng_P,MATCH($B13,lst_alimentos,0)))),"ND",INDEX(rng_P,MATCH($B13,lst_alimentos,0))*$C13/100)) -> 15 | I13: =IF(OR($B13="",$D13<>"Utilizable",NOT(ISNUMBER($C13))),"",IF(NOT(ISNUMBER(INDEX(rng_Na,MATCH($B13,lst_alimentos,0)))),"ND",INDEX(rng_Na,MATCH($B13,lst_alimentos,0))*$C13/100)) -> 166 | J13: =IF(NOT(ISNUMBER(INDEX(rng_K,MATCH($B13,lst_alimentos,0)))),"",IF(INDEX(rng_K,MATCH($B13,lst_alimentos,0))<=INDEX(rng_umbrales,1,2),"Bajo",IF(INDEX(rng_K,MATCH($B13,lst_alimentos,0))<=INDEX(rng_umbrales,1,3),"Medio",IF(INDEX(rng_K,MATCH($B13,lst_alimentos,0))<=INDEX(rng_umbrales,1,4),"Alto","Muy alto")))) -> Medio | K13: =IF(NOT(ISNUMBER(INDEX(rng_P,MATCH($B13,lst_alimentos,0)))),"",IF(INDEX(rng_P,MATCH($B13,lst_alimentos,0))<=INDEX(rng_umbrales,2,2),"Bajo",IF(INDEX(rng_P,MATCH($B13,lst_alimentos,0))<=INDEX(rng_umbrales,2,3),"Medio",IF(INDEX(rng_P,MATCH($B13,lst_alimentos,0))<=INDEX(rng_umbrales,2,4),"Alto","Muy alto")))) -> Bajo | L13: =IF(NOT(ISNUMBER(INDEX(rng_Na,MATCH($B13,lst_alimentos,0)))),"",IF(INDEX(rng_Na,MATCH($B13,lst_alimentos,0))<=INDEX(rng_umbrales,3,2),"Bajo",IF(INDEX(rng_Na,MATCH($B13,lst_alimentos,0))<=INDEX(rng_umbrales,3,3),"Medio",IF(INDEX(rng_Na,MATCH($B13,lst_alimentos,0))<=INDEX(rng_umbrales,3,4),"Alto","Muy alto")))) -> Alto | M13: =IF($B13="","",INDEX(rng_pp,MATCH($B13,lst_alimentos,0))) -> 1.3761468 | N13: =IF($B13="","",IF($D13<>"Utilizable","NO UTILIZABLE: la fuente no informa alguno de los nutrientes críticos",IF(OR($J13="Muy alto",$K13="Muy alto",$L13="Muy alto"),"Contenido muy alto en al menos un nutriente crítico","")))
A14: 4 | B14: Pollo pechuga | C14: 100 | D14: =IF($B14="","",IF(COUNTIF(lst_alimentos,$B14)=0,"ND: fuera de la base",INDEX(rng_estado,MATCH($B14,lst_alimentos,0)))) -> Utilizable | E14: =IF(OR($B14="",$D14<>"Utilizable",NOT(ISNUMBER($C14))),"",IF(NOT(ISNUMBER(INDEX(rng_kcal,MATCH($B14,lst_alimentos,0)))),"ND",INDEX(rng_kcal,MATCH($B14,lst_alimentos,0))*$C14/100)) -> 130 | F14: =IF(OR($B14="",$D14<>"Utilizable",NOT(ISNUMBER($C14))),"",IF(NOT(ISNUMBER(INDEX(rng_prot,MATCH($B14,lst_alimentos,0)))),"ND",INDEX(rng_prot,MATCH($B14,lst_alimentos,0))*$C14/100)) -> 22.3 | G14: =IF(OR($B14="",$D14<>"Utilizable",NOT(ISNUMBER($C14))),"",IF(NOT(ISNUMBER(INDEX(rng_K,MATCH($B14,lst_alimentos,0)))),"ND",INDEX(rng_K,MATCH($B14,lst_alimentos,0))*$C14/100)) -> 180 | H14: =IF(OR($B14="",$D14<>"Utilizable",NOT(ISNUMBER($C14))),"",IF(NOT(ISNUMBER(INDEX(rng_P,MATCH($B14,lst_alimentos,0)))),"ND",INDEX(rng_P,MATCH($B14,lst_alimentos,0))*$C14/100)) -> 91 | I14: =IF(OR($B14="",$D14<>"Utilizable",NOT(ISNUMBER($C14))),"",IF(NOT(ISNUMBER(INDEX(rng_Na,MATCH($B14,lst_alimentos,0)))),"ND",INDEX(rng_Na,MATCH($B14,lst_alimentos,0))*$C14/100)) -> 70 | J14: =IF(NOT(ISNUMBER(INDEX(rng_K,MATCH($B14,lst_alimentos,0)))),"",IF(INDEX(rng_K,MATCH($B14,lst_alimentos,0))<=INDEX(rng_umbrales,1,2),"Bajo",IF(INDEX(rng_K,MATCH($B14,lst_alimentos,0))<=INDEX(rng_umbrales,1,3),"Medio",IF(INDEX(rng_K,MATCH($B14,lst_alimentos,0))<=INDEX(rng_umbrales,1,4),"Alto","Muy alto")))) -> Medio | K14: =IF(NOT(ISNUMBER(INDEX(rng_P,MATCH($B14,lst_alimentos,0)))),"",IF(INDEX(rng_P,MATCH($B14,lst_alimentos,0))<=INDEX(rng_umbrales,2,2),"Bajo",IF(INDEX(rng_P,MATCH($B14,lst_alimentos,0))<=INDEX(rng_umbrales,2,3),"Medio",IF(INDEX(rng_P,MATCH($B14,lst_alimentos,0))<=INDEX(rng_umbrales,2,4),"Alto","Muy alto")))) -> Medio | L14: =IF(NOT(ISNUMBER(INDEX(rng_Na,MATCH($B14,lst_alimentos,0)))),"",IF(INDEX(rng_Na,MATCH($B14,lst_alimentos,0))<=INDEX(rng_umbrales,3,2),"Bajo",IF(INDEX(rng_Na,MATCH($B14,lst_alimentos,0))<=INDEX(rng_umbrales,3,3),"Medio",IF(INDEX(rng_Na,MATCH($B14,lst_alimentos,0))<=INDEX(rng_umbrales,3,4),"Alto","Muy alto")))) -> Medio | M14: =IF($B14="","",INDEX(rng_pp,MATCH($B14,lst_alimentos,0))) -> 4.0807175 | N14: =IF($B14="","",IF($D14<>"Utilizable","NO UTILIZABLE: la fuente no informa alguno de los nutrientes críticos",IF(OR($J14="Muy alto",$K14="Muy alto",$L14="Muy alto"),"Contenido muy alto en al menos un nutriente crítico","")))
A15: 5 | B15: Manzana | C15: 120 | D15: =IF($B15="","",IF(COUNTIF(lst_alimentos,$B15)=0,"ND: fuera de la base",INDEX(rng_estado,MATCH($B15,lst_alimentos,0)))) -> Utilizable | E15: =IF(OR($B15="",$D15<>"Utilizable",NOT(ISNUMBER($C15))),"",IF(NOT(ISNUMBER(INDEX(rng_kcal,MATCH($B15,lst_alimentos,0)))),"ND",INDEX(rng_kcal,MATCH($B15,lst_alimentos,0))*$C15/100)) -> 62.4 | F15: =IF(OR($B15="",$D15<>"Utilizable",NOT(ISNUMBER($C15))),"",IF(NOT(ISNUMBER(INDEX(rng_prot,MATCH($B15,lst_alimentos,0)))),"ND",INDEX(rng_prot,MATCH($B15,lst_alimentos,0))*$C15/100)) -> 0.36 | G15: =IF(OR($B15="",$D15<>"Utilizable",NOT(ISNUMBER($C15))),"",IF(NOT(ISNUMBER(INDEX(rng_K,MATCH($B15,lst_alimentos,0)))),"ND",INDEX(rng_K,MATCH($B15,lst_alimentos,0))*$C15/100)) -> 128.4 | H15: =IF(OR($B15="",$D15<>"Utilizable",NOT(ISNUMBER($C15))),"",IF(NOT(ISNUMBER(INDEX(rng_P,MATCH($B15,lst_alimentos,0)))),"ND",INDEX(rng_P,MATCH($B15,lst_alimentos,0))*$C15/100)) -> 13.2 | I15: =IF(OR($B15="",$D15<>"Utilizable",NOT(ISNUMBER($C15))),"",IF(NOT(ISNUMBER(INDEX(rng_Na,MATCH($B15,lst_alimentos,0)))),"ND",INDEX(rng_Na,MATCH($B15,lst_alimentos,0))*$C15/100)) -> 1.2 | J15: =IF(NOT(ISNUMBER(INDEX(rng_K,MATCH($B15,lst_alimentos,0)))),"",IF(INDEX(rng_K,MATCH($B15,lst_alimentos,0))<=INDEX(rng_umbrales,1,2),"Bajo",IF(INDEX(rng_K,MATCH($B15,lst_alimentos,0))<=INDEX(rng_umbrales,1,3),"Medio",IF(INDEX(rng_K,MATCH($B15,lst_alimentos,0))<=INDEX(rng_umbrales,1,4),"Alto","Muy alto")))) -> Medio | K15: =IF(NOT(ISNUMBER(INDEX(rng_P,MATCH($B15,lst_alimentos,0)))),"",IF(INDEX(rng_P,MATCH($B15,lst_alimentos,0))<=INDEX(rng_umbrales,2,2),"Bajo",IF(INDEX(rng_P,MATCH($B15,lst_alimentos,0))<=INDEX(rng_umbrales,2,3),"Medio",IF(INDEX(rng_P,MATCH($B15,lst_alimentos,0))<=INDEX(rng_umbrales,2,4),"Alto","Muy alto")))) -> Bajo | L15: =IF(NOT(ISNUMBER(INDEX(rng_Na,MATCH($B15,lst_alimentos,0)))),"",IF(INDEX(rng_Na,MATCH($B15,lst_alimentos,0))<=INDEX(rng_umbrales,3,2),"Bajo",IF(INDEX(rng_Na,MATCH($B15,lst_alimentos,0))<=INDEX(rng_umbrales,3,3),"Medio",IF(INDEX(rng_Na,MATCH($B15,lst_alimentos,0))<=INDEX(rng_umbrales,3,4),"Alto","Muy alto")))) -> Bajo | M15: =IF($B15="","",INDEX(rng_pp,MATCH($B15,lst_alimentos,0))) -> N/C: no es fuente proteica | N15: =IF($B15="","",IF($D15<>"Utilizable","NO UTILIZABLE: la fuente no informa alguno de los nutrientes críticos",IF(OR($J15="Muy alto",$K15="Muy alto",$L15="Muy alto"),"Contenido muy alto en al menos un nutriente crítico","")))
A16: 6 | B16: Tomate | C16: 100 | D16: =IF($B16="","",IF(COUNTIF(lst_alimentos,$B16)=0,"ND: fuera de la base",INDEX(rng_estado,MATCH($B16,lst_alimentos,0)))) -> Utilizable | E16: =IF(OR($B16="",$D16<>"Utilizable",NOT(ISNUMBER($C16))),"",IF(NOT(ISNUMBER(INDEX(rng_kcal,MATCH($B16,lst_alimentos,0)))),"ND",INDEX(rng_kcal,MATCH($B16,lst_alimentos,0))*$C16/100)) -> 18 | F16: =IF(OR($B16="",$D16<>"Utilizable",NOT(ISNUMBER($C16))),"",IF(NOT(ISNUMBER(INDEX(rng_prot,MATCH($B16,lst_alimentos,0)))),"ND",INDEX(rng_prot,MATCH($B16,lst_alimentos,0))*$C16/100)) -> 0.9 | G16: =IF(OR($B16="",$D16<>"Utilizable",NOT(ISNUMBER($C16))),"",IF(NOT(ISNUMBER(INDEX(rng_K,MATCH($B16,lst_alimentos,0)))),"ND",INDEX(rng_K,MATCH($B16,lst_alimentos,0))*$C16/100)) -> 237 | H16: =IF(OR($B16="",$D16<>"Utilizable",NOT(ISNUMBER($C16))),"",IF(NOT(ISNUMBER(INDEX(rng_P,MATCH($B16,lst_alimentos,0)))),"ND",INDEX(rng_P,MATCH($B16,lst_alimentos,0))*$C16/100)) -> 24 | I16: =IF(OR($B16="",$D16<>"Utilizable",NOT(ISNUMBER($C16))),"",IF(NOT(ISNUMBER(INDEX(rng_Na,MATCH($B16,lst_alimentos,0)))),"ND",INDEX(rng_Na,MATCH($B16,lst_alimentos,0))*$C16/100)) -> 5 | J16: =IF(NOT(ISNUMBER(INDEX(rng_K,MATCH($B16,lst_alimentos,0)))),"",IF(INDEX(rng_K,MATCH($B16,lst_alimentos,0))<=INDEX(rng_umbrales,1,2),"Bajo",IF(INDEX(rng_K,MATCH($B16,lst_alimentos,0))<=INDEX(rng_umbrales,1,3),"Medio",IF(INDEX(rng_K,MATCH($B16,lst_alimentos,0))<=INDEX(rng_umbrales,1,4),"Alto","Muy alto")))) -> Alto | K16: =IF(NOT(ISNUMBER(INDEX(rng_P,MATCH($B16,lst_alimentos,0)))),"",IF(INDEX(rng_P,MATCH($B16,lst_alimentos,0))<=INDEX(rng_umbrales,2,2),"Bajo",IF(INDEX(rng_P,MATCH($B16,lst_alimentos,0))<=INDEX(rng_umbrales,2,3),"Medio",IF(INDEX(rng_P,MATCH($B16,lst_alimentos,0))<=INDEX(rng_umbrales,2,4),"Alto","Muy alto")))) -> Bajo | L16: =IF(NOT(ISNUMBER(INDEX(rng_Na,MATCH($B16,lst_alimentos,0)))),"",IF(INDEX(rng_Na,MATCH($B16,lst_alimentos,0))<=INDEX(rng_umbrales,3,2),"Bajo",IF(INDEX(rng_Na,MATCH($B16,lst_alimentos,0))<=INDEX(rng_umbrales,3,3),"Medio",IF(INDEX(rng_Na,MATCH($B16,lst_alimentos,0))<=INDEX(rng_umbrales,3,4),"Alto","Muy alto")))) -> Bajo | M16: =IF($B16="","",INDEX(rng_pp,MATCH($B16,lst_alimentos,0))) -> N/C: no es fuente proteica | N16: =IF($B16="","",IF($D16<>"Utilizable","NO UTILIZABLE: la fuente no informa alguno de los nutrientes críticos",IF(OR($J16="Muy alto",$K16="Muy alto",$L16="Muy alto"),"Contenido muy alto en al menos un nutriente crítico","")))
A17: 7 | B17: Maicena | C17: 30 | D17: =IF($B17="","",IF(COUNTIF(lst_alimentos,$B17)=0,"ND: fuera de la base",INDEX(rng_estado,MATCH($B17,lst_alimentos,0)))) -> Utilizable | E17: =IF(OR($B17="",$D17<>"Utilizable",NOT(ISNUMBER($C17))),"",IF(NOT(ISNUMBER(INDEX(rng_kcal,MATCH($B17,lst_alimentos,0)))),"ND",INDEX(rng_kcal,MATCH($B17,lst_alimentos,0))*$C17/100)) -> 114.3 | F17: =IF(OR($B17="",$D17<>"Utilizable",NOT(ISNUMBER($C17))),"",IF(NOT(ISNUMBER(INDEX(rng_prot,MATCH($B17,lst_alimentos,0)))),"ND",INDEX(rng_prot,MATCH($B17,lst_alimentos,0))*$C17/100)) -> 0.09 | G17: =IF(OR($B17="",$D17<>"Utilizable",NOT(ISNUMBER($C17))),"",IF(NOT(ISNUMBER(INDEX(rng_K,MATCH($B17,lst_alimentos,0)))),"ND",INDEX(rng_K,MATCH($B17,lst_alimentos,0))*$C17/100)) -> 0.9 | H17: =IF(OR($B17="",$D17<>"Utilizable",NOT(ISNUMBER($C17))),"",IF(NOT(ISNUMBER(INDEX(rng_P,MATCH($B17,lst_alimentos,0)))),"ND",INDEX(rng_P,MATCH($B17,lst_alimentos,0))*$C17/100)) -> 3.9 | I17: =IF(OR($B17="",$D17<>"Utilizable",NOT(ISNUMBER($C17))),"",IF(NOT(ISNUMBER(INDEX(rng_Na,MATCH($B17,lst_alimentos,0)))),"ND",INDEX(rng_Na,MATCH($B17,lst_alimentos,0))*$C17/100)) -> 2.7 | J17: =IF(NOT(ISNUMBER(INDEX(rng_K,MATCH($B17,lst_alimentos,0)))),"",IF(INDEX(rng_K,MATCH($B17,lst_alimentos,0))<=INDEX(rng_umbrales,1,2),"Bajo",IF(INDEX(rng_K,MATCH($B17,lst_alimentos,0))<=INDEX(rng_umbrales,1,3),"Medio",IF(INDEX(rng_K,MATCH($B17,lst_alimentos,0))<=INDEX(rng_umbrales,1,4),"Alto","Muy alto")))) -> Bajo | K17: =IF(NOT(ISNUMBER(INDEX(rng_P,MATCH($B17,lst_alimentos,0)))),"",IF(INDEX(rng_P,MATCH($B17,lst_alimentos,0))<=INDEX(rng_umbrales,2,2),"Bajo",IF(INDEX(rng_P,MATCH($B17,lst_alimentos,0))<=INDEX(rng_umbrales,2,3),"Medio",IF(INDEX(rng_P,MATCH($B17,lst_alimentos,0))<=INDEX(rng_umbrales,2,4),"Alto","Muy alto")))) -> Bajo | L17: =IF(NOT(ISNUMBER(INDEX(rng_Na,MATCH($B17,lst_alimentos,0)))),"",IF(INDEX(rng_Na,MATCH($B17,lst_alimentos,0))<=INDEX(rng_umbrales,3,2),"Bajo",IF(INDEX(rng_Na,MATCH($B17,lst_alimentos,0))<=INDEX(rng_umbrales,3,3),"Medio",IF(INDEX(rng_Na,MATCH($B17,lst_alimentos,0))<=INDEX(rng_umbrales,3,4),"Alto","Muy alto")))) -> Bajo | M17: =IF($B17="","",INDEX(rng_pp,MATCH($B17,lst_alimentos,0))) -> N/C: no es fuente proteica | N17: =IF($B17="","",IF($D17<>"Utilizable","NO UTILIZABLE: la fuente no informa alguno de los nutrientes críticos",IF(OR($J17="Muy alto",$K17="Muy alto",$L17="Muy alto"),"Contenido muy alto en al menos un nutriente crítico","")))
A18: 8 | B18: Leche fluida entera | C18: 45 | D18: =IF($B18="","",IF(COUNTIF(lst_alimentos,$B18)=0,"ND: fuera de la base",INDEX(rng_estado,MATCH($B18,lst_alimentos,0)))) -> Utilizable | E18: =IF(OR($B18="",$D18<>"Utilizable",NOT(ISNUMBER($C18))),"",IF(NOT(ISNUMBER(INDEX(rng_kcal,MATCH($B18,lst_alimentos,0)))),"ND",INDEX(rng_kcal,MATCH($B18,lst_alimentos,0))*$C18/100)) -> 28.8 | F18: =IF(OR($B18="",$D18<>"Utilizable",NOT(ISNUMBER($C18))),"",IF(NOT(ISNUMBER(INDEX(rng_prot,MATCH($B18,lst_alimentos,0)))),"ND",INDEX(rng_prot,MATCH($B18,lst_alimentos,0))*$C18/100)) -> 1.485 | G18: =IF(OR($B18="",$D18<>"Utilizable",NOT(ISNUMBER($C18))),"",IF(NOT(ISNUMBER(INDEX(rng_K,MATCH($B18,lst_alimentos,0)))),"ND",INDEX(rng_K,MATCH($B18,lst_alimentos,0))*$C18/100)) -> 67.95 | H18: =IF(OR($B18="",$D18<>"Utilizable",NOT(ISNUMBER($C18))),"",IF(NOT(ISNUMBER(INDEX(rng_P,MATCH($B18,lst_alimentos,0)))),"ND",INDEX(rng_P,MATCH($B18,lst_alimentos,0))*$C18/100)) -> 41.85 | I18: =IF(OR($B18="",$D18<>"Utilizable",NOT(ISNUMBER($C18))),"",IF(NOT(ISNUMBER(INDEX(rng_Na,MATCH($B18,lst_alimentos,0)))),"ND",INDEX(rng_Na,MATCH($B18,lst_alimentos,0))*$C18/100)) -> 22.05 | J18: =IF(NOT(ISNUMBER(INDEX(rng_K,MATCH($B18,lst_alimentos,0)))),"",IF(INDEX(rng_K,MATCH($B18,lst_alimentos,0))<=INDEX(rng_umbrales,1,2),"Bajo",IF(INDEX(rng_K,MATCH($B18,lst_alimentos,0))<=INDEX(rng_umbrales,1,3),"Medio",IF(INDEX(rng_K,MATCH($B18,lst_alimentos,0))<=INDEX(rng_umbrales,1,4),"Alto","Muy alto")))) -> Medio | K18: =IF(NOT(ISNUMBER(INDEX(rng_P,MATCH($B18,lst_alimentos,0)))),"",IF(INDEX(rng_P,MATCH($B18,lst_alimentos,0))<=INDEX(rng_umbrales,2,2),"Bajo",IF(INDEX(rng_P,MATCH($B18,lst_alimentos,0))<=INDEX(rng_umbrales,2,3),"Medio",IF(INDEX(rng_P,MATCH($B18,lst_alimentos,0))<=INDEX(rng_umbrales,2,4),"Alto","Muy alto")))) -> Medio | L18: =IF(NOT(ISNUMBER(INDEX(rng_Na,MATCH($B18,lst_alimentos,0)))),"",IF(INDEX(rng_Na,MATCH($B18,lst_alimentos,0))<=INDEX(rng_umbrales,3,2),"Bajo",IF(INDEX(rng_Na,MATCH($B18,lst_alimentos,0))<=INDEX(rng_umbrales,3,3),"Medio",IF(INDEX(rng_Na,MATCH($B18,lst_alimentos,0))<=INDEX(rng_umbrales,3,4),"Alto","Muy alto")))) -> Medio | M18: =IF($B18="","",INDEX(rng_pp,MATCH($B18,lst_alimentos,0))) -> N/C: no es fuente proteica | N18: =IF($B18="","",IF($D18<>"Utilizable","NO UTILIZABLE: la fuente no informa alguno de los nutrientes críticos",IF(OR($J18="Muy alto",$K18="Muy alto",$L18="Muy alto"),"Contenido muy alto en al menos un nutriente crítico","")))
A19: 9 | B19: Pollo ganso | C19: 30 | D19: =IF($B19="","",IF(COUNTIF(lst_alimentos,$B19)=0,"ND: fuera de la base",INDEX(rng_estado,MATCH($B19,lst_alimentos,0)))) -> Utilizable | E19: =IF(OR($B19="",$D19<>"Utilizable",NOT(ISNUMBER($C19))),"",IF(NOT(ISNUMBER(INDEX(rng_kcal,MATCH($B19,lst_alimentos,0)))),"ND",INDEX(rng_kcal,MATCH($B19,lst_alimentos,0))*$C19/100)) -> 34.8 | F19: =IF(OR($B19="",$D19<>"Utilizable",NOT(ISNUMBER($C19))),"",IF(NOT(ISNUMBER(INDEX(rng_prot,MATCH($B19,lst_alimentos,0)))),"ND",INDEX(rng_prot,MATCH($B19,lst_alimentos,0))*$C19/100)) -> 6.66 | G19: =IF(OR($B19="",$D19<>"Utilizable",NOT(ISNUMBER($C19))),"",IF(NOT(ISNUMBER(INDEX(rng_K,MATCH($B19,lst_alimentos,0)))),"ND",INDEX(rng_K,MATCH($B19,lst_alimentos,0))*$C19/100)) -> 161.1 | H19: =IF(OR($B19="",$D19<>"Utilizable",NOT(ISNUMBER($C19))),"",IF(NOT(ISNUMBER(INDEX(rng_P,MATCH($B19,lst_alimentos,0)))),"ND",INDEX(rng_P,MATCH($B19,lst_alimentos,0))*$C19/100)) -> 32.4 | I19: =IF(OR($B19="",$D19<>"Utilizable",NOT(ISNUMBER($C19))),"",IF(NOT(ISNUMBER(INDEX(rng_Na,MATCH($B19,lst_alimentos,0)))),"ND",INDEX(rng_Na,MATCH($B19,lst_alimentos,0))*$C19/100)) -> 22.8 | J19: =IF(NOT(ISNUMBER(INDEX(rng_K,MATCH($B19,lst_alimentos,0)))),"",IF(INDEX(rng_K,MATCH($B19,lst_alimentos,0))<=INDEX(rng_umbrales,1,2),"Bajo",IF(INDEX(rng_K,MATCH($B19,lst_alimentos,0))<=INDEX(rng_umbrales,1,3),"Medio",IF(INDEX(rng_K,MATCH($B19,lst_alimentos,0))<=INDEX(rng_umbrales,1,4),"Alto","Muy alto")))) -> Muy alto | K19: =IF(NOT(ISNUMBER(INDEX(rng_P,MATCH($B19,lst_alimentos,0)))),"",IF(INDEX(rng_P,MATCH($B19,lst_alimentos,0))<=INDEX(rng_umbrales,2,2),"Bajo",IF(INDEX(rng_P,MATCH($B19,lst_alimentos,0))<=INDEX(rng_umbrales,2,3),"Medio",IF(INDEX(rng_P,MATCH($B19,lst_alimentos,0))<=INDEX(rng_umbrales,2,4),"Alto","Muy alto")))) -> Alto | L19: =IF(NOT(ISNUMBER(INDEX(rng_Na,MATCH($B19,lst_alimentos,0)))),"",IF(INDEX(rng_Na,MATCH($B19,lst_alimentos,0))<=INDEX(rng_umbrales,3,2),"Bajo",IF(INDEX(rng_Na,MATCH($B19,lst_alimentos,0))<=INDEX(rng_umbrales,3,3),"Medio",IF(INDEX(rng_Na,MATCH($B19,lst_alimentos,0))<=INDEX(rng_umbrales,3,4),"Alto","Muy alto")))) -> Medio | M19: =IF($B19="","",INDEX(rng_pp,MATCH($B19,lst_alimentos,0))) -> 4.8648649 | N19: =IF($B19="","",IF($D19<>"Utilizable","NO UTILIZABLE: la fuente no informa alguno de los nutrientes críticos",IF(OR($J19="Muy alto",$K19="Muy alto",$L19="Muy alto"),"Contenido muy alto en al menos un nutriente crítico",""))) -> Contenido muy alto en al menos un nutriente crítico
A20: 10 | B20: Leche fluida entera | C20: 20 | D20: =IF($B20="","",IF(COUNTIF(lst_alimentos,$B20)=0,"ND: fuera de la base",INDEX(rng_estado,MATCH($B20,lst_alimentos,0)))) -> Utilizable | E20: =IF(OR($B20="",$D20<>"Utilizable",NOT(ISNUMBER($C20))),"",IF(NOT(ISNUMBER(INDEX(rng_kcal,MATCH($B20,lst_alimentos,0)))),"ND",INDEX(rng_kcal,MATCH($B20,lst_alimentos,0))*$C20/100)) -> 12.8 | F20: =IF(OR($B20="",$D20<>"Utilizable",NOT(ISNUMBER($C20))),"",IF(NOT(ISNUMBER(INDEX(rng_prot,MATCH($B20,lst_alimentos,0)))),"ND",INDEX(rng_prot,MATCH($B20,lst_alimentos,0))*$C20/100)) -> 0.66 | G20: =IF(OR($B20="",$D20<>"Utilizable",NOT(ISNUMBER($C20))),"",IF(NOT(ISNUMBER(INDEX(rng_K,MATCH($B20,lst_alimentos,0)))),"ND",INDEX(rng_K,MATCH($B20,lst_alimentos,0))*$C20/100)) -> 30.2 | H20: =IF(OR($B20="",$D20<>"Utilizable",NOT(ISNUMBER($C20))),"",IF(NOT(ISNUMBER(INDEX(rng_P,MATCH($B20,lst_alimentos,0)))),"ND",INDEX(rng_P,MATCH($B20,lst_alimentos,0))*$C20/100)) -> 18.6 | I20: =IF(OR($B20="",$D20<>"Utilizable",NOT(ISNUMBER($C20))),"",IF(NOT(ISNUMBER(INDEX(rng_Na,MATCH($B20,lst_alimentos,0)))),"ND",INDEX(rng_Na,MATCH($B20,lst_alimentos,0))*$C20/100)) -> 9.8 | J20: =IF(NOT(ISNUMBER(INDEX(rng_K,MATCH($B20,lst_alimentos,0)))),"",IF(INDEX(rng_K,MATCH($B20,lst_alimentos,0))<=INDEX(rng_umbrales,1,2),"Bajo",IF(INDEX(rng_K,MATCH($B20,lst_alimentos,0))<=INDEX(rng_umbrales,1,3),"Medio",IF(INDEX(rng_K,MATCH($B20,lst_alimentos,0))<=INDEX(rng_umbrales,1,4),"Alto","Muy alto")))) -> Medio | K20: =IF(NOT(ISNUMBER(INDEX(rng_P,MATCH($B20,lst_alimentos,0)))),"",IF(INDEX(rng_P,MATCH($B20,lst_alimentos,0))<=INDEX(rng_umbrales,2,2),"Bajo",IF(INDEX(rng_P,MATCH($B20,lst_alimentos,0))<=INDEX(rng_umbrales,2,3),"Medio",IF(INDEX(rng_P,MATCH($B20,lst_alimentos,0))<=INDEX(rng_umbrales,2,4),"Alto","Muy alto")))) -> Medio | L20: =IF(NOT(ISNUMBER(INDEX(rng_Na,MATCH($B20,lst_alimentos,0)))),"",IF(INDEX(rng_Na,MATCH($B20,lst_alimentos,0))<=INDEX(rng_umbrales,3,2),"Bajo",IF(INDEX(rng_Na,MATCH($B20,lst_alimentos,0))<=INDEX(rng_umbrales,3,3),"Medio",IF(INDEX(rng_Na,MATCH($B20,lst_alimentos,0))<=INDEX(rng_umbrales,3,4),"Alto","Muy alto")))) -> Medio | M20: =IF($B20="","",INDEX(rng_pp,MATCH($B20,lst_alimentos,0))) -> N/C: no es fuente proteica | N20: =IF($B20="","",IF($D20<>"Utilizable","NO UTILIZABLE: la fuente no informa alguno de los nutrientes críticos",IF(OR($J20="Muy alto",$K20="Muy alto",$L20="Muy alto"),"Contenido muy alto en al menos un nutriente crítico","")))
A21: TOTAL DE LA SELECCIÓN | E21: =SUM(E11:E20) -> 781.6 | F21: =SUM(F11:F20) -> 50.855 | G21: =SUM(G11:G20) -> 1838.55 | H21: =SUM(H11:H20) -> 412.45 | I21: =SUM(I11:I20) -> 319.05
A22: Proporción del límite diario | G22: =IF(OR(NOT(ISNUMBER(v_limK)),v_limK=0),"ND",G21/v_limK) -> 0.73542 | H22: =IF(OR(NOT(ISNUMBER(v_limP)),v_limP=0),"ND",H21/v_limP) -> 0.45827778 | I22: =IF(OR(NOT(ISNUMBER(v_limNa)),v_limNa=0),"ND",I21/v_limNa) -> 0.159525
A24: LECTURA DE LA SELECCIÓN
A25: Alimentos no utilizables en la selección | C25: =COUNTIF(D11:D20,"No utilizable")+COUNTIF(D11:D20,"ND*") -> 0
A26: Advertencia de cobertura | C26: =IF(C25=0,"Todos los alimentos seleccionados tienen los datos críticos completos.","ATENCIÓN: "&C25&" alimento(s) de la selección no tienen datos completos. Los totales de abajo NO los incluyen y por lo tanto SUBESTIMAN la carga real.") -> Todos los alimentos seleccionados tienen los datos críticos completos.
A27: Potasio de la selección frente al límite diario | C27: =IF(NOT(ISNUMBER(G22)),"ND","La selección aporta el "&TEXT(G22,"0.0%")&" del límite diario de potasio.") -> La selección aporta el 74% del límite diario de potasio.
A29: Alimento | B29: Potasio (mg)
A30: =B11 -> Papa cocida | B30: =G11 -> 817.5
A31: =B12 -> Arroz blanco cocido | B31: =G12 -> 52.5
A32: =B13 -> Clara de huevo | B32: =G13 -> 163
A33: =B14 -> Pollo pechuga | B33: =G14 -> 180
A34: =B15 -> Manzana | B34: =G15 -> 128.4
A35: =B16 -> Tomate | B35: =G16 -> 237
A36: =B17 -> Maicena | B36: =G17 -> 0.9
A37: =B18 -> Leche fluida entera | B37: =G18 -> 67.95
A38: =B19 -> Pollo ganso | B38: =G19 -> 161.1
A39: =B20 -> Leche fluida entera | B39: =G20 -> 30.2
A44: Este explorador informa el contenido de la fuente por cien gramos, escalado a la porción que usted indique. NO considera el efecto de la cocción: el remojo y la doble cocción reducen el potasio de algunos alimentos en proporciones que la tabla no documenta. Tampoco considera el fósforo de aditivos de productos procesados.

Sheet SUSTITUCION
A1: NUTRIMETRÍA · NMX-42
A2: Sustituidor · alternativas del mismo grupo con menor carga
A4: =HYPERLINK("#INICIO!A1","▶ VOLVER A INICIO") -> ▶ VOLVER A INICIO
A6: Indique un alimento que quiera reemplazar. El libro busca alternativas DEL MISMO GRUPO con datos completos y las ordena por el nutriente que usted priorizó en la hoja DATOS. La sustitución es una sugerencia de contenido: la aceptabilidad, el rol culinario y la equivalencia de porción los decide usted.
A11: ALIMENTO A REEMPLAZAR
A12: Alimento | C12: Papa cocida
A13: Grupo | C13: =IF(COUNTIF(lst_alimentos,$C$12)=0,"ND",INDEX(rng_grupo,MATCH($C$12,lst_alimentos,0))) -> Papas
A14: Nutriente priorizado | C14: =v_prioridad -> Potasio
A15: Potasio (mg/100 g) | C15: =IF(COUNTIF(lst_alimentos,$C$12)=0,"ND",INDEX(rng_K,MATCH($C$12,lst_alimentos,0))) -> 545
A16: Fósforo (mg/100 g) | C16: =IF(COUNTIF(lst_alimentos,$C$12)=0,"ND",INDEX(rng_P,MATCH($C$12,lst_alimentos,0))) -> 72
A17: Sodio (mg/100 g) | C17: =IF(COUNTIF(lst_alimentos,$C$12)=0,"ND",INDEX(rng_Na,MATCH($C$12,lst_alimentos,0))) -> 12
A18: Alternativas disponibles en el grupo | C18: =IF($C$13="ND","ND",COUNTIFS(rng_grupo,$C$13,rng_estado,"Utilizable")) -> 3 | L18: Solo se cuentan las que tienen los cinco nutrientes críticos
A20: ALTERNATIVAS ORDENADAS DE MENOR A MAYOR
A21: Orden | B21: Alimento | C21: Potasio (mg) | D21: Fósforo (mg) | E21: Sodio (mg) | F21: Proteínas (g) | G21: Energía (kcal) | H21: Diferencia de potasio | I21: Comentario
A22: 1 | B22: =IF($C$13="ND","",IF(1>$C$18,"",INDEX(lst_alimentos,MATCH(SMALL(rng_orden,1),rng_orden,0)))) -> Papa entera rojiza | C22: =IF($B22="","",INDEX(rng_K,MATCH($B22,lst_alimentos,0))) -> 417 | D22: =IF($B22="","",INDEX(rng_P,MATCH($B22,lst_alimentos,0))) -> 55 | E22: =IF($B22="","",INDEX(rng_Na,MATCH($B22,lst_alimentos,0))) -> 5 | F22: =IF($B22="","",INDEX(rng_prot,MATCH($B22,lst_alimentos,0))) -> 2.1 | G22: =IF($B22="","",INDEX(rng_kcal,MATCH($B22,lst_alimentos,0))) -> 79 | H22: =IF(OR($B22="",NOT(ISNUMBER($C$15))),"",C22-$C$15) -> -128 | I22: =IF($B22="","",IF($B22=$C$12,"← alimento de referencia",IF(NOT(ISNUMBER($H22)),"",IF($H22<0,"Aporta "&TEXT(-$H22,"0")&" mg menos de potasio",IF($H22=0,"Mismo potasio","Aporta "&TEXT($H22,"0")&" mg más de potasio"))))) -> Aporta 128 mg menos de potasio
A23: 2 | B23: =IF($C$13="ND","",IF(2>$C$18,"",INDEX(lst_alimentos,MATCH(SMALL(rng_orden,2),rng_orden,0)))) -> Papa cruda | C23: =IF($B23="","",INDEX(rng_K,MATCH($B23,lst_alimentos,0))) -> 419 | D23: =IF($B23="","",INDEX(rng_P,MATCH($B23,lst_alimentos,0))) -> 51 | E23: =IF($B23="","",INDEX(rng_Na,MATCH($B23,lst_alimentos,0))) -> 7 | F23: =IF($B23="","",INDEX(rng_prot,MATCH($B23,lst_alimentos,0))) -> 3.1 | G23: =IF($B23="","",INDEX(rng_kcal,MATCH($B23,lst_alimentos,0))) -> 80 | H23: =IF(OR($B23="",NOT(ISNUMBER($C$15))),"",C23-$C$15) -> -126 | I23: =IF($B23="","",IF($B23=$C$12,"← alimento de referencia",IF(NOT(ISNUMBER($H23)),"",IF($H23<0,"Aporta "&TEXT(-$H23,"0")&" mg menos de potasio",IF($H23=0,"Mismo potasio","Aporta "&TEXT($H23,"0")&" mg más de potasio"))))) -> Aporta 126 mg menos de potasio
A24: 3 | B24: =IF($C$13="ND","",IF(3>$C$18,"",INDEX(lst_alimentos,MATCH(SMALL(rng_orden,3),rng_orden,0)))) -> Papa cocida | C24: =IF($B24="","",INDEX(rng_K,MATCH($B24,lst_alimentos,0))) -> 545 | D24: =IF($B24="","",INDEX(rng_P,MATCH($B24,lst_alimentos,0))) -> 72 | E24: =IF($B24="","",INDEX(rng_Na,MATCH($B24,lst_alimentos,0))) -> 12 | F24: =IF($B24="","",INDEX(rng_prot,MATCH($B24,lst_alimentos,0))) -> 2.3 | G24: =IF($B24="","",INDEX(rng_kcal,MATCH($B24,lst_alimentos,0))) -> 89 | H24: =IF(OR($B24="",NOT(ISNUMBER($C$15))),"",C24-$C$15) -> 0 | I24: =IF($B24="","",IF($B24=$C$12,"← alimento de referencia",IF(NOT(ISNUMBER($H24)),"",IF($H24<0,"Aporta "&TEXT(-$H24,"0")&" mg menos de potasio",IF($H24=0,"Mismo potasio","Aporta "&TEXT($H24,"0")&" mg más de potasio"))))) -> ← alimento de referencia
A25: 4 | B25: =IF($C$13="ND","",IF(4>$C$18,"",INDEX(lst_alimentos,MATCH(SMALL(rng_orden,4),rng_orden,0)))) | C25: =IF($B25="","",INDEX(rng_K,MATCH($B25,lst_alimentos,0))) | D25: =IF($B25="","",INDEX(rng_P,MATCH($B25,lst_alimentos,0))) | E25: =IF($B25="","",INDEX(rng_Na,MATCH($B25,lst_alimentos,0))) | F25: =IF($B25="","",INDEX(rng_prot,MATCH($B25,lst_alimentos,0))) | G25: =IF($B25="","",INDEX(rng_kcal,MATCH($B25,lst_alimentos,0))) | H25: =IF(OR($B25="",NOT(ISNUMBER($C$15))),"",C25-$C$15) | I25: =IF($B25="","",IF($B25=$C$12,"← alimento de referencia",IF(NOT(ISNUMBER($H25)),"",IF($H25<0,"Aporta "&TEXT(-$H25,"0")&" mg menos de potasio",IF($H25=0,"Mismo potasio","Aporta "&TEXT($H25,"0")&" mg más de potasio")))))
A26: 5 | B26: =IF($C$13="ND","",IF(5>$C$18,"",INDEX(lst_alimentos,MATCH(SMALL(rng_orden,5),rng_orden,0)))) | C26: =IF($B26="","",INDEX(rng_K,MATCH($B26,lst_alimentos,0))) | D26: =IF($B26="","",INDEX(rng_P,MATCH($B26,lst_alimentos,0))) | E26: =IF($B26="","",INDEX(rng_Na,MATCH($B26,lst_alimentos,0))) | F26: =IF($B26="","",INDEX(rng_prot,MATCH($B26,lst_alimentos,0))) | G26: =IF($B26="","",INDEX(rng_kcal,MATCH($B26,lst_alimentos,0))) | H26: =IF(OR($B26="",NOT(ISNUMBER($C$15))),"",C26-$C$15) | I26: =IF($B26="","",IF($B26=$C$12,"← alimento de referencia",IF(NOT(ISNUMBER($H26)),"",IF($H26<0,"Aporta "&TEXT(-$H26,"0")&" mg menos de potasio",IF($H26=0,"Mismo potasio","Aporta "&TEXT($H26,"0")&" mg más de potasio")))))
A27: 6 | B27: =IF($C$13="ND","",IF(6>$C$18,"",INDEX(lst_alimentos,MATCH(SMALL(rng_orden,6),rng_orden,0)))) | C27: =IF($B27="","",INDEX(rng_K,MATCH($B27,lst_alimentos,0))) | D27: =IF($B27="","",INDEX(rng_P,MATCH($B27,lst_alimentos,0))) | E27: =IF($B27="","",INDEX(rng_Na,MATCH($B27,lst_alimentos,0))) | F27: =IF($B27="","",INDEX(rng_prot,MATCH($B27,lst_alimentos,0))) | G27: =IF($B27="","",INDEX(rng_kcal,MATCH($B27,lst_alimentos,0))) | H27: =IF(OR($B27="",NOT(ISNUMBER($C$15))),"",C27-$C$15) | I27: =IF($B27="","",IF($B27=$C$12,"← alimento de referencia",IF(NOT(ISNUMBER($H27)),"",IF($H27<0,"Aporta "&TEXT(-$H27,"0")&" mg menos de potasio",IF($H27=0,"Mismo potasio","Aporta "&TEXT($H27,"0")&" mg más de potasio")))))
A28: 7 | B28: =IF($C$13="ND","",IF(7>$C$18,"",INDEX(lst_alimentos,MATCH(SMALL(rng_orden,7),rng_orden,0)))) | C28: =IF($B28="","",INDEX(rng_K,MATCH($B28,lst_alimentos,0))) | D28: =IF($B28="","",INDEX(rng_P,MATCH($B28,lst_alimentos,0))) | E28: =IF($B28="","",INDEX(rng_Na,MATCH($B28,lst_alimentos,0))) | F28: =IF($B28="","",INDEX(rng_prot,MATCH($B28,lst_alimentos,0))) | G28: =IF($B28="","",INDEX(rng_kcal,MATCH($B28,lst_alimentos,0))) | H28: =IF(OR($B28="",NOT(ISNUMBER($C$15))),"",C28-$C$15) | I28: =IF($B28="","",IF($B28=$C$12,"← alimento de referencia",IF(NOT(ISNUMBER($H28)),"",IF($H28<0,"Aporta "&TEXT(-$H28,"0")&" mg menos de potasio",IF($H28=0,"Mismo potasio","Aporta "&TEXT($H28,"0")&" mg más de potasio")))))
A29: 8 | B29: =IF($C$13="ND","",IF(8>$C$18,"",INDEX(lst_alimentos,MATCH(SMALL(rng_orden,8),rng_orden,0)))) | C29: =IF($B29="","",INDEX(rng_K,MATCH($B29,lst_alimentos,0))) | D29: =IF($B29="","",INDEX(rng_P,MATCH($B29,lst_alimentos,0))) | E29: =IF($B29="","",INDEX(rng_Na,MATCH($B29,lst_alimentos,0))) | F29: =IF($B29="","",INDEX(rng_prot,MATCH($B29,lst_alimentos,0))) | G29: =IF($B29="","",INDEX(rng_kcal,MATCH($B29,lst_alimentos,0))) | H29: =IF(OR($B29="",NOT(ISNUMBER($C$15))),"",C29-$C$15) | I29: =IF($B29="","",IF($B29=$C$12,"← alimento de referencia",IF(NOT(ISNUMBER($H29)),"",IF($H29<0,"Aporta "&TEXT(-$H29,"0")&" mg menos de potasio",IF($H29=0,"Mismo potasio","Aporta "&TEXT($H29,"0")&" mg más de potasio")))))
A31: CÓMO LEER ESTAS ALTERNATIVAS
A32: Alcance de la sustitución | C32: ="Las alternativas comparten grupo de alimentos, no función culinaria ni tamaño de porción. Verifique que el reemplazo tenga sentido en la preparación concreta antes de proponerlo." -> Las alternativas comparten grupo de alimentos, no función culinaria ni tamaño de porción. Verifique que el reemplazo tenga sentido en la preparación concreta antes de proponerlo.
A33: Cuando el grupo ofrece pocas alternativas | C33: =IF(NOT(ISNUMBER($C$18)),"ND",IF($C$18<=3,"Este grupo tiene solo "&$C$18&" alimento(s) con datos completos: las alternativas son escasas y conviene buscar el reemplazo en otro grupo con función similar.","El grupo ofrece "&$C$18&" alternativas con datos completos.")) -> Este grupo tiene solo 3 alimento(s) con datos completos: las alternativas son escasas y conviene buscar el reemplazo en otro grupo con función similar.
A34: Advertencia sobre cocción | C34: ="Reducir potasio también se logra con remojo y doble cocción, que este libro NO cuantifica porque la fuente no documenta esas pérdidas. Sustituir el alimento no es la única vía." -> Reducir potasio también se logra con remojo y doble cocción, que este libro NO cuantifica porque la fuente no documenta esas pérdidas. Sustituir el alimento no es la única vía.

Sheet EQUIVALENTES
A1: NUTRIMETRÍA · NMX-42
A2: Intercambios construidos con criterio renal
A4: =HYPERLINK("#INICIO!A1","▶ VOLVER A INICIO") -> ▶ VOLVER A INICIO
A6: Un intercambio renal NO equivale a un intercambio convencional. En los sistemas habituales los alimentos de un grupo se intercambian porque aportan macronutrientes similares; aquí además deben aportar potasio, fósforo y sodio comparables. Un alimento puede ser intercambiable por macronutrientes y NO serlo en contexto renal.
A11: GRUPOS DE INTERCAMBIO RENAL
A12: Grupo renal | B12: Criterio de inclusión | C12: Potasio por porción | D12: Fósforo por porción | E12: Uso sugerido
A13: Muy bajo en potasio | B13: Hasta 100 mg de potasio por 100 g | C13: Menos de 100 mg | D13: Variable | E13: Puede considerarse ante hiperkalemia o indicación clínica; no es la base obligatoria para toda persona con ERC.
A14: Bajo en potasio | B14: Entre 100 y 200 mg por 100 g | C14: 100 a 200 mg | D14: Variable | E14: Opción de menor carga por porción cuando el contexto clínico lo requiere.
A15: Moderado en potasio | B15: Entre 200 y 300 mg por 100 g | C15: 200 a 300 mg | D15: Variable | E15: Interpretar por porción y total diario; no se asigna frecuencia automática.
A16: Alto en potasio | B16: Sobre 300 mg por 100 g | C16: Más de 300 mg | D16: Variable | E16: No restringir por la categoría aislada: evaluar porción, cocción, laboratorio y patrón alimentario.
A17: Proteína de baja carga fosfórica | B17: Razón fósforo sobre proteína bajo 12 mg/g | C17: Variable | D17: Baja en relación al aporte proteico | E17: Comparador descriptivo entre fuentes proteicas; no define una preferencia automática.
A18: Proteína de carga fosfórica alta | B18: Razón sobre 16 mg/g | C18: Variable | D18: Alta en relación al aporte proteico | E18: Revisar con fosfemia, aditivos, quelantes y suficiencia proteica; no constituye prohibición automática.
A20: RECUENTO DE ALIMENTOS POR GRUPO RENAL
A21: Grupo | B21: Alimentos utilizables | C21: Proporción de los utilizables
A22: Muy bajo en potasio | B22: =COUNTIFS(ALIMENTOS!$N$9:$N$626,"Bajo",rng_estado,"Utilizable") -> 61 | C22: =IF(COUNTIF(rng_estado,"Utilizable")=0,"ND",B22/COUNTIF(rng_estado,"Utilizable")) -> 0.16223404
A23: Bajo o medio en potasio | B23: =COUNTIFS(ALIMENTOS!$N$9:$N$626,"Medio",rng_estado,"Utilizable") -> 88 | C23: =IF(COUNTIF(rng_estado,"Utilizable")=0,"ND",B23/COUNTIF(rng_estado,"Utilizable")) -> 0.23404255
A24: Alto en potasio | B24: =COUNTIFS(ALIMENTOS!$N$9:$N$626,"Alto",rng_estado,"Utilizable") -> 60 | C24: =IF(COUNTIF(rng_estado,"Utilizable")=0,"ND",B24/COUNTIF(rng_estado,"Utilizable")) -> 0.15957447
A25: Muy alto en potasio | B25: =COUNTIFS(ALIMENTOS!$N$9:$N$626,"Muy alto",rng_estado,"Utilizable") -> 167 | C25: =IF(COUNTIF(rng_estado,"Utilizable")=0,"ND",B25/COUNTIF(rng_estado,"Utilizable")) -> 0.44414894
A26: Proteína de baja carga fosfórica | B26: =COUNTIFS(ALIMENTOS!$R$9:$R$626,"Deseable",rng_estado,"Utilizable") -> 63 | C26: =IF(COUNTIF(rng_estado,"Utilizable")=0,"ND",B26/COUNTIF(rng_estado,"Utilizable")) -> 0.16755319
A27: Proteína de carga fosfórica alta | B27: =COUNTIFS(ALIMENTOS!$R$9:$R$626,"Alta",rng_estado,"Utilizable") -> 94 | C27: =IF(COUNTIF(rng_estado,"Utilizable")=0,"ND",B27/COUNTIF(rng_estado,"Utilizable")) -> 0.25
A29: ADVERTENCIA SOBRE EL USO DE INTERCAMBIOS EN CONTEXTO RENAL
A30: Un intercambio renal debe verificarse en las TRES dimensiones: potasio, fósforo y sodio. Un alimento bajo en potasio puede ser muy alto en sodio, y el intercambio resultaría contraproducente.
A31: La clasificación por cien gramos no equivale a clasificación por porción: un alimento moderado en potasio consumido en porción grande puede aportar más que uno alto en porción pequeña.
A32: Los alimentos sin datos completos NO aparecen en ningún grupo: no significa que sean seguros, significa que se desconoce su contenido.
A33: El fósforo de aditivos en productos procesados no está en la tabla y puede superar ampliamente al fósforo natural declarado. Revise siempre el etiquetado.
A34: La kalemia normal no activa automáticamente una dieta baja en potasio. Las categorías por 100 g sirven para ordenar, no para prescribir. Integre porción, técnica culinaria, laboratorio, fármacos, modalidad de diálisis y objetivos del equipo tratante.

Sheet FUENTES
A1: NUTRIMETRÍA · NMX-42
A2: Fuente, método y advertencias clínicas
A4: =HYPERLINK("#INICIO!A1","▶ VOLVER A INICIO") -> ▶ VOLVER A INICIO
A6: FUENTE Y MÉTODO
A7: Elemento | B7: Detalle
A8: Composición de alimentos | B8: Tabla de Composición de Alimentos del INTA, Universidad de Chile, edición 2018. Valores por cien gramos de porción comestible. Se aplicó la reconstrucción del grupo 2.10 de verduras y hortalizas, cuya fila de cabecera no viene en el archivo fuente: cada registro corregido queda marcado en la columna correspondiente.
A9: Licencia · BLOQUEO ACTIVO | B9: No se encontró autorización de redistribución comercial dentro del material entregado. Uso personal del titular. No redistribuir, no comercializar y no incorporar a un producto de pago sin autorización documentada. Nutrimetría no cuenta con respaldo del INTA ni de la Universidad de Chile. Esta revisión no sustituye asesoría jurídica.
A10: Cobertura de los nutrientes críticos | B10: Potasio presente en 403 de 618 alimentos, fósforo en 428 y sodio en 567. Solo 376 alimentos tienen los cinco nutrientes críticos completos y pueden usarse en este explorador. Los 242 restantes quedan excluidos porque se desconoce su contenido, NO porque sean inadecuados.
A11: Un dato ausente no es un cero | B11: Es el principio que ordena todo este libro. Un alimento sin dato de potasio no puede recomendarse como bajo en potasio. Si el paciente lo consume, esa carga no aparece en ningún total y el cálculo queda subestimado sin que nada lo advierta, salvo la marca de no utilizable.
A12: Umbrales de clasificación | B12: Los cortes de contenido bajo, medio, alto y muy alto son convenciones de trabajo de este libro para ORDENAR alimentos. No existen categorías normadas por cien gramos: lo que importa clínicamente es la carga total del día frente al laboratorio del paciente. Son editables en CONFIG.
A13: Razón fósforo sobre proteína | B13: Expresa los miligramos de fósforo por gramo de proteína del alimento. Es el criterio habitual para elegir fuentes proteicas en enfermedad renal, porque permite cubrir el requerimiento de proteína con la menor carga fosfórica posible. Solo se calcula en alimentos que aportan al menos el mínimo de proteína configurado: aplicada a una fruta o a un aceite entrega cifras sin significado.
A14: Fósforo de aditivos · limitación mayor | B14: Las tablas de composición reflejan el fósforo natural del alimento y NO el añadido como aditivo en productos procesados, embutidos, bebidas de cola y quesos fundidos. El fósforo inorgánico de los aditivos tiene absorción casi completa, de modo que la carga real puede superar ampliamente lo que muestra este explorador. Revise siempre el etiquetado.
A15: Cocción y potasio | B15: El remojo prolongado y la doble cocción reducen el contenido de potasio de algunos alimentos, en proporciones que la fuente no documenta. Este libro NO aplica factores de reducción: muestra el alimento tal como figura en la tabla. Sustituir el alimento no es la única vía para bajar la carga de potasio.
A16: Sustitutos de sal | B16: No figuran en la base y suelen estar formulados con cloruro de potasio. Su uso puede desencadenar hiperkalemia grave y solo se detecta preguntando de forma dirigida, como hace el módulo NMX-29.
A17: Intercambios renales | B17: Un intercambio renal debe verificarse en potasio, fósforo y sodio a la vez. Un alimento intercambiable por macronutrientes puede no serlo en contexto renal, y un alimento bajo en potasio puede ser muy alto en sodio.
A18: Relación con otros módulos | B18: NMX-22 registra la ingesta renal de varios días. NMX-29 levanta el recordatorio renal con sondeo de fuentes ocultas. Este módulo se ocupa de la selección de alimentos: qué elegir y por qué cambiar uno por otro.
A19: Qué NO hace este libro | B19: No prescribe límites: los define el equipo tratante. No diagnostica. No calcula la ingesta de un paciente. No considera aditivos, cocción ni sustitutos de sal. No está validado clínicamente.
A20: KDOQI 2020 / KDIGO 2024 · TRAZABILIDAD CLÍNICA
A21: KDOQI 2020 | B21: Evaluación y terapia nutricional: proteína diferenciada, energía individualizada y electrolitos según contexto.
A22: Fuente oficial KDOQI | B22: https://www.kidney.org/professionals/kdoqi/guidelines-and-commentaries/nutrition-ckd
A23: DOI KDOQI | B23: https://doi.org/10.1053/j.ajkd.2020.05.006
A24: KDIGO 2024 | B24: Evaluación y manejo de ERC: CGA, TFGe, ACR, cronicidad, riesgo y derivación.
A25: Fuente oficial KDIGO | B25: https://kdigo.org/guidelines/ckd-evaluation-and-management/
A26: PDF KDIGO 2024 | B26: https://kdigo.org/wp-content/uploads/2024/03/KDIGO-2024-CKD-Guideline.pdf
A27: KDIGO 2026 | B27: Actualización focalizada en desarrollo: EN_DESARROLLO_NO_IMPLEMENTAR.
A28: Anuncio oficial 2026 | B28: https://kdigo.org/kdigo-announces-update-to-2024-ckd-guideline/
A29: Marcas comerciales | B29: INTA puede no representar formulaciones comerciales actuales; verificar etiqueta, fabricante y versión.
A30: Datos s/i | B30: Se conservan como ND, nunca como cero; los totales pueden subestimar la carga real.

Sheet PRUEBAS
A1: NUTRIMETRÍA · NMX-42
A2: Control de calidad del motor de cálculo
A4: =HYPERLINK("#INICIO!A1","▶ VOLVER A INICIO") -> ▶ VOLVER A INICIO
A6: Los valores esperados se calcularon de forma independiente del motor del libro (verificación externa).
A8: Bloque | B8: Descripción de la prueba | C8: Obtenido | D8: Esperado | E8: Estado
A9: A | B9: Alimentos con dato de potasio | C9: =LICENCIA!B24 -> 403 | D9: 403 | E9: =IF(AND(ISNUMBER(C9),ISNUMBER(D9)),IF(ABS(C9-D9)<=0.001,"APROBADO","REVISAR"),IF(EXACT(C9&"",D9&""),"APROBADO","REVISAR")) -> APROBADO
A10: A | B10: Alimentos con dato de fósforo | C10: =LICENCIA!B25 -> 428 | D10: 428 | E10: =IF(AND(ISNUMBER(C10),ISNUMBER(D10)),IF(ABS(C10-D10)<=0.001,"APROBADO","REVISAR"),IF(EXACT(C10&"",D10&""),"APROBADO","REVISAR")) -> APROBADO
A11: A | B11: Alimentos con dato de sodio | C11: =LICENCIA!B26 -> 567 | D11: 567 | E11: =IF(AND(ISNUMBER(C11),ISNUMBER(D11)),IF(ABS(C11-D11)<=0.001,"APROBADO","REVISAR"),IF(EXACT(C11&"",D11&""),"APROBADO","REVISAR")) -> APROBADO
A12: A | B12: Cobertura del potasio | C12: =LICENCIA!D24 -> 0.65210356 | D12: 0.65210356 | E12: =IF(AND(ISNUMBER(C12),ISNUMBER(D12)),IF(ABS(C12-D12)<=0.001,"APROBADO","REVISAR"),IF(EXACT(C12&"",D12&""),"APROBADO","REVISAR")) -> APROBADO
A13: A | B13: Total de alimentos en la base | C13: =LICENCIA!C24 -> 618 | D13: 618 | E13: =IF(AND(ISNUMBER(C13),ISNUMBER(D13)),IF(ABS(C13-D13)<=0.001,"APROBADO","REVISAR"),IF(EXACT(C13&"",D13&""),"APROBADO","REVISAR")) -> APROBADO
A14: B | B14: Alimentos UTILIZABLES en contexto renal | C14: =LICENCIA!C30 -> 376 | D14: 376 | E14: =IF(AND(ISNUMBER(C14),ISNUMBER(D14)),IF(ABS(C14-D14)<=0.001,"APROBADO","REVISAR"),IF(EXACT(C14&"",D14&""),"APROBADO","REVISAR")) -> APROBADO
A15: B | B15: Alimentos NO utilizables por datos ausentes | C15: =LICENCIA!C31 -> 242 | D15: 242 | E15: =IF(AND(ISNUMBER(C15),ISNUMBER(D15)),IF(ABS(C15-D15)<=0.001,"APROBADO","REVISAR"),IF(EXACT(C15&"",D15&""),"APROBADO","REVISAR")) -> APROBADO
A16: B | B16: Utilizables más no utilizables suman el total | C16: =LICENCIA!C30+LICENCIA!C31 -> 618 | D16: 618 | E16: =IF(AND(ISNUMBER(C16),ISNUMBER(D16)),IF(ABS(C16-D16)<=0.001,"APROBADO","REVISAR"),IF(EXACT(C16&"",D16&""),"APROBADO","REVISAR")) -> APROBADO
A17: C | B17: El libro se declara no apto sin revisión clínica | C17: =IF(ISNUMBER(SEARCH("REVISIÓN PENDIENTE",LICENCIA!C41)),"SE DECLARA","NO SE DECLARA") -> SE DECLARA | D17: SE DECLARA | E17: =IF(AND(ISNUMBER(C17),ISNUMBER(D17)),IF(ABS(C17-D17)<=0.001,"APROBADO","REVISAR"),IF(EXACT(C17&"",D17&""),"APROBADO","REVISAR")) -> APROBADO
