Workbook

Sheet INICIO
A1: NUTRIMETRÍA · NMX-28
A2: Guía del pack de antropometría · documenta CINCO archivos independientes · traspaso de datos MANUAL, sin vínculos ni integración automática · versión 1.0.1 · Fase 8
A3: =HYPERLINK("#CATALOGO!A1","▶ COMPONENTES") -> ▶ COMPONENTES | B3: =HYPERLINK("#FLUJO!A1","▶ ORDEN") -> ▶ ORDEN | C3: =HYPERLINK("#CONEXIONES!A1","▶ CONEXIONES") -> ▶ CONEXIONES | D3: =HYPERLINK("#LICENCIA!A1","▶ LICENCIA") -> ▶ LICENCIA | E3: =HYPERLINK("#VERIFICACION!A1","▶ VERIFICAR") -> ▶ VERIFICAR | F3: =HYPERLINK("#FUENTES!A1","▶ ALCANCE") -> ▶ ALCANCE | G3: =HYPERLINK("#PRUEBAS!A1","▶ QA") -> ▶ QA | H3: =HYPERLINK("#CONFIG!A1","▶ CONFIG") -> ▶ CONFIG | I3: =HYPERLINK("#CHANGELOG!A1","▶ HISTORIAL") -> ▶ HISTORIAL
A4: Código del paquete | C4: NMX-28
A5: Versión | C5: 1.0.1
A6: Fecha | C6: 2026-07-24
A7: Componentes | C7: NMX-41 · NMX-36 · NMX-12 · NMX-16 · NMX-34
A8: Alcance | C8: Evaluación de la composición corporal y la forma en personas adultas.
A9: Estado de distribución | C9: LIBRE · ningún componente incorpora la base INTA (todos con motor propio).
A10: Responsable | C10: Equipo Nutrimetría (completar por el titular)
A12: QUÉ ES ESTE ARCHIVO
A13: Este libro es la GUÍA del pack de antropometría, no una herramienta de cálculo. No mide ni estima nada: toda la operación ocurre dentro de los cinco componentes, que son archivos independientes.
A14: Sirve para cuatro cosas: qué hace cada componente, en qué orden usarlos, qué dato se traspasa de uno a otro, y qué se puede distribuir.
A15: Los cinco cubren la secuencia antropométrica: verificar el instrumento y el evaluador, tomar pliegues, estimar la composición completa, describir la forma y, opcionalmente, comunicar el resultado.
A17: AVISO DE ALCANCE
A18: EXACTITUD MATEMÁTICA ≠ VALIDACIÓN CLÍNICA. Ninguno de los componentes está validado clínicamente ni constituye diagnóstico.
A19: Los métodos ESTIMAN la composición; la referencia son la densitometría (DEXA) y el pesaje hidrostático. La calidad depende de la técnica del evaluador (estándar ISAK).
A20: NMX-34 (edad metabólica) es un constructo NO validado y de uso EDUCATIVO: no lo presente como diagnóstico ni lo use en personas con trastorno de la conducta alimentaria o alto riesgo.
A21: El pack NO calcula requerimientos energéticos ni evalúa la ingesta: eso está en otros módulos de la colección.
A22: Los componentes son archivos independientes: NO hay vínculos automáticos. Cada traspaso de dato se hace a mano y debe verificarse.
A23: Sin respaldo de INTA, Universidad de Chile ni ISAK. Esta revisión no sustituye asesoría jurídica ni científica.
A25: POR DÓNDE EMPEZAR
A26: 1 | C26: Lea COMPONENTES para saber qué hace cada uno de los cinco.
A27: 2 | C27: Revise ORDEN: el instrumento se verifica ANTES de medir; sin conocer el error del evaluador, un cambio de pliegue no se puede interpretar.
A28: 3 | C28: Antes del primer caso real, lea CONEXIONES: documenta qué se copia de un componente a otro y evita remedir los mismos pliegues.
A29: 4 | C29: Consulte LICENCIA: este pack es distribuible, pero el componente pendiente NMX-20 SÍ arrastra la restricción de la base INTA.
A30: 5 | C30: Use VERIFICAR para confirmar que los cinco archivos están presentes y con sus pruebas aprobadas.
A31: 6 | C31: Para el detalle de CADA fórmula (coeficientes, población, fuente), remítase a NMX-15 · Biblioteca de fórmulas.

Sheet CATALOGO
A1: NUTRIMETRÍA · NMX-28
A2: Los cinco componentes del pack
A3: =HYPERLINK("#INICIO!A1","◀ INICIO") -> ◀ INICIO | C3: =HYPERLINK("#FLUJO!A1","▶ ORDEN") -> ▶ ORDEN | D3: =HYPERLINK("#LICENCIA!A1","▶ LICENCIA") -> ▶ LICENCIA
A5: COMPOSICIÓN DEL PACK
A6: Código | B6: Herramienta | C6: Qué resuelve | D6: Resultado principal | E6: Hojas | F6: Base INTA
A7: NMX-41 | B7: Software acompañante para plicómetro | C7: Verifica el instrumento contra patrones y calcula el error técnico de medición del evaluador. | D7: Plicómetro verificado, ETM intra/interevaluador y cambio mínimo detectable. | E7: 10 | F7: No
A8: NMX-36 | B8: Plicometría especializada | C8: Toma pliegues por duplicado y estima el porcentaje de grasa por cuatro ecuaciones estandarizadas. | D8: %grasa (JP7/JP3, Durnin–Womersley, Faulkner), Σ pliegues, MG y MLG. | E8: 9 | F8: No
A9: NMX-12 | B9: Grasa y composición corporal | C9: Estima composición por pliegues, circunferencias e IMC, con índices y clasificación MINSAL/OMS. | D9: %grasa, MG, MLG, IMG/IMLG, ICC/ICE y clasificación por IMC y cintura. | E9: 8 | F9: No
A10: NMX-16 | B10: Somatotipo y somatocarta | C10: Determina los tres componentes de Heath–Carter y ubica la forma en la somatocarta. | D10: Endomorfia, mesomorfia, ectomorfia y coordenadas (X,Y) con clasificación. | E10: 9 | F10: No
A11: NMX-34 | B11: Indicador educativo de edad metabólica | C11: Traduce la masa libre de grasa a una 'edad' con fines de comunicación (constructo NO validado). | D11: Indicador educativo, sensibilidad y demostración de circularidad. | E11: 9 | F11: No
A12: TOTAL | E12: =SUM(E7:E11) -> 45 | F12: =COUNTIF(F7:F11,"Sí") -> 0
A14: QUÉ CUBRE Y QUÉ NO CUBRE
A15: CUBRE | C15: La secuencia antropométrica: verificar el instrumento y el evaluador, tomar pliegues, estimar composición, describir la forma y comunicar el resultado.
A16: CUBRE | C16: Población adulta (≥18 años). NMX-34 es educativo y no validado.
A17: NO CUBRE | C17: Requerimientos energéticos, ingesta ni planificación: están en otros módulos.
A18: NO CUBRE | C18: Población pediátrica de crecimiento (peso/talla/IMC por edad): eso es NMX-09, fuera de este pack.
A19: PENDIENTE | C19: NMX-20 (formulario integral de composición y somatotipo) completaría el pack, pero incorpora la base INTA y no fue entregado: queda fuera hasta resolver licencia.

Sheet FLUJO
A1: NUTRIMETRÍA · NMX-28
A2: En qué orden usar los componentes
A3: =HYPERLINK("#INICIO!A1","◀ INICIO") -> ◀ INICIO | C3: =HYPERLINK("#CATALOGO!A1","◀ COMPONENTES") -> ◀ COMPONENTES | E3: =HYPERLINK("#CONEXIONES!A1","▶ CONEXIONES") -> ▶ CONEXIONES
A4: El orden importa: el instrumento y el evaluador se verifican ANTES de medir; y los mismos pliegues alimentan varios componentes. Saltarse una etapa obliga a suponer un dato que otra habría entregado medido.
A5: Etapa | B5: Componente | C5: Cuándo | D5: Qué produce | E5: Qué necesita antes
A6: 1 · Verificar | B6: NMX-41 | C6: Antes de medir | D6: Instrumento verificado contra patrones y ETM del evaluador. | E6: Mediciones por duplicado y bloques de espesor conocido.
A7: 2 · Medir pliegues | B7: NMX-36 | C7: Con el instrumento verificado | D7: %grasa por 4 ecuaciones, Σ pliegues, MG y MLG. | E7: Pliegues del lado derecho; ecuación validada para la población.
A8: 3 · Composición | B8: NMX-12 | C8: Cuando se requiere más que pliegues | D8: %grasa (pliegues/circunf./IMC), índices y clasificación MINSAL/OMS. | E8: Pliegues, circunferencias, peso, talla, edad, sexo.
A9: 4 · Forma | B9: NMX-16 | C9: Para describir el biotipo | D9: Endo/meso/ectomorfia y somatocarta. | E9: Pliegues (tríceps, subescap., supraespinal), diámetros, perímetros, peso, talla.
A10: 5 · Comunicar (opcional) | B10: NMX-34 | C10: Sólo con fines educativos | D10: Indicador de edad metabólica (NO validado) y su sensibilidad. | E10: %grasa / MLG, edad, sexo, peso, talla.
A12: DECISIONES QUE CONVIENE TENER CLARAS
A13: NMX-36 y NMX-12 se solapan en el %grasa por pliegues: use NMX-36 si su foco es la plicometría de seguimiento (doble medición y ETM); use NMX-12 si además necesita circunferencias, IMC y clasificación.
A14: NMX-41 va SIEMPRE antes de medir. Sin conocer el error del evaluador, una variación de pliegue puede ser sólo ruido del método.
A15: NMX-34 es opcional y educativo: no es diagnóstico, no compara personas y no se usa ante riesgo de trastorno alimentario.
A16: Use la MISMA conversión densidad→%grasa (Siri o Brožek) en NMX-36 y NMX-12 para que los resultados sean comparables.

Sheet CONEXIONES
A1: NUTRIMETRÍA · NMX-28
A2: Qué dato pasa de un componente a otro
A3: =HYPERLINK("#INICIO!A1","◀ INICIO") -> ◀ INICIO | C3: =HYPERLINK("#FLUJO!A1","◀ ORDEN") -> ◀ ORDEN | E3: =HYPERLINK("#LICENCIA!A1","▶ LICENCIA") -> ▶ LICENCIA
A4: Los componentes son archivos INDEPENDIENTES: no hay vínculos automáticos. Cada traspaso se hace copiando el dato a mano. Documentar qué se copia evita remedir los mismos pliegues y transcribir mal.
A5: Origen | B5: Dato que se traspasa | C5: Destino | D5: Dónde se pega | E5: Por qué importa
A6: NMX-41 | B6: Verificación del instrumento y ETM del evaluador | C6: NMX-36 · NMX-12 · NMX-16 | D6: Hoja DATOS / observaciones | E6: Valida la calidad de los pliegues antes de estimar la composición.
A7: (común) | B7: Peso, talla, edad y sexo | C7: NMX-36 · NMX-12 · NMX-16 · NMX-34 | D7: Hoja DATOS | E7: Determinan ecuaciones aplicables, índices y clasificación.
A8: NMX-36 | B8: Pliegues tríceps, subescapular, suprailíaco, abdominal | C8: NMX-12 | D8: Hoja DATOS / pliegues | E8: Mismos sitios: evita medir dos veces y mantiene coherencia.
A9: NMX-36 | B9: Pliegues tríceps, subescapular y supraespinal | C9: NMX-16 | D9: Panel MEDIDAS (endomorfia) | E9: La endomorfia usa esos tres sitios ya medidos.
A10: NMX-36 · NMX-12 | B10: %grasa y masa libre de grasa | C10: NMX-34 | D10: Hoja DATOS | E10: Es el insumo directo del indicador de edad metabólica.
A11: NMX-12 · NMX-16 | B11: Composición y somatotipo de la sesión | C11: Informe / ficha | D11: Documento del paciente | E11: Cierra la evaluación antropométrica en un solo registro.
A12: EL TRASPASO QUE MÁS SE EQUIVOCA: los pliegues compartidos entre NMX-36, NMX-12 y NMX-16. Mídalos UNA vez y cópielos; volver a medir introduce dos errores de evaluador distintos para el mismo sitio.

Sheet LICENCIA
A1: NUTRIMETRÍA · NMX-28
A2: Qué se puede distribuir y qué no
A3: =HYPERLINK("#INICIO!A1","◀ INICIO") -> ◀ INICIO | C3: =HYPERLINK("#VERIFICACION!A1","▶ VERIFICAR") -> ▶ VERIFICAR
A4: A diferencia del paquete clínico NMX-P1, este pack NO depende de la Tabla de Composición INTA: los cinco componentes tienen motor propio y son DISTRIBUIBLES. Esta revisión no sustituye asesoría jurídica.
A5: Código | B5: Herramienta | C5: ¿Base INTA? | D5: Situación de distribución
A6: NMX-41 | B6: Software acompañante para plicómetro | C6: No | D6: Motor propio: distribuible.
A7: NMX-36 | B7: Plicometría especializada | C7: No | D7: Ecuaciones y coeficientes (hechos no protegibles): distribuible.
A8: NMX-12 | B8: Grasa y composición corporal | C8: No | D8: Ecuaciones propias: distribuible.
A9: NMX-16 | B9: Somatotipo y somatocarta | C9: No | D9: Método Heath–Carter (ecuaciones): distribuible.
A10: NMX-34 | B10: Indicador de edad metabólica | C10: No | D10: Distribuible; ⚠ constructo NO validado, presentarlo como educativo.

Sheet VERIFICACION
A1: NUTRIMETRÍA · NMX-28
A2: Integridad del pack · antes de usarlo o entregarlo
A3: =HYPERLINK("#INICIO!A1","◀ INICIO") -> ◀ INICIO | C3: =HYPERLINK("#LICENCIA!A1","◀ LICENCIA") -> ◀ LICENCIA | E3: =HYPERLINK("#PRUEBAS!A1","▶ QA") -> ▶ QA
A4: Marque cada archivo como presente tras comprobar que abre sin errores y que su hoja PRUEBAS está aprobada. Un archivo que abre con pruebas en revisión no está listo para uso.
A5: Código | B5: Archivo esperado | C5: Versión | D5: Hojas | E5: ¿Presente? | F5: ¿Pruebas OK? | G5: Observaciones
A6: NMX-41 | B6: NMX-41_Software_Acompanante_Plicometro_v1_0.xlsx | C6: 1.0 | D6: 10 | E6: Presente | F6: Sí
A7: NMX-36 | B7: NMX-36_INICIO_aprobado.xlsx | C7: 1.0 | D7: 9 | E7: Presente | F7: Sí | G7: 'aprobado'
A8: NMX-12 | B8: NMX-12_INICIO_aprobado.xlsx | C8: 1.0 | D8: 8 | E8: Presente | F8: Sí | G8: 'aprobado'
A9: NMX-16 | B9: NMX-16_INICIO_aprobado.xlsx | C9: 1.0 | D9: 9 | E9: Presente | F9: Sí | G9: 'aprobado'
A10: NMX-34 | B10: NMX-34_Indicador_Educativo_Edad_Metabolica_v1_0.xlsx | C10: 1.0 | D10: 9 | E10: Presente | F10: Sí | G10: Existe un duplicado sin sufijo de versión: conservar el v1_0.
A11: Archivos presentes | D11: =COUNTIF(E6:E10,"Presente") -> 5
A12: Con pruebas aprobadas | D12: =COUNTIF(F6:F10,"Sí") -> 5
A13: Hojas sumadas | D13: =SUM(D6:D10) -> 45
A14: Antes de entregar a un tercero: retire los casos de ejemplo, confirme que ningún archivo contiene datos de pacientes (son datos sensibles de salud) y documente al responsable profesional.

Sheet PRUEBAS
A1: NUTRIMETRÍA · NMX-28
A2: Control de calidad de la guía · consistencia del catálogo y los recuentos
A3: =HYPERLINK("#INICIO!A1","◀ INICIO") -> ◀ INICIO | C3: =HYPERLINK("#VERIFICACION!A1","◀ VERIFICAR") -> ◀ VERIFICAR | E3: =HYPERLINK("#CONFIG!A1","▶ CONFIG") -> ▶ CONFIG
A4: Esta guía no calcula resultados clínicos: las pruebas verifican que el catálogo, el flujo, la licencia y la verificación son internamente consistentes. Las pruebas clínicas están en cada componente. Estado = OK si |Obtenido−Esperado| ≤ CONFIG!B7.
A5: Bloque | B5: Descripción de la prueba | C5: Obtenido | D5: Esperado | E5: Estado
A6: A | B6: Componentes en el catálogo | C6: =COUNTA(CATALOGO!A7:A11) -> 5 | D6: 5 | E6: =IF(ABS(C6-D6)<=CONFIG!$B$7,"OK","REVISAR") -> OK
A7: A | B7: Hojas sumadas (catálogo) | C7: =CATALOGO!E12 -> 45 | D7: 45 | E7: =IF(ABS(C7-D7)<=CONFIG!$B$7,"OK","REVISAR") -> OK
A8: A | B8: Componentes con base de composición INTA | C8: =CATALOGO!F12 -> 0 | D8: 0 | E8: =IF(ABS(C8-D8)<=CONFIG!$B$7,"OK","REVISAR") -> OK
A9: A | B9: Componentes sin base de composición | C9: =COUNTA(CATALOGO!A7:A11)-CATALOGO!F12 -> 5 | D9: 5 | E9: =IF(ABS(C9-D9)<=CONFIG!$B$7,"OK","REVISAR") -> OK
A10: B | B10: Etapas del flujo de trabajo | C10: =COUNTA(FLUJO!A6:A10) -> 5 | D10: 5 | E10: =IF(ABS(C10-D10)<=CONFIG!$B$7,"OK","REVISAR") -> OK
A11: B | B11: Traspasos de datos documentados | C11: =COUNTA(CONEXIONES!A6:A11) -> 6 | D11: 6 | E11: =IF(ABS(C11-D11)<=CONFIG!$B$7,"OK","REVISAR") -> OK
A12: C | B12: Componentes bloqueados para distribución | C12: =CATALOGO!F12 -> 0 | D12: 0 | E12: =IF(ABS(C12-D12)<=CONFIG!$B$7,"OK","REVISAR") -> OK
A13: C | B13: Archivos marcados como presentes | C13: =COUNTIF(VERIFICACION!E6:E10,"Presente") -> 5 | D13: 5 | E13: =IF(ABS(C13-D13)<=CONFIG!$B$7,"OK","REVISAR") -> OK
A14: C | B14: Archivos con pruebas aprobadas | C14: =COUNTIF(VERIFICACION!F6:F10,"Sí") -> 5 | D14: 5 | E14: =IF(ABS(C14-D14)<=CONFIG!$B$7,"OK","REVISAR") -> OK
A15: D | B15: Hojas sumadas en la verificación | C15: =SUM(VERIFICACION!D6:D10) -> 45 | D15: 45 | E15: =IF(ABS(C15-D15)<=CONFIG!$B$7,"OK","REVISAR") -> OK
A16: D | B16: El recuento verificación coincide con el catálogo (dif=0) | C16: =CATALOGO!E12-SUM(VERIFICACION!D6:D10) -> 0 | D16: 0 | E16: =IF(ABS(C16-D16)<=CONFIG!$B$7,"OK","REVISAR") -> OK
A17: E | B17: Componentes pendientes de integrar (NMX-20) | C17: =CONFIG!$B$12 -> 1 | D17: 1 | E17: =IF(ABS(C17-D17)<=CONFIG!$B$7,"OK","REVISAR") -> OK
A18: F | B18: Un valor ausente NO se interpreta como cero | C18: ND | D18: ND | E18: =IF(C18=D18,"OK","REVISAR") -> OK
A19: RESUMEN
A20: Pruebas OK | C20: =COUNTIF(E6:E18,"OK") -> 13 | D20: 13 | E20: =IF(C20=D20,"TODO OK","REVISAR") -> TODO OK

Sheet FUENTES
A1: NUTRIMETRÍA · NMX-28
A2: Alcance común y métodos de los componentes
A3: =HYPERLINK("#INICIO!A1","◀ INICIO") -> ◀ INICIO | C3: =HYPERLINK("#CATALOGO!A1","◀ COMPONENTES") -> ◀ COMPONENTES
A4: Para el detalle de cada fórmula (autor, año, población, coeficientes, DOI), consulte NMX-15 · Biblioteca de fórmulas. Aquí sólo el alcance común del pack.
A5: Elemento | B5: Detalle
A6: Estándar de medición | B6: ISAK — puntos anatómicos, técnica de pliegues, diámetros y perímetros del lado derecho. La reproducibilidad depende de la acreditación del evaluador.
A7: Densidad y %grasa | B7: Jackson–Pollock (1978/1980), Durnin–Womersley (1974), Faulkner (1968), con conversión de Siri (1961) o Brožek (1963). Ecuaciones y coeficientes (hechos no protegibles).
A8: Circunferencias e IMC | B8: US Navy (Hodgdon & Beckett, 1984) y Deurenberg (1991). Estimaciones poblacionales, menos precisas en el individuo.
A9: Somatotipo | B9: Método antropométrico de Heath–Carter (Carter, 1990/2002). Describe la forma, no la composición.
A10: Fiabilidad | B10: Error técnico de medición (ETM) y cambio mínimo detectable según ISAK; límites 5% intra y 7,5% interevaluador.
A11: Edad metabólica | B11: Katch–McArdle (sin edad) + Mifflin–St Jeor (con edad). Constructo NO validado; se incluye de forma transparente y educativa.
A12: Clasificación | B12: Cortes de IMC, cintura e índices de distribución de MINSAL/OMS. Rangos de %grasa de ACE, sólo referenciales.
A13: Dato ausente | B13: Principio común de la colección: un valor no informado NUNCA se interpreta como cero.
A14: Validación | B14: EXACTITUD MATEMÁTICA ≠ VALIDACIÓN CLÍNICA. La referencia son DEXA y el pesaje hidrostático. Ningún componente diagnostica.

Sheet CONFIG
A1: NUTRIMETRÍA · NMX-28
A2: Parámetros del pack
A3: =HYPERLINK("#INICIO!A1","◀ INICIO") -> ◀ INICIO | C3: =HYPERLINK("#PRUEBAS!A1","▶ QA") -> ▶ QA
A4: Este libro es la GUÍA del pack: no calcula nada clínico. Toda la operación ocurre dentro de los cinco componentes, que son archivos independientes.
A5: PARÁMETROS
A6: Parámetro | B6: Valor | C6: Unidad | D6: Nota
A7: Tolerancia de las pruebas | B7: 0.0001 | C7: ± | D7: Margen de los recuentos
A8: Componentes del pack | B8: 5 | C8: módulos | D8: NMX-41, 36, 12, 16, 34
A9: Componentes con base de composición | B9: 0 | C9: módulos | D9: Ninguno usa la Tabla INTA
A10: Componentes sin base de composición | B10: 5 | C10: módulos | D10: Todos con motor propio
A11: Hojas de trabajo sumadas | B11: 45 | C11: hojas | D11: 10+9+8+9+9
A12: Componentes pendientes de integrar | B12: 1 | C12: módulos | D12: NMX-20 (bloqueado por INTA)
A13: Traspasos de datos documentados | B13: 6 | C13: traspasos | D13: Ver CONEXIONES
A14: Etapas del flujo | B14: 5 | C14: etapas | D14: Ver FLUJO

Sheet CHANGELOG
A1: NUTRIMETRÍA · NMX-28
A2: Historial de versiones
A3: =HYPERLINK("#INICIO!A1","◀ INICIO") -> ◀ INICIO | C3: =HYPERLINK("#CATALOGO!A1","◀ COMPONENTES") -> ◀ COMPONENTES
A5: Versión | B5: Fecha | C5: Cambio | D5: Motivo | E5: Responsable
A6: 1.0 | B6: 2026-07-24 | C6: Versión inicial de NMX-28: guía del pack de antropometría (5 componentes) con catálogo, flujo, mapa de traspasos, licencia, verificación y pruebas de consistencia. | D6: Fase 8 · empaquetar los componentes antropométricos ya construidos. | E6: Equipo Nutrimetría
A7: 1.0 | B7: 2026-07-24 | C7: Diseño visual, navegación y paleta replicados de NMX-10 / NMX-P1 aprobados. | D7: Unificar la identidad de la colección. | E7: Equipo Nutrimetría
A8: 1.0 | B8: 2026-07-24 | C8: El pack se declara DISTRIBUIBLE: ninguno de los cinco componentes incorpora la base INTA. | D8: Diferencia clave frente al paquete clínico NMX-P1, que sí está bloqueado. | E8: Equipo Nutrimetría
A9: 1.0 | B9: 2026-07-24 | C9: NMX-20 queda como componente PENDIENTE (no entregado y bloqueado por INTA). | D9: Se empaqueta al completar sus componentes; NMX-20 requiere resolver licencia. | E9: Equipo Nutrimetría
A10: 1.0 | B10: 2026-07-24 | C10: Código asignado NMX-28 por indicación del titular. Nota: por convención (NMX-P1) los paquetes llevan prefijo 'P'; renombrable a NMX-P-# si se desea. | D10: Coherencia con la numeración de la colección; decisión del titular. | E10: Equipo Nutrimetría
A11: 1.0.1 | B11: 2026-08-01 | C11: Se aclara la posición del producto en el encabezado: NMX-28 es la GUÍA de un pack de cinco archivos INDEPENDIENTES (NMX-41, 36, 12, 16, 34); no es una herramienta integrada y todo traspaso de datos es MANUAL (ya documentado en CONEXIONES). | D11: Evitar que el rótulo Pack sugiera integración o traspaso automático inexistentes. | E11: Equipo Nutrimetría
