Workbook
Name k_tol: CONFIG!$E$26
Name lim_DE: CONFIG!$A$8:$A$10
Name lst_carga: CONFIG!$A$17:$A$20
Name lst_fase: CONFIG!$G$30:$G$33
Name lst_menstrual: CONFIG!$M$30:$M$35
Name lst_nivel: CONFIG!$D$30:$D$34
Name lst_sexo: CONFIG!$A$30:$A$31
Name lst_si: CONFIG!$J$30:$J$32
Name rng_carga: CONFIG!$A$17:$F$20
Name rng_DE: CONFIG!$A$8:$C$10
Name u_desh: CONFIG!$E$23
Name u_repMax: CONFIG!$E$25
Name u_repMin: CONFIG!$E$24
Name v_eee: ENTRENAMIENTO!$C$28
Name v_horas: ENTRENAMIENTO!$C$25
Name v_mlg: ANTROPOMETRIA!$C$17
Name v_peso: ANTROPOMETRIA!$C$7

Sheet INICIO
A1: NUTRIMETRÍA · NMX-08
A2: Historia clínica de nutrición deportiva · versión 1.0 · Fase 5 · registros clínicos
A4: Navegación — use las pestañas inferiores del libro
A5: =HYPERLINK("#IDENTIFICACION!A1","▶ IDENTIFICACION") -> ▶ IDENTIFICACION | C5: =HYPERLINK("#ENTRENAMIENTO!A1","▶ ENTRENAMIENTO") -> ▶ ENTRENAMIENTO | E5: =HYPERLINK("#ANTROPOMETRIA!A1","▶ ANTROPOMETRIA") -> ▶ ANTROPOMETRIA | G5: =HYPERLINK("#HIDRATACION!A1","▶ HIDRATACION") -> ▶ HIDRATACION | I5: =HYPERLINK("#SUPLEMENTOS!A1","▶ SUPLEMENTOS") -> ▶ SUPLEMENTOS | K5: =HYPERLINK("#TAMIZAJE!A1","▶ TAMIZAJE") -> ▶ TAMIZAJE | M5: =HYPERLINK("#DIAGNOSTICO!A1","▶ DIAGNOSTICO") -> ▶ DIAGNOSTICO | O5: =HYPERLINK("#FUENTES!A1","▶ FUENTES") -> ▶ FUENTES
A6: Datos del deportista | C6: Carga y sesiones | E6: Composición corporal | G6: Tasa de sudoración | I6: Registro y antidopaje | K6: Disponibilidad energética | M6: Diagnóstico y plan | O6: Trazabilidad
A7: =HYPERLINK("#PRUEBAS!A1","▶ PRUEBAS") -> ▶ PRUEBAS | C7: =HYPERLINK("#CONFIG!A1","▶ CONFIG") -> ▶ CONFIG | E7: =HYPERLINK("#CHANGELOG!A1","▶ CHANGELOG") -> ▶ CHANGELOG
A8: Control de calidad | C8: Constantes | E8: Historial
A10: Código del producto | C10: NMX-08
A11: Versión | C11: 1.0
A12: Fecha | C12: 2026-07-19
A13: Formato | C13: .xlsx sin macros · Microsoft 365 (Windows) y Excel 2021
A14: Responsable | C14: Equipo Nutrimetría (completar por el titular)
A16: AVISO DE ALCANCE — LÉALO ANTES DE USAR
A17: EXACTITUD MATEMÁTICA ≠ VALIDACIÓN CLÍNICA. Este archivo NO está validado clínicamente y no constituye diagnóstico ni prescripción.
A18: APLICA A: personas deportistas ADULTAS (≥18 años) en condición estable, en contexto de evaluación nutricional profesional.
A19: NO APLICA A: menores de edad · embarazo · lactancia · deportistas con patología aguda o descompensada · población con requerimientos clínicos especiales sin supervisión médica.
A20: La disponibilidad energética que calcula este libro es una ESTIMACIÓN de tamizaje: depende de la ingesta y del gasto por ejercicio que usted ingrese, y ninguno de los dos se mide aquí.
A21: Toda indicación de suplementos exige verificación previa contra la lista de prohibiciones vigente y coordinación con el médico del equipo. El deportista responde por lo que hay en su organismo.
A22: Ante sospecha de deficiencia energética relativa o de trastorno de la conducta alimentaria, la conducta segura es derivar y aumentar el aporte energético, nunca restringir.
A24: PROPÓSITO Y ALCANCE
A25: Propósito | C25: Documentar la valoración nutricional de una persona deportista y tamizar la disponibilidad energética, con trazabilidad del registro y resguardo antidopaje.
A26: Población | C26: Deportistas adultos de cualquier disciplina, en nivel recreativo a profesional.
A27: Uso | C27: Registro clínico de apoyo. El diagnóstico, la indicación y el seguimiento son responsabilidad del profesional que firma la ficha.
A28: Compatibilidad | C28: .xlsx sin macros · Microsoft 365 (Windows) y Excel 2021 · sin funciones matriciales.
A29: Privacidad | C29: Contiene datos sensibles de salud. Los datos permanecen en el archivo local; el libro no transmite información. Guárdelo con acceso restringido.
A31: FLUJO DE USO
A32: 1 | C32: Complete IDENTIFICACIÓN con el perfil deportivo, los antecedentes y la autorización de registro.
A33: 2 | C33: Cargue en ENTRENAMIENTO las sesiones de una semana habitual: de ahí salen la carga y el gasto por ejercicio.
A34: 3 | C34: Registre en ANTROPOMETRÍA el peso, la talla y el porcentaje de grasa con su método.
A35: 4 | C35: Mida la tasa de sudoración en HIDRATACIÓN con un pesaje antes y después de una sesión.
A36: 5 | C36: Registre en SUPLEMENTOS cada producto y deje constancia de la verificación antidopaje.
A37: 6 | C37: Revise TAMIZAJE: es el corazón del módulo. La disponibilidad energética se lee junto a las señales clínicas.
A38: 7 | C38: Redacte en DIAGNÓSTICO el juicio profesional y el plan, y revise los controles del registro.

Sheet IDENTIFICACION
A1: NUTRIMETRÍA · NMX-08
A2: Historia clínica de nutrición deportiva · identificación del deportista
A4: =HYPERLINK("#INICIO!A1","▶ VOLVER A INICIO") -> ▶ VOLVER A INICIO
A6: DATOS PERSONALES
A7: Nombre completo | C7: Caso de ejemplo
A8: Documento de identidad | C8: —
A9: Fecha de nacimiento | C9: 2002-04-18
A10: Edad (años) | C10: 24
A11: Sexo | C11: Masculino
A12: Teléfono de contacto | C12: —
A13: Persona de contacto ante urgencia | C13: —
A15: PERFIL DEPORTIVO
A16: Deporte o disciplina | C16: Atletismo · medio fondo
A17: Prueba o posición | C17: 1500 metros
A18: Nivel competitivo | C18: Recreativo
A19: Años de práctica | C19: 8
A20: Fase de la temporada | C20: Competitiva
A21: Próxima competencia relevante | C21: 2026-09-06
A22: Club, equipo o federación | C22: —
A23: Entrenador responsable | C23: —
A24: ¿Está sujeto a control antidopaje? | C24: No
A26: ANTECEDENTES DE SALUD
A27: Antecedentes médicos | C27: Anemia ferropénica tratada el año pasado.
A28: Lesiones en los últimos 12 meses | C28: Fractura por estrés en tibia derecha hace 7 meses.
A29: Cirugías previas | C29: No refiere.
A30: Fármacos de uso habitual | C30: No refiere.
A31: Alergias alimentarias | C31: No refiere.
A32: Intolerancias alimentarias | C32: Refiere molestias con lácteos antes de entrenar.
A33: Molestias digestivas durante el ejercicio | C33: Sí, distensión en carreras largas.
A34: Estado del ciclo menstrual | C34: No corresponde
A35: Meses sin menstruación (si corresponde) | C35: 5
A37: TRAZABILIDAD DEL REGISTRO
A38: Número de ficha | C38: 2026-0008
A39: Fecha de la atención | C39: 2026-07-19
A40: Profesional que registra | C40: —
A41: Registro profesional | C41: —
A42: ¿Autoriza el registro de sus datos? | C42: Sí
A43: ¿Autoriza compartir con el cuerpo técnico? | C43: Sí
A45: Esta ficha contiene datos sensibles de salud, sujetos a secreto profesional. La información compartida con el cuerpo técnico debe limitarse a lo estrictamente necesario para el desempeño y siempre con autorización expresa del deportista.

Sheet ENTRENAMIENTO
A1: NUTRIMETRÍA · NMX-08
A2: Carga de entrenamiento y gasto por ejercicio
A4: =HYPERLINK("#INICIO!A1","▶ VOLVER A INICIO") -> ▶ VOLVER A INICIO
A6: SESIONES DE UNA SEMANA HABITUAL
A7: Día | B7: Sesión | C7: Tipo de trabajo | D7: Duración (min) | E7: Intensidad percibida (1-10) | F7: Gasto estimado (kcal) | G7: Horario | H7: Observaciones
A8: Lunes | B8: Mañana | C8: Rodaje suave | D8: 60 | E8: 4 | F8: 480 | G8: 07:00
A9: Lunes | B9: Tarde | C9: Gimnasio · fuerza | D9: 50 | E9: 6 | F9: 260 | G9: 18:00
A10: Martes | B10: Mañana | C10: Series en pista | D10: 75 | E10: 8 | F10: 760 | G10: 07:00 | H10: Sesión de calidad
A11: Miércoles | B11: Mañana | C11: Rodaje suave | D11: 55 | E11: 4 | F11: 440 | G11: 07:00
A12: Jueves | B12: Mañana | C12: Series en cuesta | D12: 70 | E12: 9 | F12: 720 | G12: 07:00 | H12: Sesión de calidad
A13: Viernes | B13: Mañana | C13: Rodaje regenerativo | D13: 40 | E13: 3 | F13: 300 | G13: 07:30
A14: Sábado | B14: Mañana | C14: Fondo | D14: 95 | E14: 6 | F14: 900 | G14: 08:00
A15: Domingo | B15: — | C15: Descanso | D15: 0 | E15: 0 | F15: 0 | G15: —
A22: TOTAL SEMANAL | D22: =SUM(D8:D21) -> 445 | F22: =SUM(F8:F21) -> 3860
A24: SÍNTESIS DE LA CARGA
A25: Horas de entrenamiento por semana | C25: =IF(NOT(ISNUMBER(ENTRENAMIENTO!$D$22)),"ND",ENTRENAMIENTO!$D$22/60) -> 7.4166667
A26: Sesiones por semana | C26: =COUNTIFS(B8:B21,"<>",D8:D21,">0") -> 7
A27: Gasto semanal por ejercicio (kcal) | C27: =ENTRENAMIENTO!$F$22 -> 3860
A28: Gasto diario promedio por ejercicio (kcal) | C28: =IF(NOT(ISNUMBER(ENTRENAMIENTO!$F$22)),"ND",ENTRENAMIENTO!$F$22/7) -> 551.42857
A29: Categoría de carga | C29: =IF(NOT(ISNUMBER(C25)),"ND",IF(C25<5,INDEX(rng_carga,1,1),IF(C25<10,INDEX(rng_carga,2,1),IF(C25<15,INDEX(rng_carga,3,1),INDEX(rng_carga,4,1))))) -> Moderada
A31: REQUERIMIENTOS SEGÚN LA CARGA (referencia por kilo de peso)
A32: Nutriente | B32: Mínimo (g/kg) | C32: Máximo (g/kg) | D32: Mínimo (g/día) | E32: Máximo (g/día)
A33: Hidratos de carbono | B33: =IF(COUNTIF(lst_carga,C29)=0,"ND",INDEX(rng_carga,MATCH(C29,lst_carga,0),3)) -> 5 | C33: =IF(COUNTIF(lst_carga,C29)=0,"ND",INDEX(rng_carga,MATCH(C29,lst_carga,0),4)) -> 7 | D33: =IF(OR(NOT(ISNUMBER(B33)),NOT(ISNUMBER(v_peso))),"ND",B33*v_peso) -> 290 | E33: =IF(OR(NOT(ISNUMBER(C33)),NOT(ISNUMBER(v_peso))),"ND",C33*v_peso) -> 406
A34: Proteínas | B34: =IF(COUNTIF(lst_carga,C29)=0,"ND",INDEX(rng_carga,MATCH(C29,lst_carga,0),5)) -> 1.2 | C34: =IF(COUNTIF(lst_carga,C29)=0,"ND",INDEX(rng_carga,MATCH(C29,lst_carga,0),6)) -> 1.6 | D34: =IF(OR(NOT(ISNUMBER(B34)),NOT(ISNUMBER(v_peso))),"ND",B34*v_peso) -> 69.6 | E34: =IF(OR(NOT(ISNUMBER(C34)),NOT(ISNUMBER(v_peso))),"ND",C34*v_peso) -> 92.8
A35: El gasto por ejercicio de cada sesión es una ESTIMACIÓN que usted ingresa; el libro no lo calcula ni lo valida. Para decisiones finas conviene apoyarse en medición directa o en registros del propio deportista. Los rangos de hidratos de carbono y proteína son referencias por carga, no prescripciones individuales.

Sheet ANTROPOMETRIA
A1: NUTRIMETRÍA · NMX-08
A2: Composición corporal y control de peso
A4: =HYPERLINK("#INICIO!A1","▶ VOLVER A INICIO") -> ▶ VOLVER A INICIO
A6: MEDICIONES
A7: Peso actual (kg) | C7: 58 | L7: Balanza calibrada, en ayunas y tras vaciar la vejiga
A8: Talla (m) | C8: 1.68 | L8: Estadiómetro
A9: Porcentaje de grasa corporal | C9: 18 | L9: Indique el método en el campo siguiente
A10: Método de estimación de la grasa | C10: Pliegues · protocolo ISAK 7 sitios
A11: Peso de referencia de temporada (kg) | C11: 60.5 | L11: Peso en que la deportista rinde y se siente bien
A12: Peso mínimo acordado con el equipo (kg) | C12: 57 | L12: Límite bajo el cual NO se desciende
A14: COMPOSICIÓN CALCULADA
A15: Índice de masa corporal | C15: =IF(OR(NOT(ISNUMBER(C7)),NOT(ISNUMBER(C8)),C8=0),"ND: faltan peso o talla",C7/(C8^2)) -> 20.549887
A16: Masa grasa (kg) | C16: =IF(OR(NOT(ISNUMBER(C7)),NOT(ISNUMBER(C9))),"ND",C7*C9/100) -> 10.44
A17: MASA LIBRE DE GRASA (kg) | C17: =IF(OR(NOT(ISNUMBER(C7)),NOT(ISNUMBER(C9))),"ND: falta peso o grasa",C7*(1-C9/100)) -> 47.56
A18: Diferencia con el peso de referencia (kg) | C18: =IF(OR(NOT(ISNUMBER(C7)),NOT(ISNUMBER(C11))),"ND",C7-C11) -> -2.5
A19: Control del peso mínimo acordado | C19: =IF(OR(NOT(ISNUMBER(C7)),NOT(ISNUMBER(C12))),"ND",IF(C7<C12,"ALERTA: el peso actual está por debajo del mínimo acordado con el equipo","El peso actual se mantiene sobre el mínimo acordado")) -> El peso actual se mantiene sobre el mínimo acordado
A21: El índice de masa corporal NO es un indicador válido de composición corporal en deportistas: la masa muscular eleva el peso sin que exista exceso de grasa. Se incluye solo como dato de contexto. Evite fijar metas de peso o de porcentaje de grasa sin una justificación de rendimiento y sin acuerdo explícito con el deportista y el equipo médico: la presión por el peso es un factor de riesgo reconocido de trastornos de la conducta alimentaria en el deporte.

Sheet HIDRATACION
A1: NUTRIMETRÍA · NMX-08
A2: Tasa de sudoración y estrategia de reposición
A4: =HYPERLINK("#INICIO!A1","▶ VOLVER A INICIO") -> ▶ VOLVER A INICIO
A6: MEDICIÓN EN UNA SESIÓN
A7: Fecha de la medición | C7: 2026-07-15
A8: Tipo de sesión | C8: Series en pista
A9: Duración de la sesión (horas) | C9: 1.5
A10: Temperatura ambiente (°C) | C10: 22
A11: Peso antes de la sesión (kg) | C11: 58 | L11: Sin ropa o con ropa seca mínima, tras orinar
A12: Peso después de la sesión (kg) | C12: 57.1 | L12: Secarse el sudor antes de pesarse
A13: Líquido ingerido durante la sesión (mL) | C13: 500
A14: Orina emitida durante la sesión (mL) | C14: 0
A16: RESULTADOS
A17: Pérdida de peso en la sesión (mL) | C17: =IF(OR(NOT(ISNUMBER(C11)),NOT(ISNUMBER(C12))),"ND",(C11-C12)*1000) -> 900
A18: TASA DE SUDORACIÓN (mL por hora) | C18: =IF(OR(NOT(ISNUMBER(C17)),NOT(ISNUMBER(C13)),NOT(ISNUMBER(C9)),C9=0),"ND: faltan datos",(C17+C13-IF(ISNUMBER(C14),C14,0))/C9) -> 933.33333
A19: Deshidratación (% del peso corporal) | C19: =IF(OR(NOT(ISNUMBER(C11)),NOT(ISNUMBER(C12)),C11=0),"ND",(C11-C12)/C11) -> 0.015517241
A20: Evaluación de la deshidratación | C20: =IF(NOT(ISNUMBER(C19)),"ND",IF(C19>u_desh,"SOBRE el 2% del peso: nivel que compromete el rendimiento","Bajo el 2% del peso corporal")) -> Bajo el 2% del peso corporal
A21: Reposición sugerida tras la sesión (mL) | C21: =IF(NOT(ISNUMBER(C17)),"ND",TEXT(C17*u_repMin,"0")&" a "&TEXT(C17*u_repMax,"0")&" mL") -> 1125 a 1350 mL
A22: Consumo sugerido durante la sesión (mL por hora) | C22: =IF(NOT(ISNUMBER(C18)),"ND",TEXT(C18*0.6,"0")&" a "&TEXT(C18*0.8,"0")&" mL/h") -> 560 a 747 mL/h
A24: La tasa de sudoración es específica de cada persona, sesión y clima: mídala en condiciones parecidas a las de competencia y repítala al cambiar de estación o de altitud. Beber MÁS de lo que se pierde no es inocuo: la sobrehidratación puede provocar hiponatremia. Estas cifras orientan una estrategia, no reemplazan la supervisión del equipo de salud.

Sheet SUPLEMENTOS
A1: NUTRIMETRÍA · NMX-08
A2: Registro de suplementos y resguardo antidopaje
A4: =HYPERLINK("#INICIO!A1","▶ VOLVER A INICIO") -> ▶ VOLVER A INICIO
A6: RESPONSABILIDAD ESTRICTA: en el deporte competitivo, el deportista responde por toda sustancia presente en su organismo, aunque la haya consumido sin saberlo. Los suplementos NO están sujetos al control sanitario de un medicamento y se han documentado productos contaminados con sustancias prohibidas no declaradas en la etiqueta. Ningún suplemento debe indicarse sin verificar la lista de prohibiciones vigente de la Agencia Mundial Antidopaje y sin coordinar con el médico del equipo.
A11: SUPLEMENTOS EN USO
A12: Producto | B12: Marca y lote | C12: Motivo de uso | D12: Dosis | E12: Frecuencia | F12: Desde cuándo | G12: ¿Quién lo indicó? | H12: ¿Verificado contra la lista de prohibiciones? | I12: Fecha de verificación | J12: Observaciones
A13: Hierro (sulfato ferroso) | B13: — | C13: Antecedente de anemia | D13: 1 comprimido | E13: Diaria | F13: 2025-11 | G13: Médico tratante | H13: Sí | I13: 2026-07-19 | J13: Con vitamina C, lejos del té
A14: Bebida deportiva | B14: — | C14: Reposición en sesiones largas | D14: 500 mL | E14: En sesiones >60 min | F14: 2024-03 | G14: Nutricionista | H14: Sí | I14: 2026-07-19
A15: Cafeína | B15: — | C15: Rendimiento en competencia | D15: 3 mg/kg | E15: Solo competencia | F15: 2025-08 | G15: Nutricionista | H15: Sí | I15: 2026-07-19 | J15: Probada previamente en entrenamiento
A24: CONTROL DEL REGISTRO
A25: Suplementos registrados | C25: =COUNTIF(A13:A22,"?*") -> 3
A26: Sin verificación antidopaje registrada | C26: =COUNTIFS(A13:A22,"?*",H13:H22,"<>Sí") -> 0
A27: Estado de la verificación | C27: =IF(C26=0,"Todos los suplementos registrados cuentan con verificación","ALERTA: "&C26&" suplemento(s) sin verificación registrada frente a la lista de prohibiciones") -> Todos los suplementos registrados cuentan con verificación
A29: Este libro NO reproduce la lista de sustancias prohibidas ni la sustituye: esa lista se actualiza cada año y debe consultarse en su versión vigente y oficial. Aquí solo se deja constancia de que la verificación se realizó, por quién y en qué fecha. Cualquier uso terapéutico de una sustancia prohibida requiere la autorización correspondiente tramitada por vía médica.

Sheet TAMIZAJE
A1: NUTRIMETRÍA · NMX-08
A2: Disponibilidad energética y señales de deficiencia energética relativa
A4: =HYPERLINK("#INICIO!A1","▶ VOLVER A INICIO") -> ▶ VOLVER A INICIO
A6: ESTIMACIÓN DE LA DISPONIBILIDAD ENERGÉTICA
A7: Ingesta energética estimada (kcal/día) | C7: 1900 | L7: Obténgala de un recordatorio de 24 h o de un registro de varios días
A8: Gasto por ejercicio (kcal/día) | C8: =v_eee -> 551.42857 | L8: Promedio diario tomado de la hoja ENTRENAMIENTO
A9: Masa libre de grasa (kg) | C9: =v_mlg -> 47.56 | L9: Calculada en la hoja ANTROPOMETRÍA
A10: DISPONIBILIDAD ENERGÉTICA (kcal/kg de masa libre de grasa al día) | C10: =IF(OR(NOT(ISNUMBER(C7)),NOT(ISNUMBER(C8)),NOT(ISNUMBER(C9)),C9=0),"ND: faltan ingesta, gasto o masa libre de grasa",(C7-C8)/C9) -> 28.35516
A11: Clasificación | C11: =IF(NOT(ISNUMBER(C10)),"ND",INDEX(rng_DE,MATCH(C10,lim_DE,1),3)) -> Baja · riesgo de RED-S
A13: SEÑALES CLÍNICAS ASOCIADAS
A14: Alteración del ciclo menstrual | C14: =IDENTIFICACION!C34 -> No corresponde
A15: Fracturas por estrés o lesiones óseas | C15: Sí
A16: Fatiga persistente o rendimiento estancado | C16: Sí
A17: Alteraciones digestivas frecuentes | C17: Sí
A18: Enfermedades respiratorias a repetición | C18: No
A19: Estado de ánimo bajo o irritabilidad | C19: Sí
A20: Preocupación excesiva por el peso o la figura | C20: No se consultó
A21: Restricción alimentaria referida o conductas compensatorias | C21: No se consultó
A23: SÍNTESIS DEL TAMIZAJE
A24: Señales presentes | C24: =COUNTIF(C14:C21,"Sí") -> 4
A25: LECTURA DEL TAMIZAJE | C25: =IF(NOT(ISNUMBER(C10)),"ND: complete los datos de la estimación",IF(AND(C10<30,C24>=2),"SOSPECHA ALTA de deficiencia energética relativa en el deporte: disponibilidad energética baja acompañada de señales clínicas. Derive a evaluación médica y suspenda cualquier objetivo de reducción de peso.",IF(C10<30,"Disponibilidad energética BAJA: revise la ingesta y la carga antes de cualquier otro objetivo.",IF(C24>=2,"Disponibilidad energética suficiente, pero hay señales clínicas que ameritan estudio.","Sin sospecha evidente en lo evaluado.")))) -> SOSPECHA ALTA de deficiencia energética relativa en el deporte: disponibilidad energética baja acompañada de señales clínicas. Derive a evaluación médica y suspenda cualquier objetivo de reducción de peso.
A27: Este tamizaje NO diagnostica. La deficiencia energética relativa en el deporte es un cuadro clínico que diagnostica un equipo médico, con instrumentos validados que este libro no reproduce. Una disponibilidad energética baja estimada obliga a descartar también un trastorno de la conducta alimentaria, cuya prevalencia es mayor en deportes de resistencia, de categorías por peso y estéticos. Ante sospecha, la conducta segura es aumentar el aporte y reducir la carga, nunca al revés.

Sheet DIAGNOSTICO
A1: NUTRIMETRÍA · NMX-08
A2: Diagnóstico nutricional deportivo y plan de intervención
A4: =HYPERLINK("#INICIO!A1","▶ VOLVER A INICIO") -> ▶ VOLVER A INICIO
A6: SÍNTESIS DE LA VALORACIÓN
A7: Perfil deportivo | C7: ="Disciplina: "&IDENTIFICACION!C16&" · Nivel: "&IDENTIFICACION!C18&" · Fase: "&IDENTIFICACION!C20 -> Disciplina: Atletismo · medio fondo · Nivel: Recreativo · Fase: Competitiva
A8: Carga de entrenamiento | C8: =IF(NOT(ISNUMBER(v_horas)),"ND","Carga "&ENTRENAMIENTO!C29&" · "&TEXT(v_horas,"0.0")&" horas semanales · gasto medio "&TEXT(v_eee,"0")&" kcal al día") -> Carga Moderada · 07 horas semanales · gasto medio 551 kcal al día
A9: Composición corporal | C9: =IF(NOT(ISNUMBER(v_mlg)),"ND","Peso "&TEXT(v_peso,"0.0")&" kg · masa libre de grasa "&TEXT(v_mlg,"0.0")&" kg") -> Peso 58 kg · masa libre de grasa 48 kg
A10: Hidratación | C10: =IF(NOT(ISNUMBER(HIDRATACION!C18)),"ND","Tasa de sudoración "&TEXT(HIDRATACION!C18,"0")&" mL/h · deshidratación en la sesión "&TEXT(HIDRATACION!C19,"0.0%")) -> Tasa de sudoración 933 mL/h · deshidratación en la sesión 02%
A11: Disponibilidad energética | C11: =IF(NOT(ISNUMBER(TAMIZAJE!C10)),"ND",TEXT(TAMIZAJE!C10,"0.0")&" kcal/kg de masa libre de grasa al día · "&TAMIZAJE!C11) -> 28 kcal/kg de masa libre de grasa al día · Baja · riesgo de RED-S
A12: Resultado del tamizaje | C12: =TAMIZAJE!C25 -> SOSPECHA ALTA de deficiencia energética relativa en el deporte: disponibilidad energética baja acompañada de señales clínicas. Derive a evaluación médica y suspenda cualquier objetivo de reducción de peso.
A14: DIAGNÓSTICO NUTRICIONAL
A15: PROBLEMA (qué ocurre) | C15: Disponibilidad energética baja en deportista de resistencia.
A16: ETIOLOGÍA (a qué se debe) | C16: Ingesta energética insuficiente para la carga de entrenamiento actual, sin intención declarada de bajar de peso.
A17: SIGNOS Y SÍNTOMAS (en qué se evidencia) | C17: Disponibilidad energética estimada bajo el umbral de referencia; amenorrea de 5 meses; antecedente de fractura por estrés; fatiga persistente y molestias digestivas.
A18: Diagnóstico en una frase | C18: Deficiencia energética relativa en el deporte, sospechada por disponibilidad energética baja junto a amenorrea y antecedente de lesión ósea por estrés.
A19: Nivel de riesgo | C19: Alto
A20: ¿Requiere derivación médica? | C20: Sí
A21: A quién y por qué | C21: Medicina del deporte y ginecología por amenorrea; evaluación de salud ósea por el antecedente de fractura por estrés; salud mental si se confirman conductas restrictivas.
A23: PLAN DE INTERVENCIÓN
A24: Objetivo general | C24: Restablecer la disponibilidad energética antes de cualquier objetivo de composición corporal.
A25: Objetivos específicos | C25: Aumentar la ingesta en forma progresiva hasta superar el umbral de referencia. Recuperar el ciclo menstrual. Sostener la carga sin incrementarla durante la fase de recuperación.
A26: Estrategia de aporte energético | C26: Incorporar colaciones alrededor de las sesiones y aumentar la densidad energética de las comidas principales.
A27: Aporte en torno al entrenamiento | C27: Hidratos de carbono antes y después de las sesiones de calidad; proteína distribuida en el día.
A28: Estrategia de hidratación | C28: Reponer según la tasa de sudoración medida; ajustar en calor.
A29: Suplementación acordada | C29: Mantener hierro bajo indicación médica; sin incorporaciones nuevas sin verificación.
A30: Educación entregada | C30: Relación entre energía disponible, salud ósea y ciclo menstrual.
A31: Acuerdos con el deportista | C31: No reducir peso durante esta fase; registrar molestias digestivas.
A32: Coordinación con el cuerpo técnico | C32: Informar la indicación de no incrementar carga.
A33: Fecha del próximo control | C33: 2026-08-16
A34: Qué se evaluará | C34: Ingesta, peso, ciclo menstrual, fatiga y adherencia.
A36: CONTROL DEL REGISTRO
A37: ¿Está registrada la autorización del deportista? | C37: =IF(IDENTIFICACION!C42="Sí","OK","REVISAR: falta la autorización en la hoja IDENTIFICACIÓN") -> OK
A38: ¿Están completos peso, talla y grasa corporal? | C38: =IF(AND(ISNUMBER(v_peso),ISNUMBER(v_mlg)),"OK","REVISAR: faltan datos de composición corporal") -> OK
A39: ¿Todos los suplementos tienen verificación antidopaje? | C39: =IF(SUPLEMENTOS!C26=0,"OK","REVISAR: hay suplementos sin verificación registrada") -> OK
A40: ¿Se registró el diagnóstico nutricional? | C40: =IF(OR(C18="",C18="—"),"REVISAR: falta redactar el diagnóstico","OK") -> OK
A41: ¿Se dejó fecha de próximo control? | C41: =IF(C34="","REVISAR: falta la fecha del próximo control","OK") -> OK
A42: Controles pendientes | C42: =COUNTIF(C37:C41,"REVISAR*") -> 0
A44: El diagnóstico nutricional es un juicio profesional que este libro no genera ni valida: la síntesis reúne los datos registrados, pero la interpretación y la conducta son de quien firma la ficha. En deporte competitivo, toda indicación debe coordinarse con el equipo médico y respetar la normativa antidopaje vigente.

Sheet FUENTES
A1: NUTRIMETRÍA · NMX-08
A2: Fuentes, métodos y trazabilidad
A4: =HYPERLINK("#INICIO!A1","▶ VOLVER A INICIO") -> ▶ VOLVER A INICIO
A6: MÉTODOS Y CRITERIOS APLICADOS
A7: Elemento | B7: Alcance y origen
A8: Disponibilidad energética | B8: Se calcula como (ingesta energética − gasto por ejercicio) dividido por la masa libre de grasa, expresado en kilocalorías por kilo de masa libre de grasa al día. Es el indicador central del modelo de deficiencia energética relativa en el deporte. El umbral orientador de 30 kcal/kg de masa libre de grasa al día proviene de estudios en mujeres deportistas y NO es un punto de corte diagnóstico individual.
A9: Deficiencia energética relativa en el deporte | B9: Marco conceptual del Comité Olímpico Internacional que amplía la tríada de la deportista a ambos sexos y a múltiples sistemas: óseo, endocrino, metabólico, hematológico, inmunológico, cardiovascular, digestivo y psicológico. Este libro aplica sus ideas como TAMIZAJE y no reproduce ninguna herramienta de evaluación de riesgo, que tiene autoría propia y debe aplicarse por separado.
A10: Hidratos de carbono y proteína por carga | B10: Rangos de referencia de uso extendido en nutrición deportiva, expresados por kilo de peso corporal y escalados según horas de entrenamiento. Son referencias poblacionales EDITABLES en CONFIG, no prescripciones individuales.
A11: Tasa de sudoración | B11: Se estima como la pérdida de peso durante la sesión más el líquido ingerido, menos la orina emitida, dividido por la duración en horas. Supone que un gramo de peso perdido equivale a un mililitro de sudor, aproximación válida para sesiones de duración habitual.
A12: Umbral de deshidratación | B12: La pérdida superior al 2% del peso corporal se asocia con deterioro del rendimiento, especialmente en calor. Es un valor orientador y editable.
A13: Masa libre de grasa | B13: Se deriva del peso y del porcentaje de grasa que usted ingrese. La exactitud depende íntegramente del método de estimación empleado, que debe quedar registrado en la hoja ANTROPOMETRÍA.
A14: Índice de masa corporal | B14: Se incluye solo como dato de contexto. NO es un indicador válido de composición corporal en población deportiva.
A15: Antidopaje | B15: Este libro no reproduce ni sustituye la lista de sustancias y métodos prohibidos, que se actualiza anualmente y debe consultarse en su versión oficial vigente. Solo deja constancia documental de que la verificación se realizó, por quién y en qué fecha. El principio de responsabilidad estricta hace responsable al deportista por cualquier sustancia presente en su organismo.
A16: Instrumentos no reproducidos | B16: No se incluyen cuestionarios validados de tamizaje de trastornos alimentarios, de riesgo nutricional ni de evaluación de deficiencia energética. Aplíquelos por separado y registre solo el instrumento y su resultado.
A17: Qué NO resuelve este libro | B17: No calcula el gasto por ejercicio, que usted ingresa; no evalúa técnica deportiva; no reemplaza la evaluación médica ni la ficha clínica institucional; no está validado clínicamente.
A19: Los valores de referencia precargados en CONFIG son puntos de partida editables. Confirme siempre los criterios vigentes que utiliza en su práctica y los protocolos de la institución o federación con que trabaja.

Sheet PRUEBAS
A1: NUTRIMETRÍA · NMX-08
A2: Control de calidad del motor de cálculo
A4: =HYPERLINK("#INICIO!A1","▶ VOLVER A INICIO") -> ▶ VOLVER A INICIO
A6: Los valores esperados se calcularon de forma independiente del motor del libro (verificación externa).
A8: Bloque | B8: Descripción de la prueba | C8: Obtenido | D8: Esperado | E8: Estado
A9: A | B9: Masa libre de grasa (58 kg con 18% de grasa) | C9: =ANTROPOMETRIA!C17 -> 47.56 | D9: 47.56 | E9: =IF(AND(ISNUMBER(C9),ISNUMBER(D9)),IF(ABS(C9-D9)<=0.001,"APROBADO","REVISAR"),IF(EXACT(C9&"",D9&""),"APROBADO","REVISAR")) -> APROBADO
A10: A | B10: Índice de masa corporal (58 kg y 1,68 m) | C10: =ANTROPOMETRIA!C15 -> 20.549887 | D10: 20.549887 | E10: =IF(AND(ISNUMBER(C10),ISNUMBER(D10)),IF(ABS(C10-D10)<=0.001,"APROBADO","REVISAR"),IF(EXACT(C10&"",D10&""),"APROBADO","REVISAR")) -> APROBADO
A11: A | B11: Masa grasa (kg) | C11: =ANTROPOMETRIA!C16 -> 10.44 | D11: 10.44 | E11: =IF(AND(ISNUMBER(C11),ISNUMBER(D11)),IF(ABS(C11-D11)<=0.001,"APROBADO","REVISAR"),IF(EXACT(C11&"",D11&""),"APROBADO","REVISAR")) -> APROBADO
A12: B | B12: Horas semanales de entrenamiento | C12: =v_horas -> 7.4166667 | D12: 7.4166667 | E12: =IF(AND(ISNUMBER(C12),ISNUMBER(D12)),IF(ABS(C12-D12)<=0.001,"APROBADO","REVISAR"),IF(EXACT(C12&"",D12&""),"APROBADO","REVISAR")) -> APROBADO
A13: B | B13: Gasto diario promedio por ejercicio | C13: =v_eee -> 551.42857 | D13: 551.42857 | E13: =IF(AND(ISNUMBER(C13),ISNUMBER(D13)),IF(ABS(C13-D13)<=0.001,"APROBADO","REVISAR"),IF(EXACT(C13&"",D13&""),"APROBADO","REVISAR")) -> APROBADO
A14: B | B14: Categoría de carga asignada | C14: =ENTRENAMIENTO!C29 -> Moderada | D14: Moderada | E14: =IF(AND(ISNUMBER(C14),ISNUMBER(D14)),IF(ABS(C14-D14)<=0.001,"APROBADO","REVISAR"),IF(EXACT(C14&"",D14&""),"APROBADO","REVISAR")) -> APROBADO
A15: C | B15: Pérdida de peso en la sesión (mL) | C15: =HIDRATACION!C17 -> 900 | D15: 900 | E15: =IF(AND(ISNUMBER(C15),ISNUMBER(D15)),IF(ABS(C15-D15)<=0.001,"APROBADO","REVISAR"),IF(EXACT(C15&"",D15&""),"APROBADO","REVISAR")) -> APROBADO
A16: C | B16: Tasa de sudoración (mL/h) | C16: =HIDRATACION!C18 -> 933.33333 | D16: 933.33333 | E16: =IF(AND(ISNUMBER(C16),ISNUMBER(D16)),IF(ABS(C16-D16)<=0.001,"APROBADO","REVISAR"),IF(EXACT(C16&"",D16&""),"APROBADO","REVISAR")) -> APROBADO
A17: C | B17: Deshidratación como fracción del peso | C17: =HIDRATACION!C19 -> 0.015517241 | D17: 0.015517241 | E17: =IF(AND(ISNUMBER(C17),ISNUMBER(D17)),IF(ABS(C17-D17)<=0.001,"APROBADO","REVISAR"),IF(EXACT(C17&"",D17&""),"APROBADO","REVISAR")) -> APROBADO
A18: C | B18: La deshidratación queda bajo el umbral del 2% | C18: =IF(LEFT(HIDRATACION!C20,4)="Bajo","BAJO","SOBRE") -> BAJO | D18: BAJO | E18: =IF(AND(ISNUMBER(C18),ISNUMBER(D18)),IF(ABS(C18-D18)<=0.001,"APROBADO","REVISAR"),IF(EXACT(C18&"",D18&""),"APROBADO","REVISAR")) -> APROBADO
A19: D | B19: DISPONIBILIDAD ENERGÉTICA del caso | C19: =TAMIZAJE!C10 -> 28.35516 | D19: 28.35516 | E19: =IF(AND(ISNUMBER(C19),ISNUMBER(D19)),IF(ABS(C19-D19)<=0.001,"APROBADO","REVISAR"),IF(EXACT(C19&"",D19&""),"APROBADO","REVISAR")) -> APROBADO
A20: D | B20: Clasificación de la disponibilidad energética | C20: =TAMIZAJE!C11 -> Baja · riesgo de RED-S | D20: Baja · riesgo de RED-S | E20: =IF(AND(ISNUMBER(C20),ISNUMBER(D20)),IF(ABS(C20-D20)<=0.001,"APROBADO","REVISAR"),IF(EXACT(C20&"",D20&""),"APROBADO","REVISAR")) -> APROBADO
A21: D | B21: Señales clínicas presentes | C21: =TAMIZAJE!C24 -> 4 | D21: 4 | E21: =IF(AND(ISNUMBER(C21),ISNUMBER(D21)),IF(ABS(C21-D21)<=0.001,"APROBADO","REVISAR"),IF(EXACT(C21&"",D21&""),"APROBADO","REVISAR")) -> APROBADO
A22: D | B22: El tamizaje activa la sospecha alta | C22: =IF(LEFT(TAMIZAJE!C25,16)="SOSPECHA ALTA de","ACTIVA","NO ACTIVA") -> ACTIVA | D22: ACTIVA | E22: =IF(AND(ISNUMBER(C22),ISNUMBER(D22)),IF(ABS(C22-D22)<=0.001,"APROBADO","REVISAR"),IF(EXACT(C22&"",D22&""),"APROBADO","REVISAR")) -> APROBADO
A23: E | B23: Suplementos registrados | C23: =SUPLEMENTOS!C25 -> 3 | D23: 3 | E23: =IF(AND(ISNUMBER(C23),ISNUMBER(D23)),IF(ABS(C23-D23)<=0.001,"APROBADO","REVISAR"),IF(EXACT(C23&"",D23&""),"APROBADO","REVISAR")) -> APROBADO
A24: E | B24: Suplementos sin verificación antidopaje | C24: =SUPLEMENTOS!C26 -> 0 | D24: 0 | E24: =IF(AND(ISNUMBER(C24),ISNUMBER(D24)),IF(ABS(C24-D24)<=0.001,"APROBADO","REVISAR"),IF(EXACT(C24&"",D24&""),"APROBADO","REVISAR")) -> APROBADO
A25: F | B25: Un valor ausente NO se interpreta como cero | C25: =IF(ISNUMBER(""),"NUMERO","ND") -> ND | D25: ND | E25: =IF(AND(ISNUMBER(C25),ISNUMBER(D25)),IF(ABS(C25-D25)<=0.001,"APROBADO","REVISAR"),IF(EXACT(C25&"",D25&""),"APROBADO","REVISAR")) -> APROBADO
A26: F | B26: Controles pendientes del registro | C26: =DIAGNOSTICO!C42 -> 0 | D26: 0 | E26: =IF(AND(ISNUMBER(C26),ISNUMBER(D26)),IF(ABS(C26-D26)<=0.001,"APROBADO","REVISAR"),IF(EXACT(C26&"",D26&""),"APROBADO","REVISAR")) -> APROBADO
A28: RESUMEN | B28: Pruebas aprobadas | C28: =COUNTIF(E9:E26,"APROBADO") -> 18 | D28: =COUNTA(E9:E26) -> 18 | E28: =IF(C28=D28,"TODAS APROBADAS","HAY PRUEBAS POR REVISAR") -> TODAS APROBADAS

Sheet CONFIG
A1: NUTRIMETRÍA · NMX-08
A2: Configuración · constantes y criterios de referencia
A4: =HYPERLINK("#INICIO!A1","▶ VOLVER A INICIO") -> ▶ VOLVER A INICIO
A6: DISPONIBILIDAD ENERGÉTICA (kcal por kg de masa libre de grasa al día)
A7: Límite inferior | C7: Categoría
A8: 0 | C8: Baja · riesgo de RED-S
A9: 30 | C9: Reducida · vigilar
A10: 45 | C10: Óptima
A11: El umbral de 30 kcal/kg de masa libre de grasa al día es un valor orientador ampliamente citado, no un punto de corte diagnóstico: la disponibilidad energética baja se sospecha, no se diagnostica, con una sola estimación. Requiere confirmación clínica y evaluación de todo el cuadro.
A15: REQUERIMIENTOS POR CARGA DE ENTRENAMIENTO (g por kg de peso al día)
A16: Carga | B16: Horas semanales | C16: H de C mínimo | D16: H de C máximo | E16: Proteína mínima | F16: Proteína máxima
A17: Ligera | B17: 3 | C17: 3 | D17: 5 | E17: 1.2 | F17: 1.4
A18: Moderada | B18: 7 | C18: 5 | D18: 7 | E18: 1.2 | F18: 1.6
A19: Alta | B19: 12 | C19: 6 | D19: 10 | E19: 1.4 | F19: 1.8
A20: Muy alta | B20: 18 | C20: 8 | D20: 12 | E20: 1.6 | F20: 2
A22: UMBRALES DE HIDRATACIÓN Y CONTROL
A23: Pérdida de peso que compromete el rendimiento | D23: % del peso | E23: 0.02
A24: Reposición mínima sobre la pérdida | D24: factor | E24: 1.25
A25: Reposición máxima sobre la pérdida | D25: factor | E25: 1.5
A26: Tolerancia de las pruebas | D26: ± | E26: 0.0001
A28: LISTAS DESPLEGABLES
A29: SEXO | D29: NIVEL | G29: FASE | J29: SI | M29: MENSTRUAL
A30: Femenino | D30: Recreativo | G30: Pretemporada | J30: Sí | M30: Ciclos regulares
A31: Masculino | D31: Federado regional | G31: Competitiva | J31: No | M31: Ciclos irregulares
D32: Federado nacional | G32: Transición o descanso | J32: No se consultó | M32: Amenorrea
D33: Selección nacional | G33: Recuperación de lesión | M33: Anticoncepción hormonal
D34: Profesional | M34: No corresponde
M35: Prefiere no responder

Sheet CHANGELOG
A1: NUTRIMETRÍA · NMX-08
A2: Historial de versiones
A4: =HYPERLINK("#INICIO!A1","▶ VOLVER A INICIO") -> ▶ VOLVER A INICIO
A6: Versión | B6: Fecha | C6: Cambio | D6: Motivo
A7: 1.0 | B7: 2026-07-19 | C7: Versión inicial de NMX-08: historia clínica de nutrición deportiva con perfil del deportista, carga de entrenamiento, composición corporal, tasa de sudoración, registro de suplementos con resguardo antidopaje, tamizaje de disponibilidad energética y diagnóstico con plan. | D7: Fase 5 · Registros clínicos.
A8: 1.0 | B8: 2026-07-19 | C8: Tamizaje de disponibilidad energética como eje del módulo, con lectura combinada de la cifra y las señales clínicas. | D8: La deficiencia energética relativa es el problema nutricional de mayor impacto en el deporte de resistencia y suele pasar inadvertida con peso normal.
A9: 1.0 | B9: 2026-07-19 | C9: Registro de suplementos con verificación antidopaje obligatoria y conteo de pendientes. | D9: El principio de responsabilidad estricta hace responsable al deportista de toda sustancia presente en su organismo.
A10: 1.0 | B10: 2026-07-19 | C10: Alerta automática ante alteración del ciclo menstrual y control del peso mínimo acordado. | D10: Ambos son signos de alarma que no deben quedar sujetos a que alguien los recuerde.
A11: 1.0 | B11: 2026-07-19 | C11: Diseño visual y barra de navegación replicados de NMX-10 aprobado. | D11: Unificar la identidad de la colección.
