Workbook
Name k_de: CONFIG!$E$24
Name k_descanso: CONFIG!$E$23
Name k_semCron: CONFIG!$E$22
Name k_tol: CONFIG!$E$25
Name lst_dia: CONFIG!$A$33:$A$39
Name lst_fase: CONFIG!$G$33:$G$38
Name lst_modelo: CONFIG!$M$33:$M$36
Name lst_si: CONFIG!$J$33:$J$34
Name lst_tipo: CONFIG!$D$33:$D$41
Name rng_zonas: CONFIG!$A$8:$E$10
Name u_acwrMax: CONFIG!$E$21
Name u_acwrMin: CONFIG!$E$20
Name u_descarga: CONFIG!$E$19
Name u_mono: CONFIG!$E$17
Name u_progMax: CONFIG!$E$18
Name v_carga: CARGA!$C$17
Name v_modelo: DATOS!$C$18
Name v_mono: CARGA!$C$20
Name v_semana: DATOS!$C$17
Name v_strain: CARGA!$C$21

Sheet INICIO
A1: NUTRIMETRÍA · NMX-33
A2: Planificador de entrenamiento semanal · versión 1.0 · Fase 6 · planificación
A4: Navegación — use las pestañas inferiores del libro
A5: =HYPERLINK("#DATOS!A1","▶ DATOS") -> ▶ DATOS | C5: =HYPERLINK("#SEMANA!A1","▶ SEMANA") -> ▶ SEMANA | E5: =HYPERLINK("#CARGA!A1","▶ CARGA") -> ▶ CARGA | G5: =HYPERLINK("#DISTRIBUCION!A1","▶ DISTRIBUCION") -> ▶ DISTRIBUCION | I5: =HYPERLINK("#PROGRESION!A1","▶ PROGRESION") -> ▶ PROGRESION | K5: =HYPERLINK("#PANEL!A1","▶ PANEL") -> ▶ PANEL | M5: =HYPERLINK("#FUENTES!A1","▶ FUENTES") -> ▶ FUENTES | O5: =HYPERLINK("#PRUEBAS!A1","▶ PRUEBAS") -> ▶ PRUEBAS
A6: Deportista y ciclo | C6: Sesiones de la semana | E6: Carga, monotonía y strain | G6: Zonas de intensidad | I6: Semana a semana | K6: Tablero visual | M6: Evidencia y trazabilidad | O6: Control de calidad
A7: =HYPERLINK("#CONFIG!A1","▶ CONFIG") -> ▶ CONFIG | C7: =HYPERLINK("#CHANGELOG!A1","▶ CHANGELOG") -> ▶ CHANGELOG
A8: Constantes | C8: Historial
A10: Código del producto | C10: NMX-33
A11: Versión | C11: 1.0
A12: Fecha | C12: 2026-07-23
A13: Base metodológica | C13: Carga por esfuerzo percibido · Foster 2001 · monotonía y strain · Foster 1998
A14: Complemento | C14: NMX-11 planifica el combustible para esta misma semana de entrenamiento
A15: Formato | C15: .xlsx sin macros · Microsoft 365 (Windows) y Excel 2021 · sin funciones matriciales
A16: Responsable | C16: Equipo Nutrimetría (completar por el titular)
A18: QUÉ MIRA ESTE PLANIFICADOR
A19: CUÁNTO se entrena: la carga semanal, obtenida multiplicando la duración de cada sesión por su esfuerzo percibido.
A20: CÓMO se reparte dentro de la semana: la monotonía mide si los días se parecen demasiado entre sí. Un mismo volumen sin contraste produce más desgaste que el mismo volumen con días suaves reales.
A21: DÓNDE se ubica la intensidad: el reparto del tiempo entre zona suave, moderada y alta, contrastado con el modelo que usted declare.
A22: CÓMO cambia de una semana a otra: la progresión y su relación con el promedio de las semanas recientes.
A24: AVISO DE ALCANCE — LÉALO ANTES DE USAR
A25: EXACTITUD MATEMÁTICA ≠ VALIDACIÓN CLÍNICA. Este archivo no está validado y no constituye prescripción de entrenamiento.
A26: NINGÚN indicador de este libro predice lesión ni sobreentrenamiento. La razón entre carga aguda y crónica se incluye solo como descriptor de progresión y fue objetada como predictor: lea FUENTES antes de interpretarla.
A27: Las unidades arbitrarias permiten comparar semanas de UNA MISMA persona. No comparan personas ni deportes.
A28: Las zonas se definen por esfuerzo percibido y no equivalen a zonas fisiológicas medidas por umbrales ventilatorios o de lactato.
A29: Los umbrales de monotonía y de progresión son convenciones orientadoras y editables, no límites validados.
A30: El plan describe lo programado: no reemplaza la evaluación del deportista, su descanso, su alimentación ni el criterio del entrenador.
A32: FLUJO DE USO
A33: 1 | C33: En DATOS registre al deportista, la fase del ciclo y el modelo de distribución que va a aplicar.
A34: 2 | C34: En SEMANA cargue las sesiones: día, tipo, duración y esfuerzo percibido de 0 a 10 registrado DESPUÉS de entrenar.
A35: 3 | C35: CARGA calcula sola la carga semanal, la monotonía y el strain, e indica si la semana quedó plana.
A36: 4 | C36: DISTRIBUCIÓN contrasta el reparto real de la intensidad con el modelo declarado.
A37: 5 | C37: En PROGRESIÓN escriba la carga de las semanas previas para ver la evolución y el cambio porcentual.
A38: 6 | C38: PANEL resume todo antes de la conversación con el deportista.
A39: 7 | C39: Para planificar la alimentación de esta misma semana, use NMX-11.

Sheet DATOS
A1: NUTRIMETRÍA · NMX-33
A2: Deportista, ciclo y modelo de entrenamiento
A4: =HYPERLINK("#INICIO!A1","▶ VOLVER A INICIO") -> ▶ VOLVER A INICIO
A6: DEPORTISTA
A7: Nombre o identificador | C7: Caso de ejemplo
A8: Edad (años) | C8: 31
A9: Sexo | C9: Masculino
A10: Deporte o disciplina | C10: Trail running
A11: Nivel | C11: Federado
A12: Años de práctica | C12: 6
A13: Antecedente de lesión en los últimos 12 meses | C13: No | L13: Condiciona la progresión aceptable
A15: CICLO Y MODELO
A16: Fase del ciclo | C16: Construcción
A17: Semana del mesociclo | C17: 3 | L17: La cuarta suele ser de descarga
A18: Modelo de distribución de intensidad | C18: Polarizado | L18: Debe coincidir con la referencia de CONFIG
A19: Objetivo de la semana | C19: Sostener volumen e incorporar una segunda sesión de calidad.
A20: Próxima competencia | C20: 2026-10-04
A21: Semanas hasta la competencia | C21: 10
A22: Entrenador responsable | C22: —
A23: Fecha del plan | C23: 2026-07-23
A25: Aviso de descarga | C25: =IF(NOT(ISNUMBER(C17)),"ND",IF(MOD(C17,4)=0,"Esta es la cuarta semana del bloque: suele corresponder una semana de descarga con reducción de volumen.","Semana de carga dentro del bloque.")) -> Semana de carga dentro del bloque.
A27: La planificación de la carga no reemplaza la evaluación del deportista. Un plan bien construido en el papel puede ser inadecuado si la persona llega con fatiga acumulada, sueño insuficiente o una ingesta que no sostiene el trabajo. Revise esos elementos antes de aumentar la carga.

Sheet SEMANA
A1: NUTRIMETRÍA · NMX-33
A2: Sesiones de la semana · duración y esfuerzo percibido
A4: =HYPERLINK("#INICIO!A1","▶ VOLVER A INICIO") -> ▶ VOLVER A INICIO
A6: El esfuerzo percibido se registra DESPUÉS de la sesión, en escala de 0 a 10, preguntando cuán exigente fue en conjunto. Es una medida de carga interna: refleja cómo respondió la persona, no solo lo que se programó. Una misma sesión puede tener esfuerzos distintos en semanas distintas.
A10: PROGRAMA DE LA SEMANA
A11: Día | B11: Tipo de sesión | C11: Duración (min) | D11: Esfuerzo percibido (0-10) | E11: Carga de la sesión (UA) | F11: Zona | G11: Descripción del trabajo | H11: Observaciones
A12: Lunes | B12: Descanso | C12: 0 | D12: 0 | E12: =IF(OR(NOT(ISNUMBER($C12)),NOT(ISNUMBER($D12))),"",$C12*$D12) -> 0 | F12: =IF(OR(NOT(ISNUMBER($D12)),$D12=0),"—",IF($D12<=INDEX(rng_zonas,1,3),INDEX(rng_zonas,1,1),IF($D12<=INDEX(rng_zonas,2,3),INDEX(rng_zonas,2,1),INDEX(rng_zonas,3,1)))) -> — | G12: Descanso completo
A13: Martes | B13: Intervalos | C13: 75 | D13: 8 | E13: =IF(OR(NOT(ISNUMBER($C13)),NOT(ISNUMBER($D13))),"",$C13*$D13) -> 600 | F13: =IF(OR(NOT(ISNUMBER($D13)),$D13=0),"—",IF($D13<=INDEX(rng_zonas,1,3),INDEX(rng_zonas,1,1),IF($D13<=INDEX(rng_zonas,2,3),INDEX(rng_zonas,2,1),INDEX(rng_zonas,3,1)))) -> Zona 3 · alta | G13: 6 × 4 min en cuesta | H13: Sesión de calidad
A14: Miércoles | B14: Resistencia suave | C14: 60 | D14: 4 | E14: =IF(OR(NOT(ISNUMBER($C14)),NOT(ISNUMBER($D14))),"",$C14*$D14) -> 240 | F14: =IF(OR(NOT(ISNUMBER($D14)),$D14=0),"—",IF($D14<=INDEX(rng_zonas,1,3),INDEX(rng_zonas,1,1),IF($D14<=INDEX(rng_zonas,2,3),INDEX(rng_zonas,2,1),INDEX(rng_zonas,3,1)))) -> Zona 1 · suave | G14: Rodaje en llano
A15: Jueves | B15: Umbral | C15: 90 | D15: 8 | E15: =IF(OR(NOT(ISNUMBER($C15)),NOT(ISNUMBER($D15))),"",$C15*$D15) -> 720 | F15: =IF(OR(NOT(ISNUMBER($D15)),$D15=0),"—",IF($D15<=INDEX(rng_zonas,1,3),INDEX(rng_zonas,1,1),IF($D15<=INDEX(rng_zonas,2,3),INDEX(rng_zonas,2,1),INDEX(rng_zonas,3,1)))) -> Zona 3 · alta | G15: 3 × 15 min en umbral | H15: Sesión de calidad
A16: Viernes | B16: Movilidad o regenerativo | C16: 45 | D16: 3 | E16: =IF(OR(NOT(ISNUMBER($C16)),NOT(ISNUMBER($D16))),"",$C16*$D16) -> 135 | F16: =IF(OR(NOT(ISNUMBER($D16)),$D16=0),"—",IF($D16<=INDEX(rng_zonas,1,3),INDEX(rng_zonas,1,1),IF($D16<=INDEX(rng_zonas,2,3),INDEX(rng_zonas,2,1),INDEX(rng_zonas,3,1)))) -> Zona 1 · suave | G16: Trote suave y movilidad
A17: Sábado | B17: Resistencia moderada | C17: 180 | D17: 6 | E17: =IF(OR(NOT(ISNUMBER($C17)),NOT(ISNUMBER($D17))),"",$C17*$D17) -> 1080 | F17: =IF(OR(NOT(ISNUMBER($D17)),$D17=0),"—",IF($D17<=INDEX(rng_zonas,1,3),INDEX(rng_zonas,1,1),IF($D17<=INDEX(rng_zonas,2,3),INDEX(rng_zonas,2,1),INDEX(rng_zonas,3,1)))) -> Zona 2 · moderada | G17: Fondo con desnivel | H17: Sesión larga
A18: Domingo | B18: Umbral | C18: 90 | D18: 5 | E18: =IF(OR(NOT(ISNUMBER($C18)),NOT(ISNUMBER($D18))),"",$C18*$D18) -> 450 | F18: =IF(OR(NOT(ISNUMBER($D18)),$D18=0),"—",IF($D18<=INDEX(rng_zonas,1,3),INDEX(rng_zonas,1,1),IF($D18<=INDEX(rng_zonas,2,3),INDEX(rng_zonas,2,1),INDEX(rng_zonas,3,1)))) -> Zona 2 · moderada | G18: Rodaje sostenido
A19: TOTAL DE LA SEMANA | C19: =SUM(C12:C18) -> 540 | E19: =SUM(E12:E18) -> 3225
A21: CONTROL DEL PROGRAMA
A22: Minutos totales de la semana | C22: =C19 -> 540
A23: Horas totales | C23: =IF(NOT(ISNUMBER(C22)),"ND",C22/60) -> 9
A24: Sesiones programadas | C24: =COUNTIFS(C12:C18,">0") -> 6
A25: Días de descanso completo | C25: =COUNTIFS(C12:C18,0)+COUNTIFS(C12:C18,"") -> 1
A26: Sesiones de alta intensidad | C26: =COUNTIF(F12:F18,INDEX(rng_zonas,3,1)) -> 2
A27: Control del descanso | C27: =IF(C25>=k_descanso,"Hay al menos un día de descanso completo en la semana.","REVISAR: no hay días de descanso completo programados.") -> Hay al menos un día de descanso completo en la semana.
A28: Control de sesiones de calidad | C28: =IF(C26=0,"No hay sesiones de alta intensidad esta semana.",IF(C26<=2,"Hay "&C26&" sesión(es) de alta intensidad: cantidad habitual para una semana de carga.","Hay "&C26&" sesiones de alta intensidad: revise que haya recuperación suficiente entre ellas.")) -> Hay 2 sesión(es) de alta intensidad: cantidad habitual para una semana de carga.
A30: La carga de cada sesión se obtiene multiplicando la duración por el esfuerzo percibido. El resultado se expresa en unidades arbitrarias: sirve para comparar semanas de una MISMA persona, no para comparar personas entre sí ni deportes distintos.

Sheet CARGA
A1: NUTRIMETRÍA · NMX-33
A2: Carga semanal, monotonía y strain
A4: =HYPERLINK("#INICIO!A1","▶ VOLVER A INICIO") -> ▶ VOLVER A INICIO
A6: CARGA DIARIA DE LA SEMANA
A7: Día | B7: Duración (min) | C7: Esfuerzo percibido | D7: Carga (UA) | E7: Zona
A8: =SEMANA!A12 -> Lunes | B8: =SEMANA!C12 -> 0 | C8: =SEMANA!D12 -> 0 | D8: =IF(SEMANA!E12="",0,SEMANA!E12) -> 0 | E8: =SEMANA!F12 -> —
A9: =SEMANA!A13 -> Martes | B9: =SEMANA!C13 -> 75 | C9: =SEMANA!D13 -> 8 | D9: =IF(SEMANA!E13="",0,SEMANA!E13) -> 600 | E9: =SEMANA!F13 -> Zona 3 · alta
A10: =SEMANA!A14 -> Miércoles | B10: =SEMANA!C14 -> 60 | C10: =SEMANA!D14 -> 4 | D10: =IF(SEMANA!E14="",0,SEMANA!E14) -> 240 | E10: =SEMANA!F14 -> Zona 1 · suave
A11: =SEMANA!A15 -> Jueves | B11: =SEMANA!C15 -> 90 | C11: =SEMANA!D15 -> 8 | D11: =IF(SEMANA!E15="",0,SEMANA!E15) -> 720 | E11: =SEMANA!F15 -> Zona 3 · alta
A12: =SEMANA!A16 -> Viernes | B12: =SEMANA!C16 -> 45 | C12: =SEMANA!D16 -> 3 | D12: =IF(SEMANA!E16="",0,SEMANA!E16) -> 135 | E12: =SEMANA!F16 -> Zona 1 · suave
A13: =SEMANA!A17 -> Sábado | B13: =SEMANA!C17 -> 180 | C13: =SEMANA!D17 -> 6 | D13: =IF(SEMANA!E17="",0,SEMANA!E17) -> 1080 | E13: =SEMANA!F17 -> Zona 2 · moderada
A14: =SEMANA!A18 -> Domingo | B14: =SEMANA!C18 -> 90 | C14: =SEMANA!D18 -> 5 | D14: =IF(SEMANA!E18="",0,SEMANA!E18) -> 450 | E14: =SEMANA!F18 -> Zona 2 · moderada
A16: INDICADORES DE LA CARGA
A17: Carga semanal total (UA) | C17: =SUM(D8:D14) -> 3225 | L17: Suma de duración por esfuerzo percibido de cada día
A18: Media diaria (UA) | C18: =IF(COUNT(D8:D14)=0,"ND",AVERAGE(D8:D14)) -> 460.71429 | L18: Incluye los días de descanso como cero
A19: Desviación estándar diaria (UA) | C19: =IF(COUNT(D8:D14)<2,"ND",STDEV(D8:D14)) -> 373.5687 | L19: Desviación muestral, con n menos uno
A20: MONOTONÍA | C20: =IF(OR(NOT(ISNUMBER(C19)),C19=0),"ND: sin variación entre días",C18/C19) -> 1.2332786 | L20: Media diaria dividida por su desviación estándar
A21: STRAIN | C21: =IF(OR(NOT(ISNUMBER(C20)),NOT(ISNUMBER(C17))),"ND",C17*C20) -> 3977.3235 | L21: Carga semanal multiplicada por la monotonía
A22: Día de mayor carga | C22: =IF(COUNT(D8:D14)=0,"ND",INDEX(A8:A14,MATCH(MAX(D8:D14),D8:D14,0))) -> Sábado
A23: Carga del día más exigente (UA) | C23: =MAX(D8:D14) -> 1080
A24: Proporción que aporta el día más exigente | C24: =IF(OR(NOT(ISNUMBER(C17)),C17=0),"ND",MAX(D8:D14)/C17) -> 0.33488372
A26: LECTURA DE LOS INDICADORES
A27: Monotonía | C27: =IF(NOT(ISNUMBER(C20)),"ND",IF(C20>=u_mono,"Monotonía ELEVADA: los días se parecen demasiado entre sí. Introduzca contraste entre días exigentes y suaves.","Monotonía dentro de lo esperable: hay contraste entre los días de la semana.")) -> Monotonía dentro de lo esperable: hay contraste entre los días de la semana.
A28: Qué significa el strain | C28: =IF(NOT(ISNUMBER(C21)),"ND","El strain combina cuánto se entrena con cuán parecidos son los días entre sí. Un mismo volumen distribuido sin contraste produce más strain que el mismo volumen con días suaves reales.") -> El strain combina cuánto se entrena con cuán parecidos son los días entre sí. Un mismo volumen distribuido sin contraste produce más strain que el mismo volumen con días suaves reales.
A30: La monotonía y el strain son descriptores propuestos por Foster para caracterizar cómo se distribuye la carga dentro de la semana. Sirven para comparar semanas de una misma persona y detectar semanas planas. No son predictores individuales de lesión ni de enfermedad, y sus umbrales son orientadores.

Sheet DISTRIBUCION
A1: NUTRIMETRÍA · NMX-33
A2: Distribución de la intensidad por zonas
A4: =HYPERLINK("#INICIO!A1","▶ VOLVER A INICIO") -> ▶ VOLVER A INICIO
A6: REPARTO DEL TIEMPO POR ZONA
A7: Zona | B7: Rango de esfuerzo | C7: Minutos | D7: % del tiempo | E7: % de referencia | F7: Diferencia | G7: Carga aportada (UA) | H7: % de la carga
A8: =INDEX(rng_zonas,1,1) -> Zona 1 · suave | B8: =INDEX(rng_zonas,1,2)&" a "&INDEX(rng_zonas,1,3) -> 1 a 4 | C8: =SUMIFS(SEMANA!$C$12:$C$18,SEMANA!$F$12:$F$18,INDEX(rng_zonas,1,1)) -> 105 | D8: =IF($C$11=0,"ND",C8/$C$11) -> 0.19444444 | E8: =INDEX(rng_zonas,1,5) -> 0.75 | F8: =IF(NOT(ISNUMBER(D8)),"ND",D8-E8) -> -0.55555556 | G8: =SUMIFS(SEMANA!$E$12:$E$18,SEMANA!$F$12:$F$18,INDEX(rng_zonas,1,1)) -> 375 | H8: =IF($G$11=0,"ND",G8/$G$11) -> 0.11627907
A9: =INDEX(rng_zonas,2,1) -> Zona 2 · moderada | B9: =INDEX(rng_zonas,2,2)&" a "&INDEX(rng_zonas,2,3) -> 5 a 6 | C9: =SUMIFS(SEMANA!$C$12:$C$18,SEMANA!$F$12:$F$18,INDEX(rng_zonas,2,1)) -> 270 | D9: =IF($C$11=0,"ND",C9/$C$11) -> 0.5 | E9: =INDEX(rng_zonas,2,5) -> 0.1 | F9: =IF(NOT(ISNUMBER(D9)),"ND",D9-E9) -> 0.4 | G9: =SUMIFS(SEMANA!$E$12:$E$18,SEMANA!$F$12:$F$18,INDEX(rng_zonas,2,1)) -> 1530 | H9: =IF($G$11=0,"ND",G9/$G$11) -> 0.4744186
A10: =INDEX(rng_zonas,3,1) -> Zona 3 · alta | B10: =INDEX(rng_zonas,3,2)&" a "&INDEX(rng_zonas,3,3) -> 7 a 10 | C10: =SUMIFS(SEMANA!$C$12:$C$18,SEMANA!$F$12:$F$18,INDEX(rng_zonas,3,1)) -> 165 | D10: =IF($C$11=0,"ND",C10/$C$11) -> 0.30555556 | E10: =INDEX(rng_zonas,3,5) -> 0.15 | F10: =IF(NOT(ISNUMBER(D10)),"ND",D10-E10) -> 0.15555556 | G10: =SUMIFS(SEMANA!$E$12:$E$18,SEMANA!$F$12:$F$18,INDEX(rng_zonas,3,1)) -> 1320 | H10: =IF($G$11=0,"ND",G10/$G$11) -> 0.40930233
A11: TOTAL | C11: =SUM(C8:C10) -> 540 | D11: =IF(C11=0,"ND",SUM(D8:D10)) -> 1 | E11: =SUM(E8:E10) -> 1 | G11: =SUM(G8:G10) -> 3225 | H11: =IF(G11=0,"ND",SUM(H8:H10)) -> 1
A13: LECTURA DE LA DISTRIBUCIÓN
A14: Modelo declarado en DATOS | C14: =v_modelo -> Polarizado
A15: Proporción en zona suave | C15: =D8 -> 0.19444444
A16: Proporción en zona alta | C16: =D10 -> 0.30555556
A17: Contraste con la referencia | C17: =IF(NOT(ISNUMBER(C15)),"ND",IF(C15<INDEX(rng_zonas,1,5)-0.1,"La proporción de trabajo suave es MENOR que la de referencia: hay poco volumen a baja intensidad y demasiado tiempo en zona intermedia. Es el desvío más frecuente y el que más compromete la recuperación.",IF(C15>INDEX(rng_zonas,1,5)+0.1,"La proporción de trabajo suave supera la referencia: verifique que haya estímulo de alta intensidad suficiente.","La distribución se aproxima al modelo de referencia declarado."))) -> La proporción de trabajo suave es MENOR que la de referencia: hay poco volumen a baja intensidad y demasiado tiempo en zona intermedia. Es el desvío más frecuente y el que más compromete la recuperación.
A18: Diferencia entre tiempo y carga | C18: =IF(OR(NOT(ISNUMBER(D10)),NOT(ISNUMBER(H10))),"ND","La zona alta ocupa "&TEXT(D10,"0.0%")&" del tiempo pero aporta "&TEXT(H10,"0.0%")&" de la carga: un minuto intenso pesa mucho más que un minuto suave.") -> La zona alta ocupa 31% del tiempo pero aporta 41% de la carga: un minuto intenso pesa mucho más que un minuto suave.
A20: Los modelos polarizado, piramidal y de umbral son formas distintas de repartir la intensidad y ninguno es universalmente superior: dependen del deporte, la fase y la persona. Lo que sí es consistente en la literatura es que el volumen a baja intensidad sostiene el trabajo de calidad, y que la deriva hacia la zona intermedia deja al deportista sin estímulo suave real ni estímulo intenso suficiente.

Sheet PANEL
A1: NUTRIMETRÍA · NMX-33
A2: Tablero de la semana · lectura de un vistazo
A4: =HYPERLINK("#INICIO!A1","▶ VOLVER A INICIO") -> ▶ VOLVER A INICIO
A6: INDICADORES DE LA SEMANA
A7: CARGA SEMANAL | D7: MONOTONÍA | G7: STRAIN | J7: HORAS | M7: SESIONES
A8: =v_carga -> 3225 | D8: =v_mono -> 1.2332786 | G8: =v_strain -> 3977.3235 | J8: =SEMANA!C23 -> 9 | M8: =SEMANA!C24 -> 6
A10: unidades arbitrarias | D10: media sobre desviación | G10: carga por monotonía | J10: horas de entrenamiento | M10: sesiones programadas
A12: ZONA SUAVE | D12: ZONA ALTA | G12: CAMBIO SEMANAL | J12: AGUDA / CRÓNICA | M12: SESIONES DE CALIDAD
A13: =DISTRIBUCION!D8 -> 0.19444444 | D13: =DISTRIBUCION!D10 -> 0.30555556 | G13: =PROGRESION!C17 -> 0.24038462 | J13: =PROGRESION!C16 -> 1.1096774 | M13: =SEMANA!C26 -> 2
A15: del tiempo total | D15: del tiempo total | G15: respecto de la anterior | J15: solo descriptivo | M15: de alta intensidad
A18: CARGA DIARIA · el contraste entre días es lo que importa
A19: Día | B19: Carga (UA)
A20: =CARGA!A8 -> Lunes | B20: =CARGA!D8 -> 0
A21: =CARGA!A9 -> Martes | B21: =CARGA!D9 -> 600
A22: =CARGA!A10 -> Miércoles | B22: =CARGA!D10 -> 240
A23: =CARGA!A11 -> Jueves | B23: =CARGA!D11 -> 720
A24: =CARGA!A12 -> Viernes | B24: =CARGA!D12 -> 135
A25: =CARGA!A13 -> Sábado | B25: =CARGA!D13 -> 1080
A26: =CARGA!A14 -> Domingo | B26: =CARGA!D14 -> 450
A28: DISTRIBUCIÓN DE LA INTENSIDAD
A29: Zona | B29: Minutos
A30: =DISTRIBUCION!A8 -> Zona 1 · suave | B30: =DISTRIBUCION!C8 -> 105
A31: =DISTRIBUCION!A9 -> Zona 2 · moderada | B31: =DISTRIBUCION!C9 -> 270
A32: =DISTRIBUCION!A10 -> Zona 3 · alta | B32: =DISTRIBUCION!C10 -> 165
A34: EVOLUCIÓN DE LA CARGA SEMANAL
A35: Semana | B35: Carga (UA)
A36: =PROGRESION!A8 -> Semana 1 | B36: =PROGRESION!B8 -> 2800
A37: =PROGRESION!A9 -> Semana 2 | B37: =PROGRESION!B9 -> 3000
A38: =PROGRESION!A10 -> Semana 3 | B38: =PROGRESION!B10 -> 2600
A39: =PROGRESION!A11 -> Semana actual | B39: =PROGRESION!B11 -> 3225
A41: Este tablero describe el PLAN y lo registrado, no el estado del deportista. Ningún indicador de esta hoja predice lesión ni sobreentrenamiento: son descriptores para conversar sobre la semana y decidir con criterio profesional.

Sheet PROGRESION
A1: NUTRIMETRÍA · NMX-33
A2: Progresión entre semanas
A4: =HYPERLINK("#INICIO!A1","▶ VOLVER A INICIO") -> ▶ VOLVER A INICIO
A6: CARGA DE LAS ÚLTIMAS SEMANAS
A7: Semana | B7: Carga (UA) | C7: Cambio respecto de la anterior | D7: Lectura
A8: Semana 1 | B8: 2800 | D8: =IF(NOT(ISNUMBER(C8)),"Primera semana registrada",IF(C8>u_progMax,"Aumento sobre la referencia",IF(C8<u_descarga,"Reducción compatible con descarga","Cambio dentro de lo esperable"))) -> Primera semana registrada
A9: Semana 2 | B9: 3000 | C9: =IF(OR(NOT(ISNUMBER(B9)),NOT(ISNUMBER(B8)),B8=0),"ND",(B9-B8)/B8) -> 0.071428571 | D9: =IF(NOT(ISNUMBER(C9)),"Primera semana registrada",IF(C9>u_progMax,"Aumento sobre la referencia",IF(C9<u_descarga,"Reducción compatible con descarga","Cambio dentro de lo esperable"))) -> Cambio dentro de lo esperable
A10: Semana 3 | B10: 2600 | C10: =IF(OR(NOT(ISNUMBER(B10)),NOT(ISNUMBER(B9)),B9=0),"ND",(B10-B9)/B9) -> -0.13333333 | D10: =IF(NOT(ISNUMBER(C10)),"Primera semana registrada",IF(C10>u_progMax,"Aumento sobre la referencia",IF(C10<u_descarga,"Reducción compatible con descarga","Cambio dentro de lo esperable"))) -> Cambio dentro de lo esperable
A11: Semana actual | B11: =v_carga -> 3225 | C11: =IF(OR(NOT(ISNUMBER(B11)),NOT(ISNUMBER(B10)),B10=0),"ND",(B11-B10)/B10) -> 0.24038462 | D11: =IF(NOT(ISNUMBER(C11)),"ND",IF(C11>u_progMax,"Aumento sobre la referencia",IF(C11<u_descarga,"Reducción compatible con descarga","Cambio dentro de lo esperable"))) -> Aumento sobre la referencia
A13: INDICADORES DE PROGRESIÓN
A14: Carga de la semana actual (UA) | C14: =v_carga -> 3225
A15: Carga crónica · media de las últimas 4 semanas (UA) | C15: =IF(COUNT(B8:B11)<4,"ND: faltan semanas",AVERAGE(B8:B11)) -> 2906.25
A16: Razón carga aguda sobre crónica | C16: =IF(OR(NOT(ISNUMBER(C15)),C15=0),"ND",v_carga/C15) -> 1.1096774 | L16: Descriptor de progresión · NO es un predictor de lesión
A17: Cambio respecto de la semana anterior | C17: =C11 -> 0.24038462
A19: LECTURA DE LA PROGRESIÓN
A20: Cambio semanal | C20: =IF(NOT(ISNUMBER(C17)),"ND",IF(C17>u_progMax,"El aumento de "&TEXT(C17,"0.0%")&" supera la referencia de "&TEXT(u_progMax,"0%")&". No implica lesión, pero conviene verificar que la persona esté recuperando bien antes de sostenerlo.",IF(C17<u_descarga,"La reducción es compatible con una semana de descarga planificada.","El cambio se mantiene dentro de la referencia."))) -> El aumento de 24% supera la referencia de 10%. No implica lesión, pero conviene verificar que la persona esté recuperando bien antes de sostenerlo.
A21: Razón aguda sobre crónica | C21: =IF(NOT(ISNUMBER(C16)),"ND",IF(AND(C16>=u_acwrMin,C16<=u_acwrMax),"La carga de esta semana se mantiene próxima al promedio de las últimas cuatro.",IF(C16>u_acwrMax,"La carga de esta semana se aleja hacia arriba del promedio de las últimas cuatro.","La carga de esta semana está bajo el promedio de las últimas cuatro."))) -> La carga de esta semana se mantiene próxima al promedio de las últimas cuatro.
A23: ADVERTENCIA SOBRE ESTA RAZÓN: la relación entre carga aguda y crónica se difundió como predictor de lesión, pero revisiones posteriores mostraron que sufre acoplamiento matemático, que cargas crónicas generadas al azar se asocian con la lesión tanto como las reales, y que no existe evidencia causal que respalde manipularla para reducir lesiones. En este libro se usa ÚNICAMENTE como descriptor de cuánto se aleja la semana actual del promedio reciente. No la presente al deportista como un indicador de riesgo.
A28: La referencia de aumento semanal es una convención práctica de uso extendido, no un límite validado. Lo que la literatura sí sugiere es que la variabilidad brusca entre semanas importa más que la magnitud absoluta de una semana aislada.

Sheet FUENTES
A1: NUTRIMETRÍA · NMX-33
A2: Evidencia, métodos y advertencias
A4: =HYPERLINK("#INICIO!A1","▶ VOLVER A INICIO") -> ▶ VOLVER A INICIO
A6: MÉTODOS Y REFERENCIAS
A7: Elemento | B7: Referencia y alcance
A8: Carga por esfuerzo percibido | B8: Método de Foster: la carga de una sesión se estima multiplicando su duración en minutos por el esfuerzo percibido en una escala de 0 a 10, obteniendo unidades arbitrarias. Foster C y cols., «A new approach to monitoring exercise training», Journal of Strength and Conditioning Research, 2001. Es una medida de carga INTERNA: refleja la respuesta de la persona, no solo lo programado.
A9: Monotonía y strain | B9: Propuestos por Foster (Medicine & Science in Sports & Exercise, 1998) para describir cómo se distribuye la carga dentro de la semana. La monotonía es la media diaria dividida por su desviación estándar; el strain es la carga semanal multiplicada por la monotonía. Describen semanas planas frente a semanas con contraste. Sus umbrales son orientadores y no constituyen predictores individuales.
A10: Desviación estándar utilizada | B10: Este libro emplea la desviación MUESTRAL, con n menos uno, que es la función estándar de la planilla. Existen implementaciones que usan la poblacional: con siete días la diferencia es apreciable, de modo que no compare valores de monotonía calculados con criterios distintos. El criterio queda declarado en CONFIG.
A11: Razón entre carga aguda y crónica · ADVERTENCIA | B11: Difundida por Gabbett (British Journal of Sports Medicine, 2016) como herramienta de prevención de lesiones, fue posteriormente objetada de forma sustantiva. Impellizzeri y cols. documentaron acoplamiento matemático entre numerador y denominador, ausencia de fundamento para las ventanas temporales elegidas y falta de estimación causal («Acute:Chronic Workload Ratio: Conceptual Issues and Fundamental Pitfalls», International Journal of Sports Physiology and Performance, 2020). En un trabajo posterior mostraron que cargas crónicas generadas AL AZAR se asocian con la lesión tanto como las reales, y concluyeron que corresponde descartar la razón y su teoría subyacente (Sports Medicine, 2020; 51: 581-592). Revisiones sistemáticas posteriores describen la relación como inconcluyente.
A12: Cómo se usa aquí esa razón | B12: Exclusivamente como DESCRIPTOR de cuánto se aleja la carga de la semana actual del promedio de las últimas semanas. No se presenta como indicador de riesgo, no se usa para autorizar ni restringir entrenamiento, y sus límites están rotulados como descriptivos. Si usted prefiere no utilizarla, ignore esa fila: el resto del libro funciona igual.
A13: Variabilidad entre semanas | B13: Trabajos posteriores sugieren que la variabilidad brusca de una semana a otra se asocia con la lesión más que la magnitud absoluta de una semana aislada. Por eso este libro muestra el cambio porcentual respecto de la semana anterior junto a la serie de las últimas semanas.
A14: Regla de progresión | B14: El aumento de referencia del diez por ciento semanal es una convención práctica de uso extendido en la planificación, no un límite validado experimentalmente. Es editable en CONFIG.
A15: Distribución de la intensidad | B15: Los modelos polarizado, piramidal y de umbral describen distintas formas de repartir el tiempo entre zonas. Ninguno es universalmente superior: la elección depende del deporte, la fase del ciclo y la persona. La referencia precargada corresponde a un modelo polarizado y es editable.
A16: Zonas por esfuerzo percibido | B16: Las zonas de este libro se definen por esfuerzo percibido y NO equivalen a zonas fisiológicas determinadas por umbrales ventilatorios o de lactato. Son una aproximación práctica cuando no se dispone de esa medición.
A17: Qué NO hace este libro | B17: No predice lesión ni sobreentrenamiento; no mide condición física ni fatiga; no reemplaza la evaluación del deportista ni el criterio del entrenador; no está validado clínicamente. Las unidades arbitrarias solo permiten comparar semanas de una misma persona.

Sheet PRUEBAS
A1: NUTRIMETRÍA · NMX-33
A2: Control de calidad del motor de cálculo
A4: =HYPERLINK("#INICIO!A1","▶ VOLVER A INICIO") -> ▶ VOLVER A INICIO
A6: Los valores esperados se calcularon de forma independiente del motor del libro (verificación externa).
A8: Bloque | B8: Descripción de la prueba | C8: Obtenido | D8: Esperado | E8: Estado
A9: A | B9: Carga del martes (75 min × RPE 8) | C9: =SEMANA!E13 -> 600 | D9: 600 | E9: =IF(AND(ISNUMBER(C9),ISNUMBER(D9)),IF(ABS(C9-D9)<=0.001,"APROBADO","REVISAR"),IF(EXACT(C9&"",D9&""),"APROBADO","REVISAR")) -> APROBADO
A10: A | B10: Carga del sábado (180 min × RPE 6) | C10: =SEMANA!E17 -> 1080 | D10: 1080 | E10: =IF(AND(ISNUMBER(C10),ISNUMBER(D10)),IF(ABS(C10-D10)<=0.001,"APROBADO","REVISAR"),IF(EXACT(C10&"",D10&""),"APROBADO","REVISAR")) -> APROBADO
A11: A | B11: Carga del lunes en descanso | C11: =CARGA!D8 -> 0 | D11: 0 | E11: =IF(AND(ISNUMBER(C11),ISNUMBER(D11)),IF(ABS(C11-D11)<=0.001,"APROBADO","REVISAR"),IF(EXACT(C11&"",D11&""),"APROBADO","REVISAR")) -> APROBADO
A12: A | B12: Zona asignada al martes | C12: =SEMANA!F13 -> Zona 3 · alta | D12: Zona 3 · alta | E12: =IF(AND(ISNUMBER(C12),ISNUMBER(D12)),IF(ABS(C12-D12)<=0.001,"APROBADO","REVISAR"),IF(EXACT(C12&"",D12&""),"APROBADO","REVISAR")) -> APROBADO
A13: A | B13: Zona asignada al miércoles | C13: =SEMANA!F14 -> Zona 1 · suave | D13: Zona 1 · suave | E13: =IF(AND(ISNUMBER(C13),ISNUMBER(D13)),IF(ABS(C13-D13)<=0.001,"APROBADO","REVISAR"),IF(EXACT(C13&"",D13&""),"APROBADO","REVISAR")) -> APROBADO
A14: B | B14: CARGA SEMANAL TOTAL | C14: =CARGA!C17 -> 3225 | D14: 3225 | E14: =IF(AND(ISNUMBER(C14),ISNUMBER(D14)),IF(ABS(C14-D14)<=0.001,"APROBADO","REVISAR"),IF(EXACT(C14&"",D14&""),"APROBADO","REVISAR")) -> APROBADO
A15: B | B15: Minutos totales de la semana | C15: =SEMANA!C22 -> 540 | D15: 540 | E15: =IF(AND(ISNUMBER(C15),ISNUMBER(D15)),IF(ABS(C15-D15)<=0.001,"APROBADO","REVISAR"),IF(EXACT(C15&"",D15&""),"APROBADO","REVISAR")) -> APROBADO
A16: B | B16: Media diaria de carga | C16: =CARGA!C18 -> 460.71429 | D16: 460.71429 | E16: =IF(AND(ISNUMBER(C16),ISNUMBER(D16)),IF(ABS(C16-D16)<=0.001,"APROBADO","REVISAR"),IF(EXACT(C16&"",D16&""),"APROBADO","REVISAR")) -> APROBADO
A17: B | B17: Desviación estándar diaria (muestral) | C17: =CARGA!C19 -> 373.5687 | D17: 373.5687 | E17: =IF(AND(ISNUMBER(C17),ISNUMBER(D17)),IF(ABS(C17-D17)<=0.001,"APROBADO","REVISAR"),IF(EXACT(C17&"",D17&""),"APROBADO","REVISAR")) -> APROBADO
A18: B | B18: MONOTONÍA | C18: =CARGA!C20 -> 1.2332786 | D18: 1.2332786 | E18: =IF(AND(ISNUMBER(C18),ISNUMBER(D18)),IF(ABS(C18-D18)<=0.001,"APROBADO","REVISAR"),IF(EXACT(C18&"",D18&""),"APROBADO","REVISAR")) -> APROBADO
A19: B | B19: STRAIN | C19: =CARGA!C21 -> 3977.3235 | D19: 3977.3235 | E19: =IF(AND(ISNUMBER(C19),ISNUMBER(D19)),IF(ABS(C19-D19)<=0.001,"APROBADO","REVISAR"),IF(EXACT(C19&"",D19&""),"APROBADO","REVISAR")) -> APROBADO
A20: C | B20: La monotonía queda bajo el umbral de alerta | C20: =IF(CARGA!C20<u_mono,"BAJO","SOBRE") -> BAJO | D20: BAJO | E20: =IF(AND(ISNUMBER(C20),ISNUMBER(D20)),IF(ABS(C20-D20)<=0.001,"APROBADO","REVISAR"),IF(EXACT(C20&"",D20&""),"APROBADO","REVISAR")) -> APROBADO
A21: C | B21: Día de mayor carga | C21: =CARGA!C22 -> Sábado | D21: Sábado | E21: =IF(AND(ISNUMBER(C21),ISNUMBER(D21)),IF(ABS(C21-D21)<=0.001,"APROBADO","REVISAR"),IF(EXACT(C21&"",D21&""),"APROBADO","REVISAR")) -> APROBADO
A22: C | B22: Carga del día más exigente | C22: =CARGA!C23 -> 1080 | D22: 1080 | E22: =IF(AND(ISNUMBER(C22),ISNUMBER(D22)),IF(ABS(C22-D22)<=0.001,"APROBADO","REVISAR"),IF(EXACT(C22&"",D22&""),"APROBADO","REVISAR")) -> APROBADO
A23: D | B23: Minutos en zona suave | C23: =DISTRIBUCION!C8 -> 105 | D23: 105 | E23: =IF(AND(ISNUMBER(C23),ISNUMBER(D23)),IF(ABS(C23-D23)<=0.001,"APROBADO","REVISAR"),IF(EXACT(C23&"",D23&""),"APROBADO","REVISAR")) -> APROBADO
A24: D | B24: Minutos en zona moderada | C24: =DISTRIBUCION!C9 -> 270 | D24: 270 | E24: =IF(AND(ISNUMBER(C24),ISNUMBER(D24)),IF(ABS(C24-D24)<=0.001,"APROBADO","REVISAR"),IF(EXACT(C24&"",D24&""),"APROBADO","REVISAR")) -> APROBADO
A25: D | B25: Minutos en zona alta | C25: =DISTRIBUCION!C10 -> 165 | D25: 165 | E25: =IF(AND(ISNUMBER(C25),ISNUMBER(D25)),IF(ABS(C25-D25)<=0.001,"APROBADO","REVISAR"),IF(EXACT(C25&"",D25&""),"APROBADO","REVISAR")) -> APROBADO
A26: D | B26: Los minutos por zona suman el total de la semana | C26: =DISTRIBUCION!C11 -> 540 | D26: 540 | E26: =IF(AND(ISNUMBER(C26),ISNUMBER(D26)),IF(ABS(C26-D26)<=0.001,"APROBADO","REVISAR"),IF(EXACT(C26&"",D26&""),"APROBADO","REVISAR")) -> APROBADO
A27: D | B27: Proporción en zona suave | C27: =DISTRIBUCION!D8 -> 0.19444444 | D27: 0.19444444 | E27: =IF(AND(ISNUMBER(C27),ISNUMBER(D27)),IF(ABS(C27-D27)<=0.001,"APROBADO","REVISAR"),IF(EXACT(C27&"",D27&""),"APROBADO","REVISAR")) -> APROBADO
A28: D | B28: Proporción en zona alta | C28: =DISTRIBUCION!D10 -> 0.30555556 | D28: 0.30555556 | E28: =IF(AND(ISNUMBER(C28),ISNUMBER(D28)),IF(ABS(C28-D28)<=0.001,"APROBADO","REVISAR"),IF(EXACT(C28&"",D28&""),"APROBADO","REVISAR")) -> APROBADO
A29: D | B29: Carga aportada por la zona alta | C29: =DISTRIBUCION!G10 -> 1320 | D29: 1320 | E29: =IF(AND(ISNUMBER(C29),ISNUMBER(D29)),IF(ABS(C29-D29)<=0.001,"APROBADO","REVISAR"),IF(EXACT(C29&"",D29&""),"APROBADO","REVISAR")) -> APROBADO
A30: D | B30: La zona alta aporta más carga que tiempo | C30: =IF(DISTRIBUCION!H10>DISTRIBUCION!D10,"MÁS","MENOS") -> MÁS | D30: MÁS | E30: =IF(AND(ISNUMBER(C30),ISNUMBER(D30)),IF(ABS(C30-D30)<=0.001,"APROBADO","REVISAR"),IF(EXACT(C30&"",D30&""),"APROBADO","REVISAR")) -> APROBADO
A31: E | B31: El libro advierte poco trabajo suave | C31: =IF(ISNUMBER(SEARCH("MENOR que la de referencia",DISTRIBUCION!C17)),"ADVIERTE","NO ADVIERTE") -> ADVIERTE | D31: ADVIERTE | E31: =IF(AND(ISNUMBER(C31),ISNUMBER(D31)),IF(ABS(C31-D31)<=0.001,"APROBADO","REVISAR"),IF(EXACT(C31&"",D31&""),"APROBADO","REVISAR")) -> APROBADO
A32: F | B32: Carga crónica de las últimas 4 semanas | C32: =PROGRESION!C15 -> 2906.25 | D32: 2906.25 | E32: =IF(AND(ISNUMBER(C32),ISNUMBER(D32)),IF(ABS(C32-D32)<=0.001,"APROBADO","REVISAR"),IF(EXACT(C32&"",D32&""),"APROBADO","REVISAR")) -> APROBADO
A33: F | B33: Razón aguda sobre crónica | C33: =PROGRESION!C16 -> 1.1096774 | D33: 1.1096774 | E33: =IF(AND(ISNUMBER(C33),ISNUMBER(D33)),IF(ABS(C33-D33)<=0.001,"APROBADO","REVISAR"),IF(EXACT(C33&"",D33&""),"APROBADO","REVISAR")) -> APROBADO
A34: F | B34: Cambio respecto de la semana anterior | C34: =PROGRESION!C17 -> 0.24038462 | D34: 0.24038461 | E34: =IF(AND(ISNUMBER(C34),ISNUMBER(D34)),IF(ABS(C34-D34)<=0.001,"APROBADO","REVISAR"),IF(EXACT(C34&"",D34&""),"APROBADO","REVISAR")) -> APROBADO
A35: F | B35: El aumento supera la referencia del 10% | C35: =IF(PROGRESION!C17>u_progMax,"SUPERA","DENTRO") -> SUPERA | D35: SUPERA | E35: =IF(AND(ISNUMBER(C35),ISNUMBER(D35)),IF(ABS(C35-D35)<=0.001,"APROBADO","REVISAR"),IF(EXACT(C35&"",D35&""),"APROBADO","REVISAR")) -> APROBADO
A36: G | B36: Días de descanso completo programados | C36: =SEMANA!C25 -> 1 | D36: 1 | E36: =IF(AND(ISNUMBER(C36),ISNUMBER(D36)),IF(ABS(C36-D36)<=0.001,"APROBADO","REVISAR"),IF(EXACT(C36&"",D36&""),"APROBADO","REVISAR")) -> APROBADO
A37: G | B37: Sesiones de alta intensidad | C37: =SEMANA!C26 -> 2 | D37: 2 | E37: =IF(AND(ISNUMBER(C37),ISNUMBER(D37)),IF(ABS(C37-D37)<=0.001,"APROBADO","REVISAR"),IF(EXACT(C37&"",D37&""),"APROBADO","REVISAR")) -> APROBADO
A38: H | B38: Un valor ausente NO se interpreta como cero | C38: =IF(ISNUMBER(""),"NUMERO","ND") -> ND | D38: ND | E38: =IF(AND(ISNUMBER(C38),ISNUMBER(D38)),IF(ABS(C38-D38)<=0.001,"APROBADO","REVISAR"),IF(EXACT(C38&"",D38&""),"APROBADO","REVISAR")) -> APROBADO
A40: RESUMEN | B40: Pruebas aprobadas | C40: =COUNTIF(E9:E38,"APROBADO") -> 30 | D40: =COUNTA(E9:E38) -> 30 | E40: =IF(C40=D40,"TODAS APROBADAS","HAY PRUEBAS POR REVISAR") -> TODAS APROBADAS

Sheet CONFIG
A1: NUTRIMETRÍA · NMX-33
A2: Configuración · zonas, umbrales y constantes de la carga
A4: =HYPERLINK("#INICIO!A1","▶ VOLVER A INICIO") -> ▶ VOLVER A INICIO
A6: ZONAS DE INTENSIDAD SEGÚN ESFUERZO PERCIBIDO
A7: Zona | B7: RPE mínimo | C7: RPE máximo | D7: Descripción | E7: Referencia de distribución
A8: Zona 1 · suave | B8: 1 | C8: 4 | D8: Conversación cómoda, se sostiene mucho tiempo | E8: 0.75
A9: Zona 2 · moderada | B9: 5 | C9: 6 | D9: Respiración exigida, conversación entrecortada | E9: 0.1
A10: Zona 3 · alta | B10: 7 | C10: 10 | D10: Esfuerzo intenso, no se sostiene la conversación | E10: 0.15
A11: La referencia de distribución precargada corresponde a un modelo de tipo polarizado, con la mayor parte del tiempo en trabajo suave y una fracción menor en alta intensidad. NO es la única distribución válida: los modelos piramidal y de umbral son alternativas legítimas según deporte, fase y persona. Edite estos valores según el modelo que usted aplique.
A16: UMBRALES DE LECTURA
A17: Monotonía · valor sobre el cual se considera elevada | D17: razón | E17: 2
A18: Progresión semanal · aumento de referencia máximo | D18: % | E18: 0.1
A19: Progresión semanal · reducción que sugiere semana de descarga | D19: % | E19: -0.3
A20: Razón carga aguda sobre crónica · límite inferior descriptivo | D20: razón | E20: 0.8
A21: Razón carga aguda sobre crónica · límite superior descriptivo | D21: razón | E21: 1.3
A22: Semanas que componen la carga crónica | D22: semanas | E22: 4
A23: Días de descanso completo recomendados por semana | D23: días | E23: 1
A24: Desviación estándar utilizada | D24: muestral (n-1) | E24: STDEV
A25: Tolerancia de las pruebas | D25: ± | E25: 0.0001
A26: La razón entre carga aguda y crónica se incluye SOLO como descriptor de progresión. La literatura más reciente ha desestimado su uso como predictor de lesión por problemas de acoplamiento matemático y ausencia de evidencia causal: no la utilice para decidir si alguien se va a lesionar. Vea la hoja FUENTES antes de interpretarla.
A31: LISTAS DESPLEGABLES
A32: DIA | D32: TIPO | G32: FASE | J32: SI | M32: MODELO
A33: Lunes | D33: Descanso | G33: Base o acumulación | J33: Sí | M33: Polarizado
A34: Martes | D34: Resistencia suave | G34: Construcción | J34: No | M34: Piramidal
A35: Miércoles | D35: Resistencia moderada | G35: Específica | M35: Umbral
A36: Jueves | D36: Intervalos | G36: Afinamiento | M36: Sin definir
A37: Viernes | D37: Umbral | G37: Descarga
A38: Sábado | D38: Fuerza | G38: Transición
A39: Domingo | D39: Técnica
D40: Competencia
D41: Movilidad o regenerativo

Sheet CHANGELOG
A1: NUTRIMETRÍA · NMX-33
A2: Historial de versiones
A4: =HYPERLINK("#INICIO!A1","▶ VOLVER A INICIO") -> ▶ VOLVER A INICIO
A6: Versión | B6: Fecha | C6: Cambio
A7: 1.0 | B7: 2026-07-23 | C7: Versión inicial de NMX-33: planificador semanal de entrenamiento con carga por esfuerzo percibido, monotonía, strain, distribución de intensidad y progresión entre semanas. | J7: Fase 6 · Planificación.
A8: 1.0 | B8: 2026-07-23 | C8: La razón entre carga aguda y crónica se incluye como DESCRIPTOR y se rotula explícitamente como no predictor de lesión, con la crítica documentada en FUENTES. | J8: Revisiones posteriores mostraron acoplamiento matemático y ausencia de evidencia causal: presentarla como predictor sería incorrecto.
A9: 1.0 | B9: 2026-07-23 | C9: Se declara en CONFIG qué desviación estándar se usa para la monotonía. | J9: Con siete días, usar la muestral o la poblacional cambia el resultado de forma apreciable.
A10: 1.0 | B10: 2026-07-23 | C10: La distribución de intensidad compara contra un modelo declarado y editable, no contra un único modelo correcto. | J10: Polarizado, piramidal y de umbral son alternativas legítimas según deporte y fase.
A11: 1.0 | B11: 2026-07-23 | C11: Se muestra lado a lado el porcentaje de TIEMPO y el porcentaje de CARGA por zona. | J11: Hace visible que un minuto intenso pesa mucho más que un minuto suave.
A12: 1.0 | B12: 2026-07-23 | C12: Referencias verificadas mediante búsqueda en línea: Foster 1998 y 2001, Gabbett 2016 y las objeciones de Impellizzeri y cols. 2020. | J12: Confirmar el estado actual de la evidencia antes de programar.
A13: 1.0 | B13: 2026-07-23 | C13: Diseño visual, barra de navegación y enlaces de retorno replicados de NMX-10 aprobado. | J13: Unificar la identidad de la colección.
