Workbook

Sheet INICIO
A1: NUTRIMETRÍA · EVALUACIÓN PEDIÁTRICA OMS / MINSAL + UDD · FUENTES RESUELTAS
A2: Versión 3.1 · fuentes primarias verificadas · 6 de agosto de 2026
A3: =HYPERLINK("#INICIO!A1","● INICIO") -> ● INICIO | B3: =HYPERLINK("#'Ingreso'!A1", "● Ir a Ingreso") -> ● Ir a Ingreso | C3: =HYPERLINK("#'Interpretación'!A1", " ● Ir a Interpretación") -> ● Ir a Interpretación | D3: =HYPERLINK("#'GRÁFICO'!A1", "● Ir a GRÁFICO") -> ● Ir a GRÁFICO | E3: =HYPERLINK("#'Informe'!A1", "● Ir a Informe") -> ● Ir a Informe | F3: =HYPERLINK("#'FUENTES'!A1", "● Ir a FUENTES") -> ● Ir a FUENTES | G3: =HYPERLINK("#'SITUACIONES_ESPECIALES'!A1", " ● Ir a Situaciones Especiales") -> ● Ir a Situaciones Especiales | H3: =HYPERLINK("#'CASOS'!A1", "● Ir a CASOS") -> ● Ir a CASOS
A4: Producto | B4: NMX-14 · Evaluación Nutricional Pediátrica
A5: Versión | B5: 3.1 FUENTES RESUELTAS
A6: Rango técnico | B6: 0–228 meses (0–19 años), según tabla aplicable
A7: NT MINSAL infantil | B7: Norma Técnica N.º 218, 2.ª edición 2021, Resolución Exenta N.º 55 — alcance 0–9 años
A8: Patrones clínicos | B8: MINSAL 2018 — nacimiento a 19 años; resolución no identificada en el documento revisado
A9: Compatibilidad | B9: Fórmulas universales; sin XLOOKUP, _xlfn ni _xludf
A11: SEPARACIÓN METODOLÓGICA
A12: 1. OMS 2006 · 0–60 meses: P/E, P/Longitud, P/Estatura, T/E y PCe según tabla disponible.
A13: 2. OMS Reference 2007 · 61–228 meses: IMC/E y T/E.
A14: 3. MINSAL 2018: clasificación clínica por indicador primario y cortes nacionales.
A15: 4. NT N.º 218/2021: prematuridad y situaciones especiales dentro de su alcance 0–9 años.
A16: 5. Poblaciones especiales: módulos separados; las curvas generales se bloquean cuando no corresponde.
A17: 6. Las fuentes especiales se identifican por documento, versión y dominio. Una fuente verificada puede permanecer sin motor automático por licencia o falta de datos tabulares.
A18: FLUJO DE USO
A19: 1. Complete Ingreso, incluyendo peso al nacer y EG exacta si existe prematuridad.
A20: 2. Revise Cálculos para edad efectiva, dominio y alertas.
A21: 3. Consulte Interpretación: diagnóstico nutricional de tamizaje, indicadores, fuentes, aplicabilidad y alertas clínicas.
A22: 4. Revise REGLAS_OFICIALES y SITUACIONES_ESPECIALES antes de uso clínico.
... A25: AVISO: herramienta de apoyo y tamizaje. La exactitud matemática no equivale a validación clínica. Debe interpretarse con trayectoria de crecimiento, antecedentes, examen y criterio profesional.

Sheet Ingreso
A1: NUTRIMETRÍA · DATOS DEL PACIENTE (Ingreso)
B2: Nombre | C2: PACIENTE-X01 | E2: Use un CÓDIGO si va a compartir el archivo.
B3: Sexo (Niño/Niña) | C3: Masculino | E3: Determina la tabla OMS a usar.
B4: Fecha Nacimiento | C4: 40179 | E4: dd/mm/aaaa.
B5: Fecha Evaluación | C5: 46023 | E5: dd/mm/aaaa (≥ nacimiento).
B6: Prematuro (Sí/No) | C6: No | E6: Corrige la edad si aplica.
B7: Semanas Gestación (Dejar en blanco si no es prematuro) | E7: Solo si es prematuro.
B8: Peso (kg) | C8: 62 | E8: Balanza calibrada.
B9: Talla (cm) | C9: 168 | E9: <2 años acostado; ≥2 de pie.
B10: Perímetro Cefálico (cm) | E10: Solo hasta 36 meses.
B11: Perímetro de Cintura (cm) | C11: 62 | E11: Solo desde 5 años.
B12: Días adicionales de gestación (0–6) | E12: Solo si es prematuro; se suma a las semanas completas.
B13: Peso al nacer (g) | E13: Obligatorio para aplicar la regla de prematuridad NT N.º 218.
B14: Síndrome de Down (Sí/No) | C14: No | E14: Las curvas generales quedan bloqueadas; requiere tablas específicas verificadas.
B15: Tipo de medición de talla | C15: Automático por edad | E15: <2 años: longitud; ≥2 años: estatura.
B16: Población seleccionada | C16: GENERAL | E16: Controla el enrutamiento. GENERAL y PREMATURIDAD usan el motor OMS/MINSAL; las demás poblaciones bloquean curvas generales.
B17: Estadio puberal registrado (I–V) | C17: NO_EVALUADO | E17: Dato ingresado por profesional. No se incorporan imágenes Tanner ni se calcula edad biológica automáticamente.
B18: GMFCS registrado (I–V) | C18: NO_REGISTRADO | E18: Registro auxiliar para parálisis cerebral; no activa curvas ni ecuaciones no verificadas.
B19: Celdas arena = editables. UDD se usa como fuente secundaria; OMS/MINSAL conservan prioridad.
B20: Percentil P/E Zemel 2015 (manual 0–100) | E20: Leer en la gráfica CDC/Zemel correspondiente a sexo y edad. Obligatorio <1 año si P/T OMS es <+1 DE.
B21: Percentil T/E Zemel 2015 (manual 0–100) | E21: Usado para calificación estatural específica de síndrome de Down.
B22: Percentil PCe/E Zemel 2015 (manual 0–100) | E22: Usado para PCe específico de síndrome de Down; medir al menos hasta 5 años.
B23: Edad biológica determinada por profesional (años) | E23: No se deriva automáticamente desde imágenes. Usar solo con evaluación profesional.
B24: Seguimiento NANEAS de PCe hasta 5 años | C24: No | E24: Activa tablas OMS PCe/E entre 37 y 60 meses para seguimiento NANEAS.

Sheet Cálculos
A1: Edad Exacta y Aproximación MINSAL (< 5 años)
A2: NUTRIMETRÍA · MOTOR DE CÁLCULO (patrones MINSAL — no editar) | F2: CORTES IMC/EDAD | I2: CORTES PESO/EDAD | L2: CORTES TALLA/EDAD
A3: MESES | B3: Edad Real en Meses): | C3: =IF(OR(Ingreso!C4="",Ingreso!C5="",Ingreso!C5<Ingreso!C4),"",DATEDIF(Ingreso!C4,Ingreso!C5,"m")) -> 192 | F3: (-3DE IMC): | G3: =IFERROR(C8*(1+C9*C10*-3)^(1/C9), "") -> 15.109257 | I3: (-3DE P/E): | J3: =IFERROR(C13*(1+C14*C15*-3)^(1/C14), "") | L3: (Corte -2DE Talla): | M3: =IF(OR(C57<>"SÍ",C6<0,C6>228),"",IF(Ingreso!C3="Femenino",IFERROR(INDEX(Tablas_OMS!$V$2:$V$230,MATCH(C6,Tablas_OMS!$U$2:$U$230,0)),""),IF(Ingreso!C3="Masculino",IFERROR(INDEX(Tablas_OMS!$AC$2:$AC$230,MATCH(C6,Tablas_OMS!$AB$2:$AB$230,0)),""),""))) -> 157.4 | P3: CÁLCULO DE PUNTAJE Z
B4: (Días sobrantes) | C4: =IF(OR(Ingreso!C4="",Ingreso!C5="",Ingreso!C5<Ingreso!C4),"",DATEDIF(Ingreso!C4,Ingreso!C5,"md")) -> 0 | F4: (-2DE IMC): | G4: =IFERROR(C8*(1+C9*C10*-2)^(1/C9), "") -> 16.504916 | I4: (-2DE P/E): | J4: =IFERROR(C13*(1+C14*C15*-2)^(1/C14), "") | L4: (Corte -1DE Talla): | M4: =IF(OR(C57<>"SÍ",C6<0,C6>228),"",IF(Ingreso!C3="Femenino",IFERROR(INDEX(Tablas_OMS!$W$2:$W$230,MATCH(C6,Tablas_OMS!$U$2:$U$230,0)),""),IF(Ingreso!C3="Masculino",IFERROR(INDEX(Tablas_OMS!$AD$2:$AD$230,MATCH(C6,Tablas_OMS!$AB$2:$AB$230,0)),""),""))) -> 165.1 | P4: zIMC = [(y∕M)L-1] (S×L)
B5: (Meses aproximados MINSAL): | C5: =IF(C3="","",IF(C3<60,IF(C4<=15,C3,C3+1),C3)) -> 192 | F5: (-1DE IMC): | G5: =IFERROR(C8*(1+C9*C10*-1)^(1/C9), "") -> 18.24738 | I5: (-1DE P/E): | J5: =IFERROR(C13*(1+C14*C15*-1)^(1/C14), "") | L5: (Corte Mediana Talla): | M5: =IF(OR(C57<>"SÍ",C6<0,C6>228),"",IF(Ingreso!C3="Femenino",IFERROR(INDEX(Tablas_OMS!$X$2:$X$230,MATCH(C6,Tablas_OMS!$U$2:$U$230,0)),""),IF(Ingreso!C3="Masculino",IFERROR(INDEX(Tablas_OMS!$AE$2:$AE$230,MATCH(C6,Tablas_OMS!$AB$2:$AB$230,0)),""),""))) -> 172.9
B6: (Edad efectiva para tablas): | C6: =C50 -> 192 | F6: (Mediana IMC): | G6: =C8 -> 20.4951 | I6: (Mediana P/E): | J6: =C13 | L6: (Corte +1DE Talla): | M6: =IF(OR(C57<>"SÍ",C6<0,C6>228),"",IF(Ingreso!C3="Femenino",IFERROR(INDEX(Tablas_OMS!$Y$2:$Y$230,MATCH(C6,Tablas_OMS!$U$2:$U$230,0)),""),IF(Ingreso!C3="Masculino",IFERROR(INDEX(Tablas_OMS!$AF$2:$AF$230,MATCH(C6,Tablas_OMS!$AB$2:$AB$230,0)),""),""))) -> 180.7
A7: IMC/E | B7: (IMC Real): | C7: =IF(OR(Ingreso!C8="",Ingreso!C9="",Ingreso!C8<=0,Ingreso!C9<=0),"",Ingreso!C8/((Ingreso!C9/100)^2)) -> 21.96712 | F7: (+1DE IMC): | G7: =IFERROR(C8*(1+C9*C10*1)^(1/C9), "") -> 23.525227 | I7: (+1DE P/E): | J7: =IFERROR(C13*(1+C14*C15*1)^(1/C14), "") | L7: (Corte +2DE Talla): | M7: =IF(OR(C57<>"SÍ",C6<0,C6>228),"",IF(Ingreso!C3="Femenino",IFERROR(INDEX(Tablas_OMS!$Z$2:$Z$230,MATCH(C6,Tablas_OMS!$U$2:$U$230,0)),""),IF(Ingreso!C3="Masculino",IFERROR(INDEX(Tablas_OMS!$AG$2:$AG$230,MATCH(C6,Tablas_OMS!$AB$2:$AB$230,0)),""),""))) -> 188.4
B8: (Mediana M del IMC): | C8: =IF(OR(C57<>"SÍ",C6<61,C6>228),"",IF(Ingreso!C3="Femenino",IFERROR(INDEX(Tablas_OMS!$C$2:$C$169,MATCH(C6,Tablas_OMS!$A$2:$A$169,0)),""),IF(Ingreso!C3="Masculino",IFERROR(INDEX(Tablas_OMS!$H$2:$H$169,MATCH(C6,Tablas_OMS!$F$2:$F$169,0)),""),""))) -> 20.4951 | F8: (+2DE IMC): | G8: =IFERROR(C8*(1+C9*C10*2)^(1/C9), "") -> 27.874756 | I8: (+2DE P/E): | J8: =IFERROR(C13*(1+C14*C15*2)^(1/C14), "") | P8: Donde: y = IMC real M = Mediana de IMC para edad y sexo L, S = Estas variables aparecen en las primeras columnas de estas tablas, siendo L: el indicador de simetría y S: el coeficiente de variación.
B9: (Factor L del IMC): | C9: =IF(OR(C57<>"SÍ",C6<61,C6>228),"",IF(Ingreso!C3="Femenino",IFERROR(INDEX(Tablas_OMS!$B$2:$B$169,MATCH(C6,Tablas_OMS!$A$2:$A$169,0)),""),IF(Ingreso!C3="Masculino",IFERROR(INDEX(Tablas_OMS!$G$2:$G$169,MATCH(C6,Tablas_OMS!$F$2:$F$169,0)),""),""))) -> -1.3529 | F9: (+3DE IMC): | G9: =IFERROR(C8*(1+C9*C10*3)^(1/C9), "") -> 34.753538 | I9: (+3DE P/E): | J9: =IFERROR(C13*(1+C14*C15*3)^(1/C14), "")
B10: (Factor S del IMC): | C10: =IF(OR(C57<>"SÍ",C6<61,C6>228),"",IF(Ingreso!C3="Femenino",IFERROR(INDEX(Tablas_OMS!$D$2:$D$169,MATCH(C6,Tablas_OMS!$A$2:$A$169,0)),""),IF(Ingreso!C3="Masculino",IFERROR(INDEX(Tablas_OMS!$I$2:$I$169,MATCH(C6,Tablas_OMS!$F$2:$F$169,0)),""),""))) -> 0.12579
B11: (Puntaje Z exacto del IMC): | C11: =IF(OR(C7="",C8="",C9="",C10=""),"",IF(C9=0,LN(C7/C8)/C10,(((C7/C8)^C9)-1)/(C10*C9))) -> 0.52632207
B12: Lactantes Menor (<1 año)
A13: Peso/Edad | B13: (Mediana M del P/E): | C13: =IF(OR(C57<>"SÍ",C6<0,C6>60),"",IF(Ingreso!C3="Femenino",IFERROR(INDEX(OMS_TABLAS_OFICIALES!$C$5:$C$65,MATCH(C6,OMS_TABLAS_OFICIALES!$A$5:$A$65,0)),""),IF(Ingreso!C3="Masculino",IFERROR(INDEX(OMS_TABLAS_OFICIALES!$H$5:$H$65,MATCH(C6,OMS_TABLAS_OFICIALES!$F$5:$F$65,0)),""),"")))
B14: (Factor L del P/E): | C14: =IF(OR(C57<>"SÍ",C6<0,C6>60),"",IF(Ingreso!C3="Femenino",IFERROR(INDEX(OMS_TABLAS_OFICIALES!$B$5:$B$65,MATCH(C6,OMS_TABLAS_OFICIALES!$A$5:$A$65,0)),""),IF(Ingreso!C3="Masculino",IFERROR(INDEX(OMS_TABLAS_OFICIALES!$G$5:$G$65,MATCH(C6,OMS_TABLAS_OFICIALES!$F$5:$F$65,0)),""),"")))
B15: (Factor S del P/E): | C15: =IF(OR(C57<>"SÍ",C6<0,C6>60),"",IF(Ingreso!C3="Femenino",IFERROR(INDEX(OMS_TABLAS_OFICIALES!$D$5:$D$65,MATCH(C6,OMS_TABLAS_OFICIALES!$A$5:$A$65,0)),""),IF(Ingreso!C3="Masculino",IFERROR(INDEX(OMS_TABLAS_OFICIALES!$I$5:$I$65,MATCH(C6,OMS_TABLAS_OFICIALES!$F$5:$F$65,0)),""),"")))
B16: (Puntaje Z exacto del P/E): | C16: =IF(OR(Ingreso!C8="",C13="",C14="",C15=""),"",IF(C14=0,LN(Ingreso!C8/C13)/C15,(((Ingreso!C8/C13)^C14)-1)/(C15*C14)))
A18: Talla/Edad | B18: EXTRAS TALLA/EDAD
B19: (Factor L de T/E): | C19: =1 -> 1
B20: (Mediana M de T/E): | C20: =M5 -> 172.9
B21: (Factor S de T/E): | C21: =IFERROR((M6-M5)/M5, "") -> 0.045112782
B22: (Puntaje Z T/E interpolado): | C22: =IF(OR(M3="",M4="",M5="",M6="",M7="",Ingreso!C9=""),"",IF(Ingreso!C9<M4,-1+(Ingreso!C9-M4)/(M4-M3),IF(Ingreso!C9<M5,(Ingreso!C9-M5)/(M5-M4),IF(Ingreso!C9<M6,(Ingreso!C9-M5)/(M6-M5),1+(Ingreso!C9-M6)/(M7-M6))))) -> -0.62820513
A24: Perimetro encefalico | B24: (Corte -2DE PC): | C24: =IF(OR(C57<>"SÍ",C6<0,C6>60,AND(C6>36,Ingreso!C24<>"Sí")),"",IF(Ingreso!C3="Femenino",IFERROR(INDEX(OMS_PCE_0_60!$G$5:$G$65,MATCH(C6,OMS_PCE_0_60!$A$5:$A$65,0)),""),IF(Ingreso!C3="Masculino",IFERROR(INDEX(OMS_PCE_0_60!$T$5:$T$65,MATCH(C6,OMS_PCE_0_60!$N$5:$N$65,0)),""),"")))
B25: (Corte -1DE PC): | C25: =IF(OR(C57<>"SÍ",C6<0,C6>60,AND(C6>36,Ingreso!C24<>"Sí")),"",IF(Ingreso!C3="Femenino",IFERROR(INDEX(OMS_PCE_0_60!$H$5:$H$65,MATCH(C6,OMS_PCE_0_60!$A$5:$A$65,0)),""),IF(Ingreso!C3="Masculino",IFERROR(INDEX(OMS_PCE_0_60!$U$5:$U$65,MATCH(C6,OMS_PCE_0_60!$N$5:$N$65,0)),""),"")))
B26: (Corte Mediana PC): | C26: =IF(OR(C57<>"SÍ",C6<0,C6>60,AND(C6>36,Ingreso!C24<>"Sí")),"",IF(Ingreso!C3="Femenino",IFERROR(INDEX(OMS_PCE_0_60!$I$5:$I$65,MATCH(C6,OMS_PCE_0_60!$A$5:$A$65,0)),""),IF(Ingreso!C3="Masculino",IFERROR(INDEX(OMS_PCE_0_60!$V$5:$V$65,MATCH(C6,OMS_PCE_0_60!$N$5:$N$65,0)),""),"")))
B27: (Corte +1DE PC): | C27: =IF(OR(C57<>"SÍ",C6<0,C6>60,AND(C6>36,Ingreso!C24<>"Sí")),"",IF(Ingreso!C3="Femenino",IFERROR(INDEX(OMS_PCE_0_60!$J$5:$J$65,MATCH(C6,OMS_PCE_0_60!$A$5:$A$65,0)),""),IF(Ingreso!C3="Masculino",IFERROR(INDEX(OMS_PCE_0_60!$W$5:$W$65,MATCH(C6,OMS_PCE_0_60!$N$5:$N$65,0)),""),"")))
B28: (Corte +2DE PC): | C28: =IF(OR(C57<>"SÍ",C6<0,C6>60,AND(C6>36,Ingreso!C24<>"Sí")),"",IF(Ingreso!C3="Femenino",IFERROR(INDEX(OMS_PCE_0_60!$K$5:$K$65,MATCH(C6,OMS_PCE_0_60!$A$5:$A$65,0)),""),IF(Ingreso!C3="Masculino",IFERROR(INDEX(OMS_PCE_0_60!$X$5:$X$65,MATCH(C6,OMS_PCE_0_60!$N$5:$N$65,0)),""),"")))
B29: (Puntaje Z PCe interpolado): | C29: =IF(OR(C24="",C25="",C26="",C27="",C28="",Ingreso!C10=""),"",IF(Ingreso!C10<C25,-1+(Ingreso!C10-C25)/(C25-C24),IF(Ingreso!C10<C26,(Ingreso!C10-C26)/(C26-C25),IF(Ingreso!C10<C27,(Ingreso!C10-C26)/(C27-C26),1+(Ingreso!C10-C27)/(C28-C27)))))
A30: Peso/Talla | B30: (Mediana M de P/Longitud o P/Estatura): | C30: =IF(OR(C57<>"SÍ",C6<0,C6>60,C54=""),"",IF(C6<24,IF(Ingreso!C3="Femenino",IFERROR(INDEX(OMS_TABLAS_OFICIALES!$M$5:$M$135,MATCH(C54,OMS_TABLAS_OFICIALES!$K$5:$K$135,0)),""),IF(Ingreso!C3="Masculino",IFERROR(INDEX(OMS_TABLAS_OFICIALES!$R$5:$R$135,MATCH(C54,OMS_TABLAS_OFICIALES!$P$5:$P$135,0)),""),"")),IF(Ingreso!C3="Femenino",IFERROR(INDEX(OMS_TABLAS_OFICIALES!$W$5:$W$115,MATCH(C54,OMS_TABLAS_OFICIALES!$U$5:$U$115,0)),""),IF(Ingreso!C3="Masculino",IFERROR(INDEX(OMS_TABLAS_OFICIALES!$AB$5:$AB$115,MATCH(C54,OMS_TABLAS_OFICIALES!$Z$5:$Z$115,0)),""),""))))
B31: (Factor L de P/Longitud o P/Estatura): | C31: =IF(OR(C57<>"SÍ",C6<0,C6>60,C54=""),"",IF(C6<24,IF(Ingreso!C3="Femenino",IFERROR(INDEX(OMS_TABLAS_OFICIALES!$L$5:$L$135,MATCH(C54,OMS_TABLAS_OFICIALES!$K$5:$K$135,0)),""),IF(Ingreso!C3="Masculino",IFERROR(INDEX(OMS_TABLAS_OFICIALES!$Q$5:$Q$135,MATCH(C54,OMS_TABLAS_OFICIALES!$P$5:$P$135,0)),""),"")),IF(Ingreso!C3="Femenino",IFERROR(INDEX(OMS_TABLAS_OFICIALES!$V$5:$V$115,MATCH(C54,OMS_TABLAS_OFICIALES!$U$5:$U$115,0)),""),IF(Ingreso!C3="Masculino",IFERROR(INDEX(OMS_TABLAS_OFICIALES!$AA$5:$AA$115,MATCH(C54,OMS_TABLAS_OFICIALES!$Z$5:$Z$115,0)),""),""))))
B32: (Factor S de P/Longitud o P/Estatura): | C32: =IF(OR(C57<>"SÍ",C6<0,C6>60,C54=""),"",IF(C6<24,IF(Ingreso!C3="Femenino",IFERROR(INDEX(OMS_TABLAS_OFICIALES!$N$5:$N$135,MATCH(C54,OMS_TABLAS_OFICIALES!$K$5:$K$135,0)),""),IF(Ingreso!C3="Masculino",IFERROR(INDEX(OMS_TABLAS_OFICIALES!$S$5:$S$135,MATCH(C54,OMS_TABLAS_OFICIALES!$P$5:$P$135,0)),""),"")),IF(Ingreso!C3="Femenino",IFERROR(INDEX(OMS_TABLAS_OFICIALES!$X$5:$X$115,MATCH(C54,OMS_TABLAS_OFICIALES!$U$5:$U$115,0)),""),IF(Ingreso!C3="Masculino",IFERROR(INDEX(OMS_TABLAS_OFICIALES!$AC$5:$AC$115,MATCH(C54,OMS_TABLAS_OFICIALES!$Z$5:$Z$115,0)),""),""))))
B33: (Puntaje Z de P/Longitud o P/Estatura): | C33: =IF(OR(Ingreso!C8="",C30="",C31="",C32=""),"",IF(C31=0,LN(Ingreso!C8/C30)/C32,(((Ingreso!C8/C30)^C31)-1)/(C32*C31)))
A35: (Z-score Primario): | C35: =IF(OR(C57<>"SÍ",C6="",C6>228),"",IF(C6<12,IF(C33>=1,C33,C16),IF(C6<=60,C33,C11))) -> 0.52632207
A36: Perimetro de cintura | B36: (Edad en Años Exactos): | C36: =IF(OR(Ingreso!C4="",Ingreso!C5="",Ingreso!C5<Ingreso!C4),"",DATEDIF(Ingreso!C4,Ingreso!C5,"Y")) -> 16
B37: (Corte p75 Cintura): | C37: =IF(OR(C57<>"SÍ",C36<5,C36>18),"",IF(Ingreso!C3="Femenino",IFERROR(INDEX(Tablas_OMS!$BU$2:$BU$15,MATCH(C36,Tablas_OMS!$BQ$2:$BQ$15,0)),""),IF(Ingreso!C3="Masculino",IFERROR(INDEX(Tablas_OMS!$CB$2:$CB$15,MATCH(C36,Tablas_OMS!$BX$2:$BX$15,0)),""),""))) -> 84.5
B38: (Corte p90 Cintura): | C38: =IF(OR(C57<>"SÍ",C36<5,C36>18),"",IF(Ingreso!C3="Femenino",IFERROR(INDEX(Tablas_OMS!$BV$2:$BV$15,MATCH(C36,Tablas_OMS!$BQ$2:$BQ$15,0)),""),IF(Ingreso!C3="Masculino",IFERROR(INDEX(Tablas_OMS!$CC$2:$CC$15,MATCH(C36,Tablas_OMS!$BX$2:$BX$15,0)),""),""))) -> 98.4
A40: EDAD DOCUMENTADA, APLICABILIDAD Y ALERTAS
B41: Días cronológicos exactos | C41: =IF(OR(Ingreso!C4="",Ingreso!C5="",Ingreso!C5<Ingreso!C4),"",Ingreso!C5-Ingreso!C4) -> 5844 | D41: Fecha evaluación − fecha nacimiento
B42: Edad gestacional total (días) | C42: =IF(Ingreso!C7="","",Ingreso!C7*7+IF(Ingreso!C12="",0,Ingreso!C12)) | D42: Semanas×7 + días adicionales
B43: Corrección teórica (días) | C43: =IF(C42="","",MAX(0,280-C42)) | D43: 280 − edad gestacional total
B44: Clase de prematuridad NT N.º 218 | C44: =IF(Ingreso!C6<>"Sí","NO_APLICA",IF(OR(Ingreso!C7="",Ingreso!C13=""),"PENDIENTE_DATO",IF(OR(Ingreso!C7<20,Ingreso!C7>42,IF(Ingreso!C12="",0,Ingreso!C12)<0,IF(Ingreso!C12="",0,Ingreso!C12)>6,Ingreso!C13<300,Ingreso!C13>8000),"DATO_INVALIDO",IF(OR(C42<224,Ingreso!C13<1500),"RNMBP",IF(AND(C42>=224,C42<=237,Ingreso!C13>=1500),"PREMATURO_MODERADO",IF(AND(C42>=238,C42<=258,Ingreso!C13>=1500),"PREMATURO_TARDÍO","FUERA_CRITERIO_NT218")))))) -> NO_APLICA | D44: Usa EG y peso al nacer
B45: Límite de corrección (meses) | C45: =IF(C44="RNMBP",24,IF(C44="PREMATURO_MODERADO",12,IF(C44="PREMATURO_TARDÍO",6,""))) | D45: 24 / 12 / 6 según categoría
B46: Fecha equivalente a 40 semanas | C46: =IF(OR(C44="RNMBP",C44="PREMATURO_MODERADO",C44="PREMATURO_TARDÍO"),Ingreso!C4+C43,"") | D46: Fecha nacimiento + corrección
B47: Edad efectiva exacta (días) | C47: =IF(C46="","",IF(Ingreso!C5<=DATE(YEAR(C46),MONTH(C46)+C45,DAY(C46)),MAX(0,Ingreso!C5-C46),C41)) | D47: Corregida mientras corresponda
B48: Meses efectivos completos | C48: =IF(C46="","",IF(Ingreso!C5<=DATE(YEAR(C46),MONTH(C46)+C45,DAY(C46)),IF(Ingreso!C5<C46,0,DATEDIF(C46,Ingreso!C5,"m")),C3))
B49: Días sobrantes efectivos | C49: =IF(C46="","",IF(Ingreso!C5<=DATE(YEAR(C46),MONTH(C46)+C45,DAY(C46)),IF(Ingreso!C5<C46,0,DATEDIF(C46,Ingreso!C5,"md")),C4))
B50: Edad efectiva para tablas (meses) | C50: =IF(C3="","",IF(Ingreso!C6<>"Sí",C5,IF(OR(C44="PENDIENTE_DATO",C44="DATO_INVALIDO",C44="FUERA_CRITERIO_NT218"),"",IF(Ingreso!C5<=DATE(YEAR(C46),MONTH(C46)+C45,DAY(C46)),IF(C48<60,IF(C49<=15,C48,C48+1),C48),C5)))) -> 192 | D50: Aproximación MINSAL si <5 años
B51: Aplicación de prematuridad | C51: =IF(Ingreso!C6<>"Sí","EDAD_CRONOLÓGICA",IF(C44="PENDIENTE_DATO","PENDIENTE_DATO",IF(C44="DATO_INVALIDO","DATO_INVALIDO",IF(C44="FUERA_CRITERIO_NT218","FUERA_CRITERIO",IF(Ingreso!C5<=DATE(YEAR(C46),MONTH(C46)+C45,DAY(C46)),"EDAD_CORREGIDA_APLICADA","CORRECCIÓN_FINALIZADA"))))) -> EDAD_CRONOLÓGICA
B52: Dominio OMS | C52: =IF(C50="","PENDIENTE",IF(C50<=60,"OMS 2006 · 0–60 meses",IF(C50<=228,"OMS 2007 · 61–228 meses","FUERA_DE_DOMINIO >228 meses"))) -> OMS 2007 · 61–228 meses
B53: Alerta principal de datos | C53: =IF(OR(Ingreso!C4="",Ingreso!C5=""),"FALTAN_FECHAS",IF(Ingreso!C5<Ingreso!C4,"FECHAS_INVÁLIDAS",IF(AND(Ingreso!C3<>"Masculino",Ingreso!C3<>"Femenino"),"SEXO_INVÁLIDO",IF(Ingreso!C16="","POBLACIÓN_NO_SELECCIONADA",IF(AND(Ingreso!C16<>"GENERAL",Ingreso!C16<>"PREMATURIDAD",Ingreso!C16<>"SINDROME_DOWN",Ingreso!C16<>"PARALISIS_CEREBRAL",Ingreso!C16<>"OTRA"),"POBLACIÓN_INVÁLIDA",IF(AND(Ingreso!C16="GENERAL",OR(Ingreso!C6="Sí",Ingreso!C14="Sí")),"SELECTOR_NO_COINCIDE",IF(AND(Ingreso!C16="PREMATURIDAD",Ingreso!C6<>"Sí"),"SELECTOR_REQUIERE_PREMATURO_SÍ",IF(AND(Ingreso!C16="PREMATURIDAD",Ingreso!C14="Sí"),"SELECCIONE_SINDROME_DOWN",IF(AND(Ingreso!C16="SINDROME_DOWN",Ingreso!C14<>"Sí"),"SELECTOR_REQUIERE_DOWN_SÍ",IF(Ingreso!C16="SINDROME_DOWN",DOWN_INTEGRADO!B21,IF(Ingreso!C16="PARALISIS_CEREBRAL","FUENTE_VERIFICADA · MOTOR_NO_AUTOMATIZADO",IF(Ingreso!C16="OTRA","FUENTE_ESPECÍFICA_REQUERIDA",IF(C50="","EDAD_NO_RESUELTA",IF(C50>228,"EDAD_FUERA_DE_RANGO",IF(OR(Ingreso!C8="",Ingreso!C9=""),"FALTAN_PESO_TALLA",IF(OR(Ingreso!C8<=0,Ingreso!C9<=0),"MEDICIÓN_INVÁLIDA",IF(AND(C50<=60,OR(C54<IF(C50<24,45,65),C54>IF(C50<24,110,120))),"TALLA_FUERA_DOMINIO_PESO_TALLA","OK"))))))))))))))))) -> OK
B54: Talla clave para tabla (0,5 cm) | C54: =IF(OR(Ingreso!C9="",Ingreso!C9<=0),"",ROUND(Ingreso!C9*2,0)/2) -> 168 | D54: Redondeo al incremento de tabla
B55: Técnica esperada por edad | C55: =IF(C50="","",IF(C50<24,"LONGITUD",IF(C50<=60,"ESTATURA","NO_APLICA_P/T"))) -> NO_APLICA_P/T | D55: <24 m longitud; 24–60 m estatura
B56: Control de técnica declarada | C56: =IF(C55="","",IF(Ingreso!C15="Automático por edad","OK",IF(Ingreso!C15=C55,"OK","ALERTA_TÉCNICA_NO_COINCIDE_CON_EDAD"))) -> OK
B57: Curva general permitida por selector | C57: =IF(OR(Ingreso!C16="GENERAL",Ingreso!C16="PREMATURIDAD"),"SÍ","NO") -> SÍ | D57: GENERAL/PREMATURIDAD permiten curvas; poblaciones especiales las bloquean

Sheet Interpretación
A1: NUTRIMETRÍA · RESULTADOS SEPARADOS OMS / MINSAL
B2: Indicador | C2: Puntaje Z | D2: Clasificación OMS | E2: Clasificación clínica MINSAL | F2: Fuente identificada | G2: Aplicabilidad | H2: Estado / alerta
B3: IMC/Edad | C3: =Cálculos!C11 -> 0.52632207 | D3: =IF(C3="","",IF(C3<-3,"Delgadez severa",IF(C3<-2,"Delgadez",IF(C3<=1,"Normal",IF(C3<=2,"Sobrepeso","Obesidad"))))) -> Normal | E3: =IF(C3="","",IF(C3<=-2,"Desnutrición",IF(C3<=-1,"Riesgo de desnutrir",IF(C3<1,"Normal",IF(C3<2,"Sobrepeso",IF(C3<3,"Obesidad","Obesidad severa")))))) -> Normal | F3: OMS Reference 2007 (61–228 m); MINSAL 2018 p. 9 | G3: =IF(OR(Ingreso!C16="SINDROME_DOWN",Ingreso!C16="PARALISIS_CEREBRAL",Ingreso!C16="OTRA"),"REFERENCIA_NO_IMPLEMENTADA",IF(AND(Cálculos!C6>=61,Cálculos!C6<=228),IF(C3="","PENDIENTE_DATO","APLICA"),"FUERA_DE_DOMINIO")) -> APLICA | H3: =IF(OR(G3="APLICA",G3="NO_APLICA",G3="EDAD_CRONOLÓGICA",G3="CORRECCIÓN_FINALIZADA"),"OK",G3) -> OK
B4: Peso/Edad | C4: =Cálculos!C16 | D4: =IF(C4="","",IF(C4<-3,"Bajo peso severo",IF(C4<-2,"Bajo peso","Normal"))) | E4: =IF(C4="","",IF(C4<=-2,"Desnutrición",IF(C4<=-1,"Riesgo de desnutrir","Normal / eutrófico"))) | F4: OMS Child Growth Standards 2006 (0–60 m); MINSAL 2018 p. 9 | G4: =IF(OR(Ingreso!C16="SINDROME_DOWN",Ingreso!C16="PARALISIS_CEREBRAL",Ingreso!C16="OTRA"),"REFERENCIA_NO_IMPLEMENTADA",IF(AND(Cálculos!C6>=0,Cálculos!C6<=60),IF(C4="","PENDIENTE_DATO","APLICA"),"FUERA_DE_DOMINIO")) -> FUERA_DE_DOMINIO | H4: =IF(OR(G4="APLICA",G4="NO_APLICA",G4="EDAD_CRONOLÓGICA",G4="CORRECCIÓN_FINALIZADA"),"OK",G4) -> FUERA_DE_DOMINIO
B5: Talla/Edad | C5: =Cálculos!C22 -> -0.62820513 | D5: =IF(C5="","",IF(C5<-3,"Talla baja severa",IF(C5<-2,"Talla baja",IF(C5<=3,"Normal","Talla alta")))) -> Normal | E5: =IF(C5="","",IF(C5<=-2,"Talla baja",IF(C5<=-1,"Talla normal baja",IF(C5<1,"Normal",IF(C5<2,"Talla normal alta","Talla alta"))))) -> Normal | F5: OMS 2006/2007, líneas Z oficiales; puntaje Z interpolado entre líneas | G5: =IF(OR(Ingreso!C16="SINDROME_DOWN",Ingreso!C16="PARALISIS_CEREBRAL",Ingreso!C16="OTRA"),"REFERENCIA_NO_IMPLEMENTADA",IF(AND(Cálculos!C6>=0,Cálculos!C6<=228),IF(C5="","PENDIENTE_DATO","APLICA"),"FUERA_DE_DOMINIO")) -> APLICA | H5: =IF(G5="APLICA","OK_CON_LIMITACIÓN_Z_INTERPOLADO",IF(G5="NO_APLICA_SÍNDROME_DOWN",G5,IF(G5="FUERA_DE_DOMINIO",G5,G5))) -> OK_CON_LIMITACIÓN_Z_INTERPOLADO
B6: Perímetro cefálico/Edad | C6: =Cálculos!C29 | D6: =IF(C6="","","NO_CLASIFICACIÓN_OMS_IMPLEMENTADA") | E6: =IF(C6="","",IF(C6<=-2,"Microcefalia",IF(C6>=2,"Macrocefalia","Normal"))) | F6: OMS 2006 PCe/E 0–60 m; MINSAL NT N.º218, 2021, tabla II-35 p.132: normal >−2 y <+2 | G6: =IF(OR(Ingreso!C16="SINDROME_DOWN",Ingreso!C16="PARALISIS_CEREBRAL",Ingreso!C16="OTRA"),"REFERENCIA_ESPECÍFICA",IF(AND(Cálculos!C6>=0,Cálculos!C6<=60,OR(Cálculos!C6<=36,Ingreso!C24="Sí")),IF(Ingreso!C10="","NO_INGRESADO","APLICA"),"FUERA_DE_DOMINIO")) -> FUERA_DE_DOMINIO | H6: =IF(G6="APLICA","OK_CON_LIMITACIÓN_Z_INTERPOLADO",IF(G6="NO_APLICA_SÍNDROME_DOWN",G6,IF(G6="FUERA_DE_DOMINIO",G6,G6))) -> FUERA_DE_DOMINIO
B7: Peso/Longitud o Peso/Estatura | C7: =Cálculos!C33 | D7: =IF(C7="","",IF(C7<-3,"Emaciación severa",IF(C7<-2,"Emaciación",IF(C7<=1,"Normal",IF(C7<=2,"Posible riesgo de sobrepeso",IF(C7<=3,"Sobrepeso","Obesidad")))))) | E7: =IF(C7="","",IF(C7<=-2,"Desnutrición",IF(C7<=-1,"Riesgo de desnutrir",IF(C7<1,"Normal",IF(C7<2,"Sobrepeso","Obesidad"))))) | F7: OMS 2006 P/L <2 a y P/E 2–5 a; MINSAL 2018 p. 9 | G7: =IF(OR(Ingreso!C16="SINDROME_DOWN",Ingreso!C16="PARALISIS_CEREBRAL",Ingreso!C16="OTRA"),"REFERENCIA_NO_IMPLEMENTADA",IF(AND(Cálculos!C6>=0,Cálculos!C6<=60),IF(OR(Cálculos!C54<IF(Cálculos!C6<24,45,65),Cálculos!C54>IF(Cálculos!C6<24,110,120)),"FUERA_DE_DOMINIO_TALLA",IF(C7="","PENDIENTE_DATO","APLICA")),"FUERA_DE_DOMINIO")) -> FUERA_DE_DOMINIO | H7: =IF(OR(G7="APLICA",G7="NO_APLICA",G7="EDAD_CRONOLÓGICA",G7="CORRECCIÓN_FINALIZADA"),"OK",G7) -> FUERA_DE_DOMINIO
B8: Perímetro de cintura/Edad | C8: ="" | D8: ="NO_OMS · percentiles Fernández" -> NO_OMS · percentiles Fernández | E8: =IF(OR(Ingreso!C11="",Cálculos!C37=""),"",IF(Ingreso!C11<Cálculos!C37,"Normal",IF(Ingreso!C11<Cálculos!C38,"Riesgo de obesidad abdominal","Obesidad abdominal"))) -> Normal | F8: Fernández et al. 2004; incorporado por MINSAL 2018 p. 11 | G8: =IF(OR(Ingreso!C16="SINDROME_DOWN",Ingreso!C16="PARALISIS_CEREBRAL",Ingreso!C16="OTRA"),"REFERENCIA_NO_IMPLEMENTADA",IF(AND(Cálculos!C36>=5,Cálculos!C36<=18),IF(Ingreso!C11="","NO_INGRESADO","APLICA"),"FUERA_DE_DOMINIO_TABLA")) -> APLICA | H8: =IF(OR(G8="APLICA",G8="NO_APLICA",G8="EDAD_CRONOLÓGICA",G8="CORRECCIÓN_FINALIZADA"),"OK",G8) -> OK
B9: Clasificación nutricional integrada | C9: =Cálculos!C35 -> 0.52632207 | D9: ="NO_APLICA · clasificación clínica MINSAL" -> NO_APLICA · clasificación clínica MINSAL | E9: =IF(C9="","",IF(C9<=-2,"Desnutrición",IF(C9<=-1,"Riesgo de desnutrir",IF(C9<1,"Normal",IF(C9<2,"Sobrepeso",IF(AND(Cálculos!C6>=61,C9>=3),"Obesidad severa","Obesidad")))))) -> Normal | F9: MINSAL, Patrones de crecimiento 2018, p. 9 | G9: =IF(OR(Ingreso!C16="SINDROME_DOWN",Ingreso!C16="PARALISIS_CEREBRAL",Ingreso!C16="OTRA"),"REFERENCIA_NO_IMPLEMENTADA",IF(AND(Cálculos!C6>=0,Cálculos!C6<=228),IF(C9="","PENDIENTE_DATO","APLICA"),"FUERA_DE_DOMINIO")) -> APLICA | H9: =IF(OR(G9="APLICA",G9="NO_APLICA",G9="EDAD_CRONOLÓGICA",G9="CORRECCIÓN_FINALIZADA"),"OK",G9) -> OK
B10: Dominio etario | C10: ="" | D10: =Cálculos!C52 -> OMS 2007 · 61–228 meses | E10: =IF(Cálculos!C6="","PENDIENTE","NT N.º 218: 0–9 años; patrones MINSAL 2018: nacimiento–19 años") -> NT N.º 218: 0–9 años; patrones MINSAL 2018: nacimiento–19 años | F10: OMS 2006 + OMS Reference 2007; MINSAL 2018 | G10: =IF(Cálculos!C6="","PENDIENTE","APLICA") -> APLICA | H10: =IF(OR(G10="APLICA",G10="NO_APLICA",G10="EDAD_CRONOLÓGICA",G10="CORRECCIÓN_FINALIZADA"),"OK",G10) -> OK
B11: Prematuridad | C11: ="" | D11: ="NO_APLICA" -> NO_APLICA | E11: =Cálculos!C44 -> NO_APLICA | F11: MINSAL NT N.º 218, 2.ª ed. 2021, Resolución Exenta N.º 55, tabla III-12 p. 146 | G11: =IF(Ingreso!C6="Sí",Cálculos!C51,"NO_APLICA") -> NO_APLICA | H11: =IF(OR(G11="APLICA",G11="NO_APLICA",G11="EDAD_CRONOLÓGICA",G11="CORRECCIÓN_FINALIZADA"),"OK",G11) -> OK
B12: Síndrome de Down | C12: ="" | D12: =IF(Ingreso!C16="SINDROME_DOWN","MOTOR_DOWN_INTEGRADO_OMS_ZEMEL","NO_APLICA") -> NO_APLICA | E12: =IF(Ingreso!C16="SINDROME_DOWN",DOWN_INTEGRADO!B16,"NO_APLICA") -> NO_APLICA | F12: MINSAL NT N.º218, 2021, tablas III-21 a III-24 pp.161–162; OMS 2006/2007; Zemel 2015 | G12: =IF(Ingreso!C16="SINDROME_DOWN",DOWN_INTEGRADO!B20,"NO_APLICA") -> NO_APLICA | H12: =IF(OR(G12="APLICA",G12="NO_APLICA"),IF(OR(E12="PENDIENTE_PERCENTIL_P_E_ZEMEL",E12="PENDIENTE_DATO_OMS_P_T",E12="PENDIENTE_DATO_OMS_IMC_E"),E12,"OK"),G12) -> OK | I12: Z-Score Exacto: | J12: =IF(C9="","",C9) -> 0.52632207
B13: Población seleccionada | C13: ="" | D13: =Ingreso!C16 -> GENERAL | E13: =IF(Ingreso!C16="GENERAL","MOTOR_GENERAL_OMS_MINSAL",IF(Ingreso!C16="PREMATURIDAD","MOTOR_GENERAL_CON_EDAD_CORREGIDA",IF(Ingreso!C16="SINDROME_DOWN","MOTOR_DOWN_INTEGRADO_OMS_ZEMEL",IF(Ingreso!C16="PARALISIS_CEREBRAL","FUENTE_VERIFICADA_MOTOR_NO_AUTOMATIZADO",IF(Ingreso!C16="OTRA","FUENTE_ESPECÍFICA_REQUERIDA","POBLACIÓN_NO_SELECCIONADA"))))) -> MOTOR_GENERAL_OMS_MINSAL | F13: Selector de población + jerarquía OMS/MINSAL/UDD | G13: =IF(Ingreso!C16="GENERAL","APLICA",IF(Ingreso!C16="PREMATURIDAD",IF(Ingreso!C6="Sí","APLICA_CON_EDAD_CORREGIDA","PENDIENTE_DATO"),IF(Ingreso!C16="SINDROME_DOWN",DOWN_INTEGRADO!B20,IF(Ingreso!C16="PARALISIS_CEREBRAL","FUENTE_VERIFICADA_SIN_MOTOR",IF(Ingreso!C16="OTRA","FUENTE_ESPECÍFICA_REQUERIDA","PENDIENTE"))))) -> APLICA | H13: =IF(OR(G13="APLICA",G13="APLICA_CON_EDAD_CORREGIDA"),"OK",G13) -> OK
B14: DIAGNÓSTICO NUTRICIONAL DE TAMIZAJE
B15: =IF(Ingreso!C2="","",IF(Cálculos!C6="","Evaluación nutricional de "&Ingreso!C2&". "&"La edad efectiva está pendiente de resolución.",IF(Ingreso!C16="SINDROME_DOWN","Evaluación nutricional de "&Ingreso!C2&", "&IF(Ingreso!C3="Femenino","niña","niño")&" de "&IF(Cálculos!C6<12,TEXT(Cálculos!C6,"0")&" meses",TEXT(INT(Cálculos!C6/12),"0")&IF(INT(Cálculos!C6/12)=1," año"," años")&" y "&TEXT(Cálculos!C6-INT(Cálculos!C6/12)*12,"0")&" meses")&", con síndrome de Down.",IF(Ingreso!C16="PARALISIS_CEREBRAL","Evaluación nutricional de "&Ingreso!C2&", "&IF(Ingreso!C3="Femenino","niña","niño")&" de "&IF(Cálculos!C6<12,TEXT(Cálculos!C6,"0")&" meses",TEXT(INT(Cálculos!C6/12),"0")&IF(INT(Cálculos!C6/12)=1," año"," años")&" y "&TEXT(Cálculos!C6-INT(Cálculos!C6/12)*12,"0")&" meses")&", con parálisis cerebral.","Evaluación nutricional de "&Ingreso!C2&", "&IF(Ingreso!C3="Femenino","niña","niño")&" de "&IF(Cálculos!C6<12,TEXT(Cálculos!C6,"0")&" meses",TEXT(INT(Cálculos!C6/12),"0")&IF(INT(Cálculos!C6/12)=1," año"," años")&" y "&TEXT(Cálculos!C6-INT(Cálculos!C6/12)*12,"0")&" meses")&".")))) -> Evaluación nutricional de PACIENTE-X01, niño de 16 años y 0 meses.
B16: =IF(Ingreso!C2="","",IF(Cálculos!C6="","No fue posible emitir el diagnóstico nutricional. Revise las fechas, la condición de prematuridad, la edad gestacional y el peso al nacer.",IF(Ingreso!C16="SINDROME_DOWN","Diagnóstico nutricional de tamizaje: "&IF(DOWN_INTEGRADO!B16="PENDIENTE_PERCENTIL_P_E_ZEMEL","no concluyente por falta del percentil de peso/edad Zemel",IF(DOWN_INTEGRADO!B16="PENDIENTE_DATO_OMS_P_T","no concluyente por falta de datos para peso/longitud o peso/estatura",IF(DOWN_INTEGRADO!B16="PENDIENTE_DATO_OMS_IMC_E","no concluyente por falta de datos para IMC/edad",LOWER(SUBSTITUTE(DOWN_INTEGRADO!B16,"_"," ")))))&". "&"La valoración integró los indicadores OMS permitidos por MINSAL y los percentiles específicos Zemel.",IF(Ingreso!C16="PARALISIS_CEREBRAL","Conclusión de tamizaje: no es clínicamente válido emitir un diagnóstico antropométrico automático utilizando las curvas pediátricas generales.",IF(Ingreso!C16="OTRA","No es posible emitir un diagnóstico nutricional automático válido para la población OTRA, porque falta una referencia específica con versión, dominio y criterios documentados.","Diagnóstico nutricional de tamizaje: estado nutricional "&LOWER(IF(E9="","no concluyente por falta de datos",E9))&" según la clasificación clínica MINSAL aplicable a su edad."))))) -> Diagnóstico nutricional de tamizaje: estado nutricional normal según la clasificación clínica MINSAL aplicable a su edad.
B17: =IF(Ingreso!C2="","",IF(Cálculos!C6="","Los indicadores no pueden interpretarse hasta resolver la edad efectiva.",IF(Ingreso!C16="SINDROME_DOWN","Peso específico: "&LOWER(SUBSTITUTE(DOWN_INTEGRADO!B17,"_"," "))&". "&"Talla para la edad específica: "&LOWER(SUBSTITUTE(DOWN_INTEGRADO!B18,"_"," "))&". "&"Perímetro cefálico para la edad específico: "&LOWER(SUBSTITUTE(DOWN_INTEGRADO!B19,"_"," "))&".",IF(Ingreso!C16="PARALISIS_CEREBRAL",IF(Ingreso!C18="NO_REGISTRADO","El nivel GMFCS no está registrado. ","Nivel GMFCS registrado: "&Ingreso!C18&". ")&"La valoración debe integrar peso y talla directos o estimados, medidas segmentarias, evolución, función motora, vía de alimentación e ingesta.",IF(Ingreso!C16="OTRA","Seleccione la población correcta o incorpore la referencia clínica específica antes de interpretar los indicadores.",IF(Cálculos!C6<=60,"Peso para la longitud/estatura: "&LOWER(IF(E7="","no disponible",E7))&"."&IF(Cálculos!C6<12," "&"Peso para la edad: "&LOWER(IF(E4="","no disponible",E4))&".",""),"IMC para la edad: "&LOWER(IF(E3="","no disponible",E3))&".")&" "&"Talla para la edad: "&LOWER(IF(E5="","sin información suficiente",E5))&"."&IF(G6="APLICA"," "&"Perímetro cefálico para la edad: "&LOWER(E6)&".","")&IF(G8="APLICA"," "&"Perímetro de cintura: "&LOWER(E8)&".","")))))) -> IMC para la edad: normal. Talla para la edad: normal. Perímetro de cintura: normal.
B18: =IF(Ingreso!C2="","",IF(Cálculos!C6="","Corrija los datos de ingreso antes de utilizar el resultado para una decisión clínica.",IF(Ingreso!C16="SINDROME_DOWN","Confirme que los percentiles Zemel fueron leídos e ingresados por un profesional y valore la trayectoria individual. Las curvas generales no deben utilizarse como sustituto.",IF(Ingreso!C16="PARALISIS_CEREBRAL","Se recomienda completar la evaluación en el módulo antropométrico especializado y formular el diagnóstico nutricional con criterio clínico individual.",IF(Ingreso!C16="OTRA","No utilice las curvas generales como sustituto de una referencia que no ha sido verificada.",IF(OR(E9="Desnutrición",E9="Obesidad severa"),"El hallazgo requiere evaluación nutricional y clínica prioritaria, revisión de la velocidad de crecimiento y una conducta individualizada. ",IF(OR(E9="Riesgo de desnutrir",E9="Sobrepeso",E9="Obesidad"),"El hallazgo requiere evaluación nutricional completa y seguimiento cercano de la trayectoria de crecimiento, la alimentación y los factores clínicos y familiares. ",IF(E9="Normal","No se identifican alteraciones antropométricas en el indicador principal; se recomienda mantener seguimiento periódico de la trayectoria de crecimiento. ","La conclusión debe completarse cuando estén disponibles todos los datos requeridos. ")))&IF(Ingreso!C6="Sí","La interpretación utilizó "&LOWER(SUBSTITUTE(Cálculos!C51,"_"," "))&". ","")&"Este diagnóstico es orientador y debe integrarse con anamnesis alimentaria, examen físico, antecedentes clínicos y evolución longitudinal."))))) -> No se identifican alteraciones antropométricas en el indicador principal; se recomienda mantener seguimiento periódico de la trayectoria de crecimiento. Este diagnóstico es orientador y debe integrarse con anamnesis alimentaria, examen físico, antecedentes clínicos y evolución longitudinal.
B20: CONSIDERACIONES CLÍNICAS Y ALERTAS
B21: =IF(Ingreso!C2="","",IF(Cálculos!C53<>"OK","La interpretación presenta una limitación: "&LOWER(SUBSTITUTE(Cálculos!C53,"_"," "))&". "&"Revise los datos de ingreso, el dominio etario o la población seleccionada antes de utilizar el resultado.",IF(H9<>"OK","La clasificación integrada no pudo completarse: "&LOWER(SUBSTITUTE(H9,"_"," "))&".",IF(OR(E9="Desnutrición",E9="Obesidad severa"),"Hallazgo de mayor prioridad clínica. Se recomienda evaluación nutricional completa, revisión de la velocidad de crecimiento y derivación médica según el contexto.",IF(OR(E9="Riesgo de desnutrir",E9="Sobrepeso",E9="Obesidad"),"Hallazgo que requiere seguimiento nutricional, revisión de la trayectoria de crecimiento y evaluación de factores alimentarios, clínicos y familiares.","Sin alertas automáticas de dominio o coherencia. Mantener interpretación clínica y seguimiento periódico."))))) -> Sin alertas automáticas de dominio o coherencia. Mantener interpretación clínica y seguimiento periódico.

Sheet GRÁFICO
A1: NUTRIMETRÍA · NMX-14 · Perfil de puntajes z
A2: Posición del paciente frente a la referencia OMS/MINSAL (banda normal −2 a +2)
A5: Indicador | B5: Puntaje z | C5: Registro DE
A6: IMC / edad | B6: =IF(ISNUMBER(Cálculos!C11),Cálculos!C11,"") -> 0.52632207 | C6: =IF(Interpretación!E3="","—",Interpretación!E3) -> Normal
A7: Peso / edad | B7: =IF(ISNUMBER(Cálculos!C16),Cálculos!C16,"") | C7: =IF(Interpretación!E4="","—",Interpretación!E4) -> —
A8: Talla / edad | B8: =IF(ISNUMBER(Cálculos!C22),Cálculos!C22,"") -> -0.62820513 | C8: =IF(Interpretación!E5="","—",Interpretación!E5) -> Normal
A9: Peso / talla | B9: =IF(ISNUMBER(Cálculos!C33),Cálculos!C33,"") | C9: =IF(Interpretación!E7="","—",Interpretación!E7) -> —
A10: INTEGRADO (primario) | B10: =IF(ISNUMBER(Cálculos!C35),Cálculos!C35,"") -> 0.52632207 | C10: =IF(Interpretación!E9="","—",Interpretación!E9) -> Normal
A13: Serie (para el gráfico)
A14: Indicador | B14: z
A15: IMC / edad | B15: =IF(ISNUMBER(Cálculos!C11),Cálculos!C11,0) -> 0.52632207
A16: Peso / edad | B16: =IF(ISNUMBER(Cálculos!C16),Cálculos!C16,0) -> 0
A17: Talla / edad | B17: =IF(ISNUMBER(Cálculos!C22),Cálculos!C22,0) -> -0.62820513
A18: Peso / talla | B18: =IF(ISNUMBER(Cálculos!C33),Cálculos!C33,0) -> 0
A19: INTEGRADO (primario) | B19: =IF(ISNUMBER(Cálculos!C35),Cálculos!C35,0) -> 0.52632207
A21: La banda −2 a +2 DE es el rango normal. ≤ −2 sugiere déficit; ≥ +2 sugiere exceso. Interpretar junto al canal de crecimiento y la evaluación clínica.

Sheet Informe
A1: NUTRIMETRÍA · INFORME DE EVALUACIÓN NUTRICIONAL
B5: Nombre del Paciente: | C5: =Ingreso!C2 -> PACIENTE-X01
B6: Edad: | C6: =Cálculos!C6 & " meses" -> 192 meses
B8: DIAGNÓSTICO NUTRICIONAL: | C8: =Interpretación!B15 & CHAR(10) & CHAR(10) & Interpretación!B16 & CHAR(10) & CHAR(10) & Interpretación!B17 & CHAR(10) & CHAR(10) & Interpretación!B18 -> Evaluación nutricional de PACIENTE-X01, niño de 16 años y 0 meses. Diagnóstico nutricional de tamizaje: estado nutricional normal según la clasificación clínica MINSAL aplicable a su edad. IMC para la edad: normal. Talla para la edad: normal. Perímetro de cintura: normal. No se identifican alteraciones antropométricas en el indicador principal; se recomienda mantener seguimiento periódico de la trayectoria de crecimiento. Este diagnóstico es orientador y debe integrarse con anamnesis alimentaria, examen físico, antecedentes clínicos y evolución longitudinal.
B17: Z-Score | C17: =Cálculos!C35 -> 0.52632207
B34: El puntaje Z (Z-score) en los patrones de crecimiento del MINSAL (basados en los estándares de la OMS) sirve para comparar las medidas antropométricas de un niño con las de una población de referencia del mismo sexo y edad. Es la forma más precisa de evaluar el estado nutricional infantil.
A40: ¿Cómo se interpreta? Puntaje Z Interpretación 0 Exactamente en la mediana (valor esperado). +1 Una desviación estándar sobre la mediana. +2 Muy por encima de la mediana. +3 Extremadamente por encima de la mediana. -1 Una desviación estándar bajo la mediana. -2 Muy por debajo de la mediana. -3 Extremadamente por debajo de la mediana.
A48: Documento de apoyo. EXACTITUD MATEMÁTICA ≠ VALIDACIÓN CLÍNICA. No constituye diagnóstico médico automático.

Sheet FUENTES
A1: NUTRIMETRÍA · TRAZABILIDAD OMS / MINSAL / UDD
A2: OMS y MINSAL mantienen prioridad. El Manual UDD se registra únicamente como fuente secundaria de protocolos, inventario y contraste.
A4: Documento | B4: Organismo | C4: Año | D4: Resolución | E4: Población | F4: Páginas/Sección | G4: Uso en NMX-14 | H4: Estado documental
A5: Norma Técnica para la Supervisión de Salud Integral de Niños y Niñas de 0 a 9 años en APS, N.º 218, 2.ª edición | B5: MINSAL | C5: 2021 | D5: Resolución Exenta N.º 55, 18-10-2021 | E5: 0–9 años | F5: Cap. 3; pp. 146 y 160–162 | G5: Prematuridad y situaciones especiales | H5: VERIFICADO | I5: Fecha cotejo | J5: Licencia | K5: Nivel
A6: Patrones de crecimiento para la evaluación nutricional de niños, niñas y adolescentes, desde el nacimiento hasta los 19 años | B6: MINSAL | C6: 2018 | D6: No identificada en el documento revisado | E6: Nacimiento–19 años | F6: pp. 7–11 y tablas | G6: Clasificación MINSAL, edad, PCe y cintura | H6: VERIFICADO_CON_RESOLUCIÓN_NO_IDENTIFICADA | I6: 2026-07-17 | J6: Tablas oficiales OMS, uso público | K6: A
A7: WHO Child Growth Standards | B7: OMS | C7: 2006 | D7: No aplica | E7: 0–60 meses | F7: Web y tablas Excel oficiales | G7: LMS P/E, P/L, P/Estatura; curvas T/E y PCe | H7: VERIFICADO | I7: 2026-07-17 | J7: Tablas oficiales OMS, uso público | K7: A
A8: WHO Growth Reference 2007 | B8: OMS | C8: 2007 | D8: No aplica | E8: 61–228 meses | F8: Web oficial e indicadores | G8: IMC/E y T/E 5–19 años | H8: VERIFICADO | I8: 2026-07-17 | J8: Artículo con derechos; solo la ecuación | K8: B
A9: Child Growth Monitoring: A Technical Guide | B9: OMS/EMRO | C9: 2025 | D9: No aplica | E9: Menores de 5 años | F9: p. 33, tabla 3 | G9: Clasificación OMS y regla de límite exacto menos severo | H9: VERIFICADO | I9: 2026-07-17 | J9: Documento oficial, uso público | K9: A
A10: Manual de Evaluación Nutricional UDD | B10: Universidad del Desarrollo | C10: 2018 | D10: No aplica | E10: Curso de vida y poblaciones especiales | F10: pp. 47–68; 105–114 | G10: Protocolos y mapa de candidatos; no reemplaza reglas oficiales | H10: FUENTE_SECUNDARIA_CONTROLADA | I10: 2026-08-06 | J10: Documento académico; atribución | K10: C
A11: FUENTES WEB OFICIALES | I11: 2026-07-17 | J11: Documento oficial, uso público | K11: A
A12: Fuente | B12: URL oficial | C12: Contenido usado | D12: Fecha de consulta
A13: MINSAL — actualización NT N.º218 | B13: https://www.minsal.cl/ministerio-de-salud-presenta-actualizacion-de-norma-tecnica-para-la-supervision-de-salud-integral-de-ninos-y-ninas-de-0-a-9-anos-en-aps/ | C13: Identificación y contexto de actualización | D13: 05-08-2026
A14: MINSAL — Salud infantil | B14: https://www.minsal.cl/salud-infantil/ | C14: Acceso institucional a documentos infantiles | D14: 05-08-2026
A15: OMS — Child Growth Standards | B15: https://www.who.int/tools/child-growth-standards | C15: Dominio 0–60 meses y tablas oficiales | D15: 05-08-2026
A16: OMS — Growth Reference 5–19 | B16: https://www.who.int/tools/growth-reference-data-for-5to19-years | C16: Dominio 61–228 meses | D16: 05-08-2026
A17: OMS — BMI-for-age 5–19 | B17: https://www.who.int/tools/growth-reference-data-for-5to19-years/indicators/bmi-for-age | C17: Puntos de corte OMS | D17: 05-08-2026
A18: Amezquita y Hodgson. Estimación de talla en PC | B18: Rev Chil Pediatr | C18: 2014 | D18: No aplica | E18: Parálisis cerebral | F18: 85(1):22–30; DOI 10.4067/S0370-41062014000100003 | G18: Validación chilena; motor en NMX-28 | H18: VERIFICADO | I18: 2026-08-06 | J18: Artículo con derechos | K18: A/B
A19: Zemel et al. Growth Charts for Down Syndrome | B19: Pediatrics | C19: 2015 | D19: No aplica | E19: Síndrome de Down | F19: 136(5):e1204–e1211; DOI 10.1542/peds.2015-1652 | G19: Percentiles manuales CDC + MINSAL | H19: VERIFICADO_CON_ENTRADA_MANUAL | I19: 2026-08-06 | J19: No redistribuir gráficas | K19: A/B
A20: MINSAL NT N.º218 — edad biológica | B20: MINSAL | C20: 2021 | D20: Res. Ex. N.º55 | E20: Escolares/adolescentes | F20: Cap.2 p.129 | G20: Rangos, >1 año y excepción SD | H20: VERIFICADO | I20: 2026-08-06 | J20: Documento oficial | K20: A
A21: Brooks et al. Growth charts in cerebral palsy | B21: Pediatrics | C21: 2011 | D21: No aplica | E21: Parálisis cerebral | F21: 128:e299; DOI 10.1542/peds.2010-2801 | G21: Curvas por sexo/GMFCS | H21: VERIFICADO_NO_AUTOMATIZADO | I21: 2026-08-06 | J21: Gráficas con derechos | K21: A/B
A22: GMFCS Expanded & Revised | B22: CanChild | C22: 2007/actualizado | D22: No aplica | E22: Parálisis cerebral | F22: 5 niveles y bandas etarias | G22: Nivel informado; instrumento no incorporado | H22: VERIFICADO_CON_RESTRICCIÓN_DE_LICENCIA | I22: 2026-08-06 | J22: Licencia EHR/comercial | K22: A
A23: WHO Head circumference-for-age 0–5 | B23: OMS | C23: 2006 | D23: No aplica | E23: 0–60 meses | F23: Tablas Excel oficiales por sexo | G23: PCe/E y NANEAS | H23: VERIFICADO_E_IMPORTADO | I23: 2026-08-06 | J23: Tablas OMS | K23: A
A25: Fuente | B25: URL oficial | C25: Contenido | D25: Consulta
A26: MINSAL NT218 capítulo 2 | B26: https://www.medicinafamiliar.cl/mf/wordpress/wp-content/uploads/2021/12/capitulo-2.pdf | C26: PCe y edad biológica | D26: 06-08-2026
A27: MINSAL NT218 capítulo 3 | B27: https://www.minsal.cl/wp-content/uploads/2021/12/Capi%CC%81tulo-3-Web.pdf | C27: Prematuridad y Down | D27: 06-08-2026
A28: CDC Down charts | B28: https://www.cdc.gov/birth-defects/hcp/down-syndrome-growth-charts/index.html | C28: Gráficas Zemel | D28: 06-08-2026
A29: Zemel DOI | B29: https://doi.org/10.1542/peds.2015-1652 | C29: Artículo primario | D29: 06-08-2026
A30: Brooks PubMed | B30: https://pubmed.ncbi.nlm.nih.gov/21768315/ | C30: Curvas PC | D30: 06-08-2026
A31: CanChild GMFCS | B31: https://canchild.ca/resources/42-gmfcs-e-r/ | C31: GMFCS y licencia | D31: 06-08-2026
A32: Amezquita SciELO | B32: https://www.scielo.cl/scielo.php?pid=S0370-41062014000100003&script=sci_arttext | C32: Talla PC Chile | D32: 06-08-2026

Sheet Tablas_OMS
A1: Meses | B1: L_IMC | C1: M_IMC | D1: S_IMC | F1: Meses | G1: L_IMC_Niños | H1: M_IMC_Niños | I1: S_IMC_Niños | K1: Meses_PE_Niñas | L1: L_PE_Niñas | M1: M_PE_Niñas | N1: S_PE_Niñas | P1: Meses_PE_Niños | Q1: L_PE_Niños | R1: M_PE_Niños | S1: S_PE_Niños | U1: Meses_TE_Niñas | V1: TE_Menos2_Niñas | W1: TE_Menos1_Niñas | X1: TE_Mediana_Niñas | Y1: TE_Mas1_Niñas | Z1: TE_Mas2_Niñas | AB1: Meses_TE_Niños | AC1: TE_Menos2_Niños | AD1: TE_Menos1_Niños | AE1: TE_Mediana_Niños | AF1: TE_Mas1_Niños | AG1: TE_Mas2_Niños | AI1: Meses_PC_Niñas | AJ1: PC_Menos2_Niñas | AK1: PC_Menos1_Niñas | AL1: PC_Mediana_Niñas | AM1: PC_Mas1_Niñas | AN1: PC_Mas2_Niñas | AP1: Meses_PC_Niños | AQ1: PC_Menos2_Niños | AR1: PC_Menos1_Niños | AS1: PC_Mediana_Niños | AT1: PC_Mas1_Niños | AU1: PC_Mas2_Niños | AW1: Talla_cm_Niñas | AX1: L_PT_Niñas | AY1: M_PT_Niñas | AZ1: S_PT_Niñas | BA1: PT_Menos2_Niñas | BB1: PT_Menos1_Niñas | BC1: PT_Mediana_Niñas | BD1: PT_Mas1_Niñas | BE1: PT_Mas2_Niñas | BG1: Talla_cm_Niños | BH1: L_PT_Niños | BI1: M_PT_Niños | BJ1: S_PT_Niños | BK1: PT_Menos2_Niños | BL1: PT_Menos1_Niños | BM1: PT_Mediana_Niños | BN1: PT_Mas1_Niños | BO1: PT_Mas2_Niños | BQ1: Edad_Años_Niñas | BR1: p10_Niñas | BS1: p25_Niñas | BT1: p50_Niñas | BU1: p75_Niñas | BV1: p90_Niñas | BX1: Edad_Años_Niños | BY1: p10_Niños | BZ1: p25_Niños | CA1: p50_Niños | CB1: p75_Niños | CC1: p90_Niños
A2: 61 | B2: -0.8886 | C2: 15.2441 | D2: 0.09692 | F2: 61 | G2: -0.7387 | H2: 15.2641 | I2: 0.0839 | K2: 0 | L2: 0.3809 | M2: 3.2322 | N2: 0.14171 | P2: 0 | Q2: 0.3487 | R2: 3.3464 | S2: 0.14602 | U2: 0 | V2: 45.4 | W2: 47.3 | X2: 49.1 | Y2: 51 | Z2: 52.9 | AB2: 0 | AC2: 46.1 | AD2: 48 | AE2: 49.9 | AF2: 51.8 | AG2: 53.7 | AI2: 0 | AJ2: 31.5 | AK2: 32.7 | AL2: 33.9 | AM2: 35.1 | AN2: 36.2 | AP2: 0 | AQ2: 31.9 | AR2: 33.2 | AS2: 34.5 | AT2: 35.7 | AU2: 37 | AW2: 45 | AX2: -0.3833 | AY2: 2.4607 | AZ2: 0.09029 | BA2: 2.1 | BB2: 2.3 | BC2: 2.5 | BD2: 2.7 | BE2: 3 | BG2: 45 | BH2: -0.3521 | BI2: 2.441 | BJ2: 0.09182 | BK2: 2 | BL2: 2.2 | BM2: 2.4 | BN2: 2.7 | BO2: 3 | BQ2: 5 | BR2: 48.5 | BS2: 50.1 | BT2: 53 | BU2: 56.7 | BV2: 61.4 | BX2: 5 | BY2: 48.4 | BZ2: 50.6 | CA2: 53.2 | CB2: 56.4 | CC2: 61
A3: 62 | B3: -0.9068 | C3: 15.2434 | D3: 0.09738 | F3: 62 | G3: -0.7621 | H3: 15.2616 | I3: 0.08414 | K3: 1 | L3: 0.1714 | M3: 4.1873 | N3: 0.13724 | P3: 1 | Q3: 0.2297 | R3: 4.4709 | S3: 0.13395 | U3: 1 | V3: 49.8 | W3: 51.7 | X3: 53.7 | Y3: 55.6 | Z3: 57.6 | AB3: 1 | AC3: 50.8 | AD3: 52.8 | AE3: 54.7 | AF3: 56.7 | AG3: 58.6 | AI3: 1 | AJ3: 34.2 | AK3: 35.4 | AL3: 36.5 | AM3: 37.7 | AN3: 38.9 | AP3: 1 | AQ3: 34.9 | AR3: 36.1 | AS3: 37.3 | AT3: 38.4 | AU3: 39.6 | AW3: 45.5 | AX3: -0.3833 | AY3: 2.5457 | AZ3: 0.09033 | BA3: 2.1 | BB3: 2.3 | BC3: 2.5 | BD3: 2.8 | BE3: 3.1 | BG3: 45.5 | BH3: -0.3521 | BI3: 2.5244 | BJ3: 0.09153 | BK3: 2.1 | BL3: 2.3 | BM3: 2.5 | BN3: 2.8 | BO3: 3.1 | BQ3: 6 | BR3: 50.1 | BS3: 51.8 | BT3: 55 | BU3: 59.1 | BV3: 64.1 | BX3: 6 | BY3: 50.1 | BZ3: 52.4 | CA3: 55.2 | CB3: 59 | CC3: 64.4
A4: 63 | B4: -0.9248 | C4: 15.2433 | D4: 0.09783 | F4: 63 | G4: -0.7856 | H4: 15.2604 | I4: 0.08439 | K4: 2 | L4: 0.0962 | M4: 5.1282 | N4: 0.13 | P4: 2 | Q4: 0.197 | R4: 5.5675 | S4: 0.12385 | U4: 2 | V4: 53 | W4: 55 | X4: 57.1 | Y4: 59.1 | Z4: 61.1 | AB4: 2 | AC4: 54.4 | AD4: 56.4 | AE4: 58.4 | AF4: 60.4 | AG4: 62.4 | AI4: 2 | AJ4: 35.8 | AK4: 37 | AL4: 38.3 | AM4: 39.5 | AN4: 40.7 | AP4: 2 | AQ4: 36.8 | AR4: 38 | AS4: 39.1 | AT4: 40.3 | AU4: 41.5 | AW4: 46 | AX4: -0.3833 | AY4: 2.6306 | AZ4: 0.09037 | BA4: 2.2 | BB4: 2.4 | BC4: 2.6 | BD4: 2.9 | BE4: 3.2 | BG4: 46 | BH4: -0.3521 | BI4: 2.6077 | BJ4: 0.09124 | BK4: 2.2 | BL4: 2.4 | BM4: 2.6 | BN4: 2.9 | BO4: 3.1 | BQ4: 7 | BR4: 51.6 | BS4: 53.5 | BT4: 56.9 | BU4: 61.5 | BV4: 67.5 | BX4: 7 | BY4: 51.8 | BZ4: 54.3 | CA4: 57.2 | CB4: 61.5 | CC4: 67.8
A5: 64 | B5: -0.9427 | C5: 15.2438 | D5: 0.09829 | F5: 64 | G5: -0.8089 | H5: 15.2605 | I5: 0.08464 | K5: 3 | L5: 0.0402 | M5: 5.8458 | N5: 0.12619 | P5: 3 | Q5: 0.1738 | R5: 6.3762 | S5: 0.11727 | U5: 3 | V5: 55.6 | W5: 57.7 | X5: 59.8 | Y5: 61.9 | Z5: 64 | AB5: 3 | AC5: 57.3 | AD5: 59.4 | AE5: 61.4 | AF5: 63.5 | AG5: 65.5 | AI5: 3 | AJ5: 37.1 | AK5: 38.3 | AL5: 39.5 | AM5: 40.8 | AN5: 42 | AP5: 3 | AQ5: 38.1 | AR5: 39.3 | AS5: 40.5 | AT5: 41.7 | AU5: 42.9 | AW5: 46.5 | AX5: -0.3833 | AY5: 2.7155 | AZ5: 0.0904 | BA5: 2.3 | BB5: 2.5 | BC5: 2.7 | BD5: 3 | BE5: 3.3 | BG5: 46.5 | BH5: -0.3521 | BI5: 2.6913 | BJ5: 0.09094 | BK5: 2.3 | BL5: 2.5 | BM5: 2.7 | BN5: 3 | BO5: 3.2 | BQ5: 8 | BR5: 53.2 | BS5: 55.2 | BT5: 58.9 | BU5: 63.9 | BV5: 70.5 | BX5: 8 | BY5: 53.5 | BZ5: 56.1 | CA5: 59.3 | CB5: 64.1 | CC5: 71.2
A6: 65 | B6: -0.9605 | C6: 15.2448 | D6: 0.09875 | F6: 65 | G6: -0.8322 | H6: 15.2619 | I6: 0.0849 | K6: 4 | L6: -0.005 | M6: 6.4237 | N6: 0.12402 | P6: 4 | Q6: 0.1553 | R6: 7.0023 | S6: 0.11316 | U6: 4 | V6: 57.8 | W6: 59.9 | X6: 62.1 | Y6: 64.3 | Z6: 66.4 | AB6: 4 | AC6: 59.7 | AD6: 61.8 | AE6: 63.9 | AF6: 66 | AG6: 68 | AI6: 4 | AJ6: 38.1 | AK6: 39.3 | AL6: 40.6 | AM6: 41.8 | AN6: 43.1 | AP6: 4 | AQ6: 39.2 | AR6: 40.4 | AS6: 41.6 | AT6: 42.8 | AU6: 44 | AW6: 47 | AX6: -0.3833 | AY6: 2.8007 | AZ6: 0.09044 | BA6: 2.4 | BB6: 2.6 | BC6: 2.8 | BD6: 3.1 | BE6: 3.4 | BG6: 47 | BH6: -0.3521 | BI6: 2.7755 | BJ6: 0.09065 | BK6: 2.3 | BL6: 2.5 | BM6: 2.8 | BN6: 3 | BO6: 3.3 | BQ6: 9 | BR6: 54.8 | BS6: 56.9 | BT6: 60.8 | BU6: 66.3 | BV6: 73.6 | BX6: 9 | BY6: 55.3 | BZ6: 58 | CA6: 61.3 | CB6: 66.6 | CC6: 74.6
A7: 66 | B7: -0.978 | C7: 15.2464 | D7: 0.0992 | F7: 66 | G7: -0.8554 | H7: 15.2645 | I7: 0.08516 | K7: 5 | L7: -0.043 | M7: 6.8985 | N7: 0.12274 | P7: 5 | Q7: 0.1395 | R7: 7.5105 | S7: 0.1108 | U7: 5 | V7: 59.6 | W7: 61.8 | X7: 64 | Y7: 66.2 | Z7: 68.5 | AB7: 5 | AC7: 61.7 | AD7: 63.8 | AE7: 65.9 | AF7: 68 | AG7: 70.1 | AI7: 5 | AJ7: 38.9 | AK7: 40.2 | AL7: 41.5 | AM7: 42.7 | AN7: 44 | AP7: 5 | AQ7: 40.1 | AR7: 41.4 | AS7: 42.6 | AT7: 43.8 | AU7: 45 | AW7: 47.5 | AX7: -0.3833 | AY7: 2.8867 | AZ7: 0.09048 | BA7: 2.4 | BB7: 2.6 | BC7: 2.9 | BD7: 3.2 | BE7: 3.5 | BG7: 47.5 | BH7: -0.3521 | BI7: 2.8609 | BJ7: 0.09036 | BK7: 2.4 | BL7: 2.6 | BM7: 2.9 | BN7: 3.1 | BO7: 3.4 | BQ7: 10 | BR7: 56.3 | BS7: 58.6 | BT7: 62.8 | BU7: 68.7 | BV7: 76.6 | BX7: 10 | BY7: 57 | BZ7: 59.8 | CA7: 63.3 | CB7: 69.2 | CC7: 78
A8: 67 | B8: -0.9954 | C8: 15.2487 | D8: 0.09966 | F8: 67 | G8: -0.8785 | H8: 15.2684 | I8: 0.08543 | K8: 6 | L8: -0.0756 | M8: 7.297 | N8: 0.12204 | P8: 6 | Q8: 0.1257 | R8: 7.934 | S8: 0.10958 | U8: 6 | V8: 61.2 | W8: 63.5 | X8: 65.7 | Y8: 68 | Z8: 70.3 | AB8: 6 | AC8: 63.3 | AD8: 65.5 | AE8: 67.6 | AF8: 69.8 | AG8: 71.9 | AI8: 6 | AJ8: 39.6 | AK8: 40.9 | AL8: 42.2 | AM8: 43.5 | AN8: 44.8 | AP8: 6 | AQ8: 40.9 | AR8: 42.1 | AS8: 43.3 | AT8: 44.6 | AU8: 45.8 | AW8: 48 | AX8: -0.3833 | AY8: 2.9741 | AZ8: 0.09052 | BA8: 2.5 | BB8: 2.7 | BC8: 3 | BD8: 3.3 | BE8: 3.6 | BG8: 48 | BH8: -0.3521 | BI8: 2.948 | BJ8: 0.09007 | BK8: 2.5 | BL8: 2.7 | BM8: 2.9 | BN8: 3.2 | BO8: 3.6 | BQ8: 11 | BR8: 57.9 | BS8: 60.3 | BT8: 64.8 | BU8: 71.1 | BV8: 79.7 | BX8: 11 | BY8: 58.7 | BZ8: 61.7 | CA8: 65.4 | CB8: 71.7 | CC8: 81.4
A9: 68 | B9: -1.0126 | C9: 15.2516 | D9: 0.10012 | F9: 68 | G9: -0.9015 | H9: 15.2737 | I9: 0.0857 | K9: 7 | L9: -0.1039 | M9: 7.6422 | N9: 0.12178 | P9: 7 | Q9: 0.1134 | R9: 8.297 | S9: 0.10902 | U9: 7 | V9: 62.7 | W9: 65 | X9: 67.3 | Y9: 69.6 | Z9: 71.9 | AB9: 7 | AC9: 64.8 | AD9: 67 | AE9: 69.2 | AF9: 71.3 | AG9: 73.5 | AI9: 7 | AJ9: 40.2 | AK9: 41.5 | AL9: 42.8 | AM9: 44.1 | AN9: 45.5 | AP9: 7 | AQ9: 41.5 | AR9: 42.7 | AS9: 44 | AT9: 45.2 | AU9: 46.4 | AW9: 48.5 | AX9: -0.3833 | AY9: 3.0636 | AZ9: 0.09056 | BA9: 2.6 | BB9: 2.8 | BC9: 3.1 | BD9: 3.4 | BE9: 3.7 | BG9: 48.5 | BH9: -0.3521 | BI9: 3.0377 | BJ9: 0.08977 | BK9: 2.6 | BL9: 2.8 | BM9: 3 | BN9: 3.3 | BO9: 3.7 | BQ9: 12 | BR9: 59.5 | BS9: 62 | BT9: 66.7 | BU9: 73.5 | BV9: 82.7 | BX9: 12 | BY9: 60.5 | BZ9: 63.5 | CA9: 67.4 | CB9: 74.3 | CC9: 84.4
A10: 69 | B10: -1.0296 | C10: 15.2551 | D10: 0.10058 | F10: 69 | G10: -0.9243 | H10: 15.2801 | I10: 0.08597 | K10: 8 | L10: -0.1288 | M10: 7.9487 | N10: 0.12181 | P10: 8 | Q10: 0.1021 | R10: 8.6151 | S10: 0.10882 | U10: 8 | V10: 64 | W10: 66.4 | X10: 68.7 | Y10: 71.1 | Z10: 73.5 | AB10: 8 | AC10: 66.2 | AD10: 68.4 | AE10: 70.6 | AF10: 72.8 | AG10: 75 | AI10: 8 | AJ10: 40.7 | AK10: 42 | AL10: 43.4 | AM10: 44.7 | AN10: 46 | AP10: 8 | AQ10: 42 | AR10: 43.3 | AS10: 44.5 | AT10: 45.8 | AU10: 47 | AW10: 49 | AX10: -0.3833 | AY10: 3.156 | AZ10: 0.0906 | BA10: 2.6 | BB10: 2.9 | BC10: 3.2 | BD10: 3.5 | BE10: 3.8 | BG10: 49 | BH10: -0.3521 | BI10: 3.1308 | BJ10: 0.08948 | BK10: 2.6 | BL10: 2.9 | BM10: 3.1 | BN10: 3.4 | BO10: 3.8 | BQ10: 13 | BR10: 61 | BS10: 63.7 | BT10: 68.7 | BU10: 75.9 | BV10: 85.9 | BX10: 13 | BY10: 62.2 | BZ10: 65.4 | CA10: 69.5 | CB10: 76.8 | CC10: 88.2
A11: 70 | B11: -1.0464 | C11: 15.2592 | D11: 0.10104 | F11: 70 | G11: -0.9471 | H11: 15.2877 | I11: 0.08625 | K11: 9 | L11: -0.1507 | M11: 8.2254 | N11: 0.12199 | P11: 9 | Q11: 0.0917 | R11: 8.9014 | S11: 0.10881 | U11: 9 | V11: 65.3 | W11: 67.7 | X11: 70.1 | Y11: 72.6 | Z11: 75 | AB11: 9 | AC11: 67.5 | AD11: 69.7 | AE11: 72 | AF11: 74.2 | AG11: 76.5 | AI11: 9 | AJ11: 41.2 | AK11: 42.5 | AL11: 43.8 | AM11: 45.2 | AN11: 46.5 | AP11: 9 | AQ11: 42.5 | AR11: 43.7 | AS11: 45 | AT11: 46.3 | AU11: 47.5 | AW11: 49.5 | AX11: -0.3833 | AY11: 3.252 | AZ11: 0.09064 | BA11: 2.7 | BB11: 3 | BC11: 3.3 | BD11: 3.6 | BE11: 3.9 | BG11: 49.5 | BH11: -0.3521 | BI11: 3.2276 | BJ11: 0.08919 | BK11: 2.7 | BL11: 3 | BM11: 3.2 | BN11: 3.5 | BO11: 3.9 | BQ11: 14 | BR11: 62.6 | BS11: 65.4 | BT11: 70.6 | BU11: 78.3 | BV11: 88.8 | BX11: 14 | BY11: 63.9 | BZ11: 67.2 | CA11: 71.5 | CB11: 79.4 | CC11: 91.6
A12: 71 | B12: -1.063 | C12: 15.2641 | D12: 0.10149 | F12: 71 | G12: -0.9697 | H12: 15.2965 | I12: 0.08653 | K12: 10 | L12: -0.17 | M12: 8.48 | N12: 0.12223 | P12: 10 | Q12: 0.082 | R12: 9.1649 | S12: 0.10891 | U12: 10 | V12: 66.5 | W12: 69 | X12: 71.5 | Y12: 73.9 | Z12: 76.4 | AB12: 10 | AC12: 68.7 | AD12: 71 | AE12: 73.3 | AF12: 75.6 | AG12: 77.9 | AI12: 10 | AJ12: 41.5 | AK12: 42.9 | AL12: 44.2 | AM12: 45.6 | AN12: 46.9 | AP12: 10 | AQ12: 42.9 | AR12: 44.1 | AS12: 45.4 | AT12: 46.7 | AU12: 47.9 | AW12: 50 | AX12: -0.3833 | AY12: 3.3518 | AZ12: 0.09068 | BA12: 2.8 | BB12: 3.1 | BC12: 3.4 | BD12: 3.7 | BE12: 4 | BG12: 50 | BH12: -0.3521 | BI12: 3.3278 | BJ12: 0.0889 | BK12: 2.8 | BL12: 3 | BM12: 3.3 | BN12: 3.6 | BO12: 4 | BQ12: 15 | BR12: 64.2 | BS12: 67.1 | BT12: 72.6 | BU12: 80.7 | BV12: 91.9 | BX12: 15 | BY12: 65.6 | BZ12: 69.1 | CA12: 73.5 | CB12: 81.9 | CC12: 95
A13: 72 | B13: -1.0794 | C13: 15.2697 | D13: 0.10195 | F13: 72 | G13: -0.9921 | H13: 15.3062 | I13: 0.08682 | K13: 11 | L13: -0.1872 | M13: 8.7192 | N13: 0.12247 | P13: 11 | Q13: 0.073 | R13: 9.4122 | S13: 0.10906 | U13: 11 | V13: 67.7 | W13: 70.3 | X13: 72.8 | Y13: 75.3 | Z13: 77.8 | AB13: 11 | AC13: 69.9 | AD13: 72.2 | AE13: 74.5 | AF13: 76.9 | AG13: 79.2 | AI13: 11 | AJ13: 41.9 | AK13: 43.2 | AL13: 44.6 | AM13: 45.9 | AN13: 47.3 | AP13: 11 | AQ13: 43.2 | AR13: 44.5 | AS13: 45.8 | AT13: 47 | AU13: 48.3 | AW13: 50.5 | AX13: -0.3833 | AY13: 3.4557 | AZ13: 0.09072 | BA13: 2.9 | BB13: 3.2 | BC13: 3.5 | BD13: 3.8 | BE13: 4.2 | BG13: 50.5 | BH13: -0.3521 | BI13: 3.4311 | BJ13: 0.08861 | BK13: 2.9 | BL13: 3.1 | BM13: 3.4 | BN13: 3.8 | BO13: 4.1 | BQ13: 16 | BR13: 65.7 | BS13: 68.8 | BT13: 74.6 | BU13: 83.1 | BV13: 94.9 | BX13: 16 | BY13: 67.4 | BZ13: 70.9 | CA13: 75.6 | CB13: 84.5 | CC13: 98.4
A14: 73 | B14: -1.0956 | C14: 15.276 | D14: 0.10241 | F14: 73 | G14: -1.0144 | H14: 15.3169 | I14: 0.08711 | K14: 12 | L14: -0.2024 | M14: 8.9481 | N14: 0.12268 | P14: 12 | Q14: 0.0644 | R14: 9.6479 | S14: 0.10925 | U14: 12 | V14: 68.9 | W14: 71.4 | X14: 74 | Y14: 76.6 | Z14: 79.2 | AB14: 12 | AC14: 71 | AD14: 73.4 | AE14: 75.7 | AF14: 78.1 | AG14: 80.5 | AI14: 12 | AJ14: 42.2 | AK14: 43.5 | AL14: 44.9 | AM14: 46.3 | AN14: 47.6 | AP14: 12 | AQ14: 43.5 | AR14: 44.8 | AS14: 46.1 | AT14: 47.4 | AU14: 48.6 | AW14: 51 | AX14: -0.3833 | AY14: 3.5636 | AZ14: 0.09076 | BA14: 3 | BB14: 3.3 | BC14: 3.6 | BD14: 3.9 | BE14: 4.3 | BG14: 51 | BH14: -0.3521 | BI14: 3.5376 | BJ14: 0.08831 | BK14: 3 | BL14: 3.2 | BM14: 3.5 | BN14: 3.9 | BO14: 4.2 | BQ14: 17 | BR14: 67.3 | BS14: 70.5 | BT14: 76.5 | BU14: 85.5 | BV14: 98 | BX14: 17 | BY14: 69.1 | BZ14: 72.8 | CA14: 77.6 | CB14: 87 | CC14: 101.8
A15: 74 | B15: -1.1115 | C15: 15.2831 | D15: 0.10287 | F15: 74 | G15: -1.0365 | H15: 15.3285 | I15: 0.08741 | U15: 13 | V15: 70 | W15: 72.6 | X15: 75.2 | Y15: 77.8 | Z15: 80.5 | AB15: 13 | AC15: 72.1 | AD15: 74.5 | AE15: 76.9 | AF15: 79.3 | AG15: 81.8 | AI15: 13 | AJ15: 42.4 | AK15: 43.8 | AL15: 45.2 | AM15: 46.5 | AN15: 47.9 | AP15: 13 | AQ15: 43.8 | AR15: 45 | AS15: 46.3 | AT15: 47.6 | AU15: 48.9 | AW15: 51.5 | AX15: -0.3833 | AY15: 3.6754 | AZ15: 0.0908 | BA15: 3.1 | BB15: 3.4 | BC15: 3.7 | BD15: 4 | BE15: 4.4 | BG15: 51.5 | BH15: -0.3521 | BI15: 3.6477 | BJ15: 0.08801 | BK15: 3.1 | BL15: 3.3 | BM15: 3.6 | BN15: 4 | BO15: 4.4 | BQ15: 18 | BR15: 68.9 | BS15: 72.2 | BT15: 78.5 | BU15: 87.9 | BV15: 101 | BX15: 18 | BY15: 70.8 | BZ15: 74.6 | CA15: 79.6 | CB15: 89.6 | CC15: 105.2
A16: 75 | B16: -1.1272 | C16: 15.2911 | D16: 0.10333 | F16: 75 | G16: -1.0584 | H16: 15.3408 | I16: 0.08771 | U16: 14 | V16: 71 | W16: 73.7 | X16: 76.4 | Y16: 79.1 | Z16: 81.7 | AB16: 14 | AC16: 73.1 | AD16: 75.6 | AE16: 78 | AF16: 80.5 | AG16: 83 | AI16: 14 | AJ16: 42.7 | AK16: 44.1 | AL16: 45.4 | AM16: 46.8 | AN16: 48.2 | AP16: 14 | AQ16: 44 | AR16: 45.3 | AS16: 46.6 | AT16: 47.9 | AU16: 49.2 | AW16: 52 | AX16: -0.3833 | AY16: 3.7911 | AZ16: 0.09085 | BA16: 3.2 | BB16: 3.5 | BC16: 3.8 | BD16: 4.2 | BE16: 4.6 | BG16: 52 | BH16: -0.3521 | BI16: 3.762 | BJ16: 0.08771 | BK16: 3.2 | BL16: 3.5 | BM16: 3.8 | BN16: 4.1 | BO16: 4.5
A17: 76 | B17: -1.1427 | C17: 15.2998 | D17: 0.10379 | F17: 76 | G17: -1.0801 | H17: 15.354 | I17: 0.08802 | U17: 15 | V17: 72 | W17: 74.8 | X17: 77.5 | Y17: 80.2 | Z17: 83 | AB17: 15 | AC17: 74.1 | AD17: 76.6 | AE17: 79.1 | AF17: 81.7 | AG17: 84.2 | AI17: 15 | AJ17: 42.9 | AK17: 44.3 | AL17: 45.7 | AM17: 47 | AN17: 48.4 | AP17: 15 | AQ17: 44.2 | AR17: 45.5 | AS17: 46.8 | AT17: 48.1 | AU17: 49.4 | AW17: 52.5 | AX17: -0.3833 | AY17: 3.9105 | AZ17: 0.09089 | BA17: 3.3 | BB17: 3.6 | BC17: 3.9 | BD17: 4.3 | BE17: 4.7 | BG17: 52.5 | BH17: -0.3521 | BI17: 3.8814 | BJ17: 0.08741 | BK17: 3.3 | BL17: 3.6 | BM17: 3.9 | BN17: 4.2 | BO17: 4.6
A18: 77 | B18: -1.1579 | C18: 15.3095 | D18: 0.10425 | F18: 77 | G18: -1.1017 | H18: 15.3679 | I18: 0.08833 | U18: 16 | V18: 73 | W18: 75.8 | X18: 78.6 | Y18: 81.4 | Z18: 84.2 | AB18: 16 | AC18: 75 | AD18: 77.6 | AE18: 80.2 | AF18: 82.8 | AG18: 85.4 | AI18: 16 | AJ18: 43.1 | AK18: 44.5 | AL18: 45.9 | AM18: 47.2 | AN18: 48.6 | AP18: 16 | AQ18: 44.4 | AR18: 45.7 | AS18: 47 | AT18: 48.3 | AU18: 49.6 | AW18: 53 | AX18: -0.3833 | AY18: 4.0332 | AZ18: 0.09093 | BA18: 3.4 | BB18: 3.7 | BC18: 4 | BD18: 4.4 | BE18: 4.9 | BG18: 53 | BH18: -0.3521 | BI18: 4.006 | BJ18: 0.08711 | BK18: 3.4 | BL18: 3.7 | BM18: 4 | BN18: 4.4 | BO18: 4.8
A19: 78 | B19: -1.1728 | C19: 15.32 | D19: 0.10471 | F19: 78 | G19: -1.123 | H19: 15.3825 | I19: 0.08865 | U19: 17 | V19: 74 | W19: 76.8 | X19: 79.7 | Y19: 82.5 | Z19: 85.4 | AB19: 17 | AC19: 76 | AD19: 78.6 | AE19: 81.2 | AF19: 83.9 | AG19: 86.5 | AI19: 17 | AJ19: 43.3 | AK19: 44.7 | AL19: 46.1 | AM19: 47.4 | AN19: 48.8 | AP19: 17 | AQ19: 44.6 | AR19: 45.9 | AS19: 47.2 | AT19: 48.5 | AU19: 49.8 | AW19: 53.5 | AX19: -0.3833 | AY19: 4.1591 | AZ19: 0.09098 | BA19: 3.5 | BB19: 3.8 | BC19: 4.2 | BD19: 4.6 | BE19: 5 | BG19: 53.5 | BH19: -0.3521 | BI19: 4.1354 | BJ19: 0.08681 | BK19: 3.5 | BL19: 3.8 | BM19: 4.1 | BN19: 4.5 | BO19: 4.9
A20: 79 | B20: -1.1875 | C20: 15.3314 | D20: 0.10517 | F20: 79 | G20: -1.1441 | H20: 15.3978 | I20: 0.08898 | U20: 18 | V20: 74.9 | W20: 77.8 | X20: 80.7 | Y20: 83.6 | Z20: 86.5 | AB20: 18 | AC20: 76.9 | AD20: 79.6 | AE20: 82.3 | AF20: 85 | AG20: 87.7 | AI20: 18 | AJ20: 43.5 | AK20: 44.9 | AL20: 46.2 | AM20: 47.6 | AN20: 49 | AP20: 18 | AQ20: 44.7 | AR20: 46 | AS20: 47.4 | AT20: 48.7 | AU20: 50 | AW20: 54 | AX20: -0.3833 | AY20: 4.2875 | AZ20: 0.09102 | BA20: 3.6 | BB20: 3.9 | BC20: 4.3 | BD20: 4.7 | BE20: 5.2 | BG20: 54 | BH20: -0.3521 | BI20: 4.2693 | BJ20: 0.08651 | BK20: 3.6 | BL20: 3.9 | BM20: 4.3 | BN20: 4.7 | BO20: 5.1
A21: 80 | B21: -1.2019 | C21: 15.3439 | D21: 0.10562 | F21: 80 | G21: -1.1649 | H21: 15.4137 | I21: 0.08931 | U21: 19 | V21: 75.8 | W21: 78.8 | X21: 81.7 | Y21: 84.7 | Z21: 87.6 | AB21: 19 | AC21: 77.7 | AD21: 80.5 | AE21: 83.2 | AF21: 86 | AG21: 88.8 | AI21: 19 | AJ21: 43.6 | AK21: 45 | AL21: 46.4 | AM21: 47.8 | AN21: 49.2 | AP21: 19 | AQ21: 44.9 | AR21: 46.2 | AS21: 47.5 | AT21: 48.9 | AU21: 50.2 | AW21: 54.5 | AX21: -0.3833 | AY21: 4.4179 | AZ21: 0.09106 | BA21: 3.7 | BB21: 4 | BC21: 4.4 | BD21: 4.8 | BE21: 5.3 | BG21: 54.5 | BH21: -0.3521 | BI21: 4.4066 | BJ21: 0.08621 | BK21: 3.7 | BL21: 4 | BM21: 4.4 | BN21: 4.8 | BO21: 5.3
A22: 81 | B22: -1.216 | C22: 15.3572 | D22: 0.10608 | F22: 81 | G22: -1.1856 | H22: 15.4302 | I22: 0.08964 | U22: 20 | V22: 76.7 | W22: 79.7 | X22: 82.7 | Y22: 85.7 | Z22: 88.7 | AB22: 20 | AC22: 78.6 | AD22: 81.4 | AE22: 84.2 | AF22: 87 | AG22: 89.8 | AI22: 20 | AJ22: 43.8 | AK22: 45.2 | AL22: 46.6 | AM22: 48 | AN22: 49.4 | AP22: 20 | AQ22: 45 | AR22: 46.4 | AS22: 47.7 | AT22: 49 | AU22: 50.4 | AW22: 55 | AX22: -0.3833 | AY22: 4.5498 | AZ22: 0.0911 | BA22: 3.8 | BB22: 4.2 | BC22: 4.5 | BD22: 5 | BE22: 5.5 | BG22: 55 | BH22: -0.3521 | BI22: 4.5467 | BJ22: 0.08592 | BK22: 3.8 | BL22: 4.2 | BM22: 4.5 | BN22: 5 | BO22: 5.4
A23: 82 | B23: -1.2298 | C23: 15.3717 | D23: 0.10654 | F23: 82 | G23: -1.206 | H23: 15.4473 | I23: 0.08998 | U23: 21 | V23: 77.5 | W23: 80.6 | X23: 83.7 | Y23: 86.7 | Z23: 89.8 | AB23: 21 | AC23: 79.4 | AD23: 82.3 | AE23: 85.1 | AF23: 88 | AG23: 90.9 | AI23: 21 | AJ23: 44 | AK23: 45.3 | AL23: 46.7 | AM23: 48.1 | AN23: 49.5 | AP23: 21 | AQ23: 45.2 | AR23: 46.5 | AS23: 47.8 | AT23: 49.2 | AU23: 50.5 | AW23: 55.5 | AX23: -0.3833 | AY23: 4.6827 | AZ23: 0.09114 | BA23: 3.9 | BB23: 4.3 | BC23: 4.7 | BD23: 5.1 | BE23: 5.7 | BG23: 55.5 | BH23: -0.3521 | BI23: 4.6892 | BJ23: 0.08563 | BK23: 4 | BL23: 4.3 | BM23: 4.7 | BN23: 5.1 | BO23: 5.6
A24: 83 | B24: -1.2433 | C24: 15.3871 | D24: 0.107 | F24: 83 | G24: -1.2261 | H24: 15.465 | I24: 0.09033 | U24: 22 | V24: 78.4 | W24: 81.5 | X24: 84.6 | Y24: 87.7 | Z24: 90.8 | AB24: 22 | AC24: 80.2 | AD24: 83.1 | AE24: 86 | AF24: 89 | AG24: 91.9 | AI24: 22 | AJ24: 44.1 | AK24: 45.5 | AL24: 46.9 | AM24: 48.3 | AN24: 49.7 | AP24: 22 | AQ24: 45.3 | AR24: 46.6 | AS24: 48 | AT24: 49.3 | AU24: 50.7 | AW24: 56 | AX24: -0.3833 | AY24: 4.8162 | AZ24: 0.09118 | BA24: 4 | BB24: 4.4 | BC24: 4.8 | BD24: 5.3 | BE24: 5.8 | BG24: 56 | BH24: -0.3521 | BI24: 4.8338 | BJ24: 0.08535 | BK24: 4.1 | BL24: 4.4 | BM24: 4.8 | BN24: 5.3 | BO24: 5.8
A25: 84 | B25: -1.2565 | C25: 15.4036 | D25: 0.10746 | F25: 84 | G25: -1.246 | H25: 15.4832 | I25: 0.09068 | U25: 23 | V25: 79.2 | W25: 82.3 | X25: 85.5 | Y25: 88.7 | Z25: 91.9 | AB25: 23 | AC25: 81 | AD25: 83.9 | AE25: 86.9 | AF25: 89.9 | AG25: 92.9 | AI25: 23 | AJ25: 44.3 | AK25: 45.6 | AL25: 47 | AM25: 48.4 | AN25: 49.8 | AP25: 23 | AQ25: 45.4 | AR25: 46.8 | AS25: 48.1 | AT25: 49.5 | AU25: 50.8 | AW25: 56.5 | AX25: -0.3833 | AY25: 4.95 | AZ25: 0.09121 | BA25: 4.1 | BB25: 4.5 | BC25: 5 | BD25: 5.4 | BE25: 6 | BG25: 56.5 | BH25: -0.3521 | BI25: 4.9796 | BJ25: 0.08507 | BK25: 4.2 | BL25: 4.6 | BM25: 5 | BN25: 5.4 | BO25: 5.9
A26: 85 | B26: -1.2693 | C26: 15.4211 | D26: 0.10792 | F26: 85 | G26: -1.2656 | H26: 15.5019 | I26: 0.09103 | U26: 24 | V26: 79.3 | W26: 82.5 | X26: 85.7 | Y26: 88.9 | Z26: 92.2 | AB26: 24 | AC26: 81 | AD26: 84.1 | AE26: 87.1 | AF26: 90.2 | AG26: 93.2 | AI26: 24 | AJ26: 44.4 | AK26: 45.8 | AL26: 47.2 | AM26: 48.6 | AN26: 50 | AP26: 24 | AQ26: 45.5 | AR26: 46.9 | AS26: 48.3 | AT26: 49.6 | AU26: 51 | AW26: 57 | AX26: -0.3833 | AY26: 5.0837 | AZ26: 0.09125 | BA26: 4.3 | BB26: 4.6 | BC26: 5.1 | BD26: 5.6 | BE26: 6.1 | BG26: 57 | BH26: -0.3521 | BI26: 5.1259 | BJ26: 0.08481 | BK26: 4.3 | BL26: 4.7 | BM26: 5.1 | BN26: 5.6 | BO26: 6.1
A27: 86 | B27: -1.2819 | C27: 15.4397 | D27: 0.10837 | F27: 86 | G27: -1.2849 | H27: 15.521 | I27: 0.09139 | U27: 25 | V27: 80 | W27: 83.3 | X27: 86.6 | Y27: 89.9 | Z27: 93.1 | AB27: 25 | AC27: 81.7 | AD27: 84.9 | AE27: 88 | AF27: 91.1 | AG27: 94.2 | AI27: 25 | AJ27: 44.5 | AK27: 45.9 | AL27: 47.3 | AM27: 48.7 | AN27: 50.1 | AP27: 25 | AQ27: 45.6 | AR27: 47 | AS27: 48.4 | AT27: 49.7 | AU27: 51.1 | AW27: 57.5 | AX27: -0.3833 | AY27: 5.2173 | AZ27: 0.09128 | BA27: 4.4 | BB27: 4.8 | BC27: 5.2 | BD27: 5.7 | BE27: 6.3 | BG27: 57.5 | BH27: -0.3521 | BI27: 5.2721 | BJ27: 0.08455 | BK27: 4.5 | BL27: 4.9 | BM27: 5.3 | BN27: 5.7 | BO27: 6.3
... A38: 97 | B38: -1.3966 | C38: 15.7107 | D38: 0.11335 | F38: 97 | G38: -1.479 | H38: 15.7606 | I38: 0.09567 | U38: 36 | V38: 87.4 | W38: 91.2 | X38: 95.1 | Y38: 98.9 | Z38: 102.7 | AB38: 36 | AC38: 88.7 | AD38: 92.4 | AE38: 96.1 | AF38: 99.8 | AG38: 103.5 | AI38: 36 | AJ38: 45.7 | AK38: 47.1 | AL38: 48.5 | AM38: 49.9 | AN38: 51.3 | AP38: 36 | AQ38: 46.6 | AR38: 48 | AS38: 49.5 | AT38: 50.9 | AU38: 52.3 | AW38: 63 | AX38: -0.3833 | AY38: 6.6144 | AZ38: 0.09131 | BA38: 5.5 | BB38: 6 | BC38: 6.6 | BD38: 7.3 | BE38: 8 | BG38: 63 | BH38: -0.3521 | BI38: 6.7786 | BJ38: 0.08255 | BK38: 5.8 | BL38: 6.2 | BM38: 6.8 | BN38: 7.4 | BO38: 8
A39: 98 | B39: -1.4047 | C39: 15.7415 | D39: 0.1138 | F39: 98 | G39: -1.4947 | H39: 15.7848 | I39: 0.09609 | U39: 37 | V39: 88 | W39: 91.9 | X39: 95.7 | Y39: 99.6 | Z39: 103.4 | AB39: 37 | AC39: 89.2 | AD39: 93 | AE39: 96.7 | AF39: 100.5 | AG39: 104.2 | AW39: 63.5 | AX39: -0.3833 | AY39: 6.7328 | AZ39: 0.09129 | BA39: 5.6 | BB39: 6.2 | BC39: 6.7 | BD39: 7.4 | BE39: 8.1 | BG39: 63.5 | BH39: -0.3521 | BI39: 6.9028 | BJ39: 0.08245 | BK39: 5.9 | BL39: 6.4 | BM39: 6.9 | BN39: 7.5 | BO39: 8.2
A40: 99 | B40: -1.4125 | C40: 15.7732 | D40: 0.11424 | F40: 99 | G40: -1.5101 | H40: 15.8094 | I40: 0.09651 | U40: 38 | V40: 88.6 | W40: 92.5 | X40: 96.4 | Y40: 100.3 | Z40: 104.2 | AB40: 38 | AC40: 89.8 | AD40: 93.6 | AE40: 97.4 | AF40: 101.2 | AG40: 105 | AW40: 64 | AX40: -0.3833 | AY40: 6.8501 | AZ40: 0.09126 | BA40: 5.7 | BB40: 6.3 | BC40: 6.9 | BD40: 7.5 | BE40: 8.3 | BG40: 64 | BH40: -0.3521 | BI40: 7.0255 | BJ40: 0.08236 | BK40: 6 | BL40: 6.5 | BM40: 7 | BN40: 7.6 | BO40: 8.3
A41: 100 | B41: -1.4199 | C41: 15.8058 | D41: 0.11469 | F41: 100 | G41: -1.5252 | H41: 15.8344 | I41: 0.09693 | U41: 39 | V41: 89.2 | W41: 93.1 | X41: 97.1 | Y41: 101 | Z41: 105 | AB41: 39 | AC41: 90.3 | AD41: 94.2 | AE41: 98 | AF41: 101.8 | AG41: 105.7 | AW41: 64.5 | AX41: -0.3833 | AY41: 6.9662 | AZ41: 0.09123 | BA41: 5.8 | BB41: 6.4 | BC41: 7 | BD41: 7.6 | BE41: 8.4 | BG41: 64.5 | BH41: -0.3521 | BI41: 7.1467 | BJ41: 0.08229 | BK41: 6.1 | BL41: 6.6 | BM41: 7.1 | BN41: 7.8 | BO41: 8.5
A42: 101 | B42: -1.427 | C42: 15.8394 | D42: 0.11513 | F42: 101 | G42: -1.5399 | H42: 15.8597 | I42: 0.09735 | U42: 40 | V42: 89.8 | W42: 93.8 | X42: 97.7 | Y42: 101.7 | Z42: 105.7 | AB42: 40 | AC42: 90.9 | AD42: 94.7 | AE42: 98.6 | AF42: 102.5 | AG42: 106.4 | AW42: 65 | AX42: -0.3833 | AY42: 7.2402 | AZ42: 0.09113 | BA42: 6.1 | BB42: 6.6 | BC42: 7.2 | BD42: 7.9 | BE42: 8.7 | BG42: 65 | BH42: -0.3521 | BI42: 7.2666 | BJ42: 0.08223 | BK42: 6.2 | BL42: 6.7 | BM42: 7.3 | BN42: 7.9 | BO42: 8.6
A43: 102 | B43: -1.4336 | C43: 15.8738 | D43: 0.11557 | F43: 102 | G43: -1.5542 | H43: 15.8855 | I43: 0.09778 | U43: 41 | V43: 90.4 | W43: 94.4 | X43: 98.4 | Y43: 102.4 | Z43: 106.4 | AB43: 41 | AC43: 91.4 | AD43: 95.3 | AE43: 99.2 | AF43: 103.2 | AG43: 107.1 | AW43: 65.5 | AX43: -0.3833 | AY43: 7.3523 | AZ43: 0.09109 | BA43: 6.2 | BB43: 6.7 | BC43: 7.4 | BD43: 8.1 | BE43: 8.9 | BG43: 65.5 | BH43: -0.3521 | BI43: 7.3854 | BJ43: 0.08218 | BK43: 6.3 | BL43: 6.8 | BM43: 7.4 | BN43: 8 | BO43: 8.7
A44: 103 | B44: -1.4398 | C44: 15.909 | D44: 0.11601 | F44: 103 | G44: -1.5681 | H44: 15.9116 | I44: 0.09821 | U44: 42 | V44: 90.9 | W44: 95 | X44: 99 | Y44: 103.1 | Z44: 107.2 | AB44: 42 | AC44: 91.9 | AD44: 95.9 | AE44: 99.9 | AF44: 103.8 | AG44: 107.8 | AW44: 66 | AX44: -0.3833 | AY44: 7.463 | AZ44: 0.09104 | BA44: 6.3 | BB44: 6.8 | BC44: 7.5 | BD44: 8.2 | BE44: 9 | BG44: 66 | BH44: -0.3521 | BI44: 7.5034 | BJ44: 0.08215 | BK44: 6.4 | BL44: 6.9 | BM44: 7.5 | BN44: 8.2 | BO44: 8.9
A45: 104 | B45: -1.4456 | C45: 15.9451 | D45: 0.11644 | F45: 104 | G45: -1.5817 | H45: 15.9381 | I45: 0.09864 | U45: 43 | V45: 91.5 | W45: 95.6 | X45: 99.7 | Y45: 103.8 | Z45: 107.9 | AB45: 43 | AC45: 92.4 | AD45: 96.4 | AE45: 100.4 | AF45: 104.5 | AG45: 108.5 | AW45: 66.5 | AX45: -0.3833 | AY45: 7.5724 | AZ45: 0.09099 | BA45: 6.4 | BB45: 6.9 | BC45: 7.6 | BD45: 8.3 | BE45: 9.1 | BG45: 66.5 | BH45: -0.3521 | BI45: 7.6206 | BJ45: 0.08213 | BK45: 6.5 | BL45: 7 | BM45: 7.6 | BN45: 8.3 | BO45: 9
A46: 105 | B46: -1.4511 | C46: 15.9818 | D46: 0.11688 | F46: 105 | G46: -1.5948 | H46: 15.9651 | I46: 0.09907 | U46: 44 | V46: 92 | W46: 96.2 | X46: 100.3 | Y46: 104.5 | Z46: 108.6 | AB46: 44 | AC46: 93 | AD46: 97 | AE46: 101 | AF46: 105.1 | AG46: 109.1 | AW46: 67 | AX46: -0.3833 | AY46: 7.6806 | AZ46: 0.09094 | BA46: 6.4 | BB46: 7 | BC46: 7.7 | BD46: 8.4 | BE46: 9.3 | BG46: 67 | BH46: -0.3521 | BI46: 7.737 | BJ46: 0.08212 | BK46: 6.6 | BL46: 7.1 | BM46: 7.7 | BN46: 8.4 | BO46: 9.2
A47: 106 | B47: -1.4561 | C47: 16.0194 | D47: 0.11731 | F47: 106 | G47: -1.6076 | H47: 15.9925 | I47: 0.09951 | U47: 45 | V47: 92.5 | W47: 96.7 | X47: 100.9 | Y47: 105.1 | Z47: 109.3 | AB47: 45 | AC47: 93.5 | AD47: 97.5 | AE47: 101.6 | AF47: 105.7 | AG47: 109.8 | AW47: 67.5 | AX47: -0.3833 | AY47: 7.7874 | AZ47: 0.09088 | BA47: 6.5 | BB47: 7.1 | BC47: 7.8 | BD47: 8.5 | BE47: 9.4 | BG47: 67.5 | BH47: -0.3521 | BI47: 7.8526 | BJ47: 0.08212 | BK47: 6.7 | BL47: 7.2 | BM47: 7.9 | BN47: 8.5 | BO47: 9.3
A48: 107 | B48: -1.4607 | C48: 16.0575 | D48: 0.11774 | F48: 107 | G48: -1.6199 | H48: 16.0205 | I48: 0.09994 | U48: 46 | V48: 93.1 | W48: 97.3 | X48: 101.5 | Y48: 105.8 | Z48: 110 | AB48: 46 | AC48: 94 | AD48: 98.1 | AE48: 102.2 | AF48: 106.3 | AG48: 110.4 | AW48: 68 | AX48: -0.3833 | AY48: 7.893 | AZ48: 0.09083 | BA48: 6.6 | BB48: 7.2 | BC48: 7.9 | BD48: 8.7 | BE48: 9.5 | BG48: 68 | BH48: -0.3521 | BI48: 7.9674 | BJ48: 0.08214 | BK48: 6.8 | BL48: 7.3 | BM48: 8 | BN48: 8.7 | BO48: 9.4
A49: 108 | B49: -1.465 | C49: 16.0964 | D49: 0.11816 | F49: 108 | G49: -1.6318 | H49: 16.049 | I49: 0.10038 | U49: 47 | V49: 93.6 | W49: 97.9 | X49: 102.1 | Y49: 106.4 | Z49: 110.7 | AB49: 47 | AC49: 94.4 | AD49: 98.6 | AE49: 102.8 | AF49: 106.9 | AG49: 111.1 | AW49: 68.5 | AX49: -0.3833 | AY49: 7.9976 | AZ49: 0.09077 | BA49: 6.7 | BB49: 7.3 | BC49: 8 | BD49: 8.8 | BE49: 9.7 | BG49: 68.5 | BH49: -0.3521 | BI49: 8.0816 | BJ49: 0.08216 | BK49: 6.9 | BL49: 7.5 | BM49: 8.1 | BN49: 8.8 | BO49: 9.6
A50: 109 | B50: -1.4688 | C50: 16.1358 | D50: 0.11859 | F50: 109 | G50: -1.6433 | H50: 16.0781 | I50: 0.10082 | U50: 48 | V50: 94.1 | W50: 98.4 | X50: 102.7 | Y50: 107 | Z50: 111.3 | AB50: 48 | AC50: 94.9 | AD50: 99.1 | AE50: 103.3 | AF50: 107.5 | AG50: 111.7 | AW50: 69 | AX50: -0.3833 | AY50: 8.1012 | AZ50: 0.09071 | BA50: 6.8 | BB50: 7.4 | BC50: 8.1 | BD50: 8.9 | BE50: 9.8 | BG50: 69 | BH50: -0.3521 | BI50: 8.1955 | BJ50: 0.08219 | BK50: 7 | BL50: 7.6 | BM50: 8.2 | BN50: 8.9 | BO50: 9.7
... A152: 211 | B152: -0.8863 | C152: 21.1768 | D152: 0.14281 | F152: 211 | G152: -1.0986 | H152: 21.4822 | I152: 0.12787 | U152: 150 | V152: 140.2 | W152: 147.1 | X152: 154 | Y152: 160.9 | Z152: 167.8 | AB152: 150 | AC152: 137.9 | AD152: 145.2 | AE152: 152.4 | AF152: 159.7 | AG152: 167 | AW152: 120 | AX152: -0.3833 | AY152: 22.8173 | AZ152: 0.09828 | BA152: 18.9 | BB152: 20.7 | BC152: 22.8 | BD152: 25.2 | BE152: 28 | BG152: 120 | BH152: -0.3521 | BI152: 22.353 | BJ152: 0.09424 | BK152: 18.6 | BL152: 20.4 | BM152: 22.4 | BN152: 24.6 | BO152: 27.2
A153: 212 | B153: -0.8783 | C153: 21.1944 | D153: 0.14291 | F153: 212 | G153: -1.0843 | H153: 21.5285 | I153: 0.12797 | U153: 151 | V153: 140.6 | W153: 147.5 | X153: 154.4 | Y153: 161.3 | Z153: 168.3 | AB153: 151 | AC153: 138.5 | AD153: 145.7 | AE153: 153 | AF153: 160.3 | AG153: 167.6
A154: 213 | B154: -0.8703 | C154: 21.2116 | D154: 0.14301 | F154: 213 | G154: -1.0699 | H154: 21.5742 | I154: 0.12807 | U154: 152 | V154: 141 | W154: 147.9 | X154: 154.8 | Y154: 161.8 | Z154: 168.7 | AB154: 152 | AC154: 139 | AD154: 146.3 | AE154: 153.6 | AF154: 160.9 | AG154: 168.3
A155: 214 | B155: -0.8623 | C155: 21.2282 | D155: 0.14311 | F155: 214 | G155: -1.0553 | H155: 21.6193 | I155: 0.12816 | U155: 153 | V155: 141.4 | W155: 148.3 | X155: 155.2 | Y155: 162.2 | Z155: 169.1 | AB155: 153 | AC155: 139.5 | AD155: 146.9 | AE155: 154.2 | AF155: 161.6 | AG155: 168.9
A156: 215 | B156: -0.8542 | C156: 21.2444 | D156: 0.1432 | F156: 215 | G156: -1.0407 | H156: 21.6638 | I156: 0.12826 | U156: 154 | V156: 141.8 | W156: 148.7 | X156: 155.6 | Y156: 162.6 | Z156: 169.5 | AB156: 154 | AC156: 140.1 | AD156: 147.5 | AE156: 154.8 | AF156: 162.2 | AG156: 169.6
A157: 216 | B157: -0.8462 | C157: 21.2603 | D157: 0.1433 | F157: 216 | G157: -1.026 | H157: 21.7077 | I157: 0.12836 | U157: 155 | V157: 142.1 | W157: 149.1 | X157: 156 | Y157: 162.9 | Z157: 169.9 | AB157: 155 | AC157: 140.6 | AD157: 148 | AE157: 155.4 | AF157: 162.8 | AG157: 170.2
A158: 217 | B158: -0.8382 | C158: 21.2757 | D158: 0.1434 | F158: 217 | G158: -1.0112 | H158: 21.751 | I158: 0.12845 | U158: 156 | V158: 142.5 | W158: 149.4 | X158: 156.4 | Y158: 163.3 | Z158: 170.3 | AB158: 156 | AC158: 141.2 | AD158: 148.6 | AE158: 156 | AF158: 163.5 | AG158: 170.9
A159: 218 | B159: -0.8301 | C159: 21.2908 | D159: 0.14349 | F159: 218 | G159: -0.9962 | H159: 21.7937 | I159: 0.12855 | U159: 157 | V159: 142.8 | W159: 149.8 | X159: 156.7 | Y159: 163.7 | Z159: 170.6 | AB159: 157 | AC159: 141.7 | AD159: 149.2 | AE159: 156.7 | AF159: 164.1 | AG159: 171.6
A160: 219 | B160: -0.8221 | C160: 21.3055 | D160: 0.14359 | F160: 219 | G160: -0.9812 | H160: 21.8358 | I160: 0.12864 | U160: 158 | V160: 143.2 | W160: 150.1 | X160: 157.1 | Y160: 164 | Z160: 171 | AB160: 158 | AC160: 142.3 | AD160: 149.8 | AE160: 157.3 | AF160: 164.7 | AG160: 172.2
A161: 220 | B161: -0.814 | C161: 21.32 | D161: 0.14368 | F161: 220 | G161: -0.9661 | H161: 21.8773 | I161: 0.12874 | U161: 159 | V161: 143.5 | W161: 150.4 | X161: 157.4 | Y161: 164.3 | Z161: 171.3 | AB161: 159 | AC161: 142.9 | AD161: 150.4 | AE161: 157.9 | AF161: 165.4 | AG161: 172.9
A162: 221 | B162: -0.806 | C162: 21.3341 | D162: 0.14377 | F162: 221 | G162: -0.9509 | H162: 21.9182 | I162: 0.12883 | U162: 160 | V162: 143.8 | W162: 150.8 | X162: 157.7 | Y162: 164.7 | Z162: 171.6 | AB162: 160 | AC162: 143.4 | AD162: 151 | AE162: 158.5 | AF162: 166 | AG162: 173.5
A163: 222 | B163: -0.798 | C163: 21.348 | D163: 0.14386 | F163: 222 | G163: -0.9356 | H163: 21.9585 | I163: 0.12893 | U163: 161 | V163: 144.1 | W163: 151.1 | X163: 158 | Y163: 165 | Z163: 171.9 | AB163: 161 | AC163: 144 | AD163: 151.5 | AE163: 159.1 | AF163: 166.6 | AG163: 174.2
A164: 223 | B164: -0.7899 | C164: 21.3617 | D164: 0.14396 | F164: 223 | G164: -0.9202 | H164: 21.9982 | I164: 0.12902 | U164: 162 | V164: 144.4 | W164: 151.3 | X164: 158.3 | Y164: 165.3 | Z164: 172.2 | AB164: 162 | AC164: 144.5 | AD164: 152.1 | AE164: 159.7 | AF164: 167.3 | AG164: 174.8
... A169: 228 | B169: -0.7496 | C169: 21.4269 | D169: 0.14441 | F169: 228 | G169: -0.8419 | H169: 22.1883 | I169: 0.12948 | U169: 167 | V169: 145.7 | W169: 152.6 | X169: 159.6 | Y169: 166.5 | Z169: 173.5 | AB169: 167 | AC169: 147.3 | AD169: 154.9 | AE169: 162.6 | AF169: 170.3 | AG169: 178
U170: 168 | V170: 145.9 | W170: 152.8 | X170: 159.8 | Y170: 166.7 | Z170: 173.7 | AB170: 168 | AC170: 147.8 | AD170: 155.5 | AE170: 163.2 | AF170: 170.9 | AG170: 178.6
U171: 169 | V171: 146.1 | W171: 153.1 | X171: 160 | Y171: 166.9 | Z171: 173.9 | AB171: 169 | AC171: 148.3 | AD171: 156 | AE171: 163.7 | AF171: 171.4 | AG171: 179.1
U172: 170 | V172: 146.3 | W172: 153.3 | X172: 160.2 | Y172: 167.1 | Z172: 174.1 | AB172: 170 | AC172: 148.8 | AD172: 156.5 | AE172: 164.3 | AF172: 172 | AG172: 179.7
U173: 171 | V173: 146.5 | W173: 153.5 | X173: 160.4 | Y173: 167.3 | Z173: 174.2 | AB173: 171 | AC173: 149.3 | AD173: 157.1 | AE173: 164.8 | AF173: 172.5 | AG173: 180.3
U174: 172 | V174: 146.7 | W174: 153.6 | X174: 160.6 | Y174: 167.5 | Z174: 174.4 | AB174: 172 | AC174: 149.8 | AD174: 157.6 | AE174: 165.3 | AF174: 173.1 | AG174: 180.8
U175: 173 | V175: 146.9 | W175: 153.8 | X175: 160.7 | Y175: 167.7 | Z175: 174.6 | AB175: 173 | AC175: 150.3 | AD175: 158.1 | AE175: 165.8 | AF175: 173.6 | AG175: 181.3
U176: 174 | V176: 147.1 | W176: 154 | X176: 160.9 | Y176: 167.8 | Z176: 174.7 | AB176: 174 | AC176: 150.8 | AD176: 158.5 | AE176: 166.3 | AF176: 174.1 | AG176: 181.8
U177: 175 | V177: 147.2 | W177: 154.1 | X177: 161 | Y177: 168 | Z177: 174.9 | AB177: 175 | AC177: 151.2 | AD177: 159 | AE177: 166.8 | AF177: 174.6 | AG177: 182.3
U178: 176 | V178: 147.4 | W178: 154.3 | X178: 161.2 | Y178: 168.1 | Z178: 175 | AB178: 176 | AC178: 151.7 | AD178: 159.5 | AE178: 167.2 | AF178: 175 | AG178: 182.8
U179: 177 | V179: 147.5 | W179: 154.4 | X179: 161.3 | Y179: 168.2 | Z179: 175.1 | AB179: 177 | AC179: 152.1 | AD179: 159.9 | AE179: 167.7 | AF179: 175.5 | AG179: 183.3
U180: 178 | V180: 147.7 | W180: 154.5 | X180: 161.4 | Y180: 168.3 | Z180: 175.2 | AB180: 178 | AC180: 152.5 | AD180: 160.3 | AE180: 168.1 | AF180: 175.9 | AG180: 183.7
U181: 179 | V181: 147.8 | W181: 154.7 | X181: 161.6 | Y181: 168.4 | Z181: 175.3 | AB181: 179 | AC181: 152.9 | AD181: 160.7 | AE181: 168.5 | AF181: 176.3 | AG181: 184.1
... U230: 228 | V230: 150.1 | W230: 156.6 | X230: 163.2 | Y230: 169.7 | Z230: 176.2 | AB230: 228 | AC230: 161.9 | AD230: 169.2 | AE230: 176.5 | AF230: 183.8 | AG230: 191.1

Sheet CHANGELOG
A1: NUTRIMETRÍA · NMX-14 PRO · Historial de versiones
A3: ◀ INICIO
A5: Versión | B5: Fecha | C5: Cambio | D5: Motivo | E5: Responsable
A6: 1.0 PRO | B6: 2026-07-17 | C6: Rediseño visual estilo Nutrimetría del archivo de evaluación pediátrica, CONSERVANDO el motor de patrones de crecimiento MINSAL sin cambios en sus fórmulas. | D6: Presentación profesional para venta. | E6: Equipo Nutrimetría
A7: 1.0 PRO | B7: 2026-07-17 | C7: Se agregaron portada INICIO con navegación, hoja FUENTES con trazabilidad, hoja GRÁFICO con el perfil de puntajes z, informe imprimible con área de impresión y avisos legales. | D7: Valor agregado. | E7: Equipo Nutrimetría
A8: 1.0 PRO | B8: 2026-07-17 | C8: Se añadieron validaciones de datos y formato condicional al diagnóstico integrado. | D8: Robustez y lectura. | E8: Equipo Nutrimetría
A10: 2.0 OMS/MINSAL | B10: 2026-08-05 | C10: Se incorporaron tablas oficiales OMS P/E 0–60, P/Longitud y P/Estatura separadas. | D10: Corregir dominios y mezcla de curvas. | E10: Equipo Nutrimetría
A11: 2.0 OMS/MINSAL | B11: 2026-08-05 | C11: Prematuridad reimplementada con EG exacta, peso al nacer, fecha equivalente a 40 semanas y límites 24/12/6 meses. | D11: Alinear con NT N.º218, Res. Ex. N.º55/2021. | E11: Equipo Nutrimetría
A12: 2.0 OMS/MINSAL | B12: 2026-08-05 | C12: Resultados separados en Z, OMS, MINSAL, fuente, aplicabilidad y alertas. | D12: Evitar mezclar referencia con clasificación clínica. | E12: Equipo Nutrimetría
A13: 2.0 OMS/MINSAL | B13: 2026-08-05 | C13: Histórico v2.0: síndrome de Down bloqueaba curvas generales. Resuelto en v3.1 con integración OMS/Zemel y entrada manual de percentiles. | D13: Seguridad clínica y no sustitución de curvas. | E13: Equipo Nutrimetría
A14: 2.0 OMS/MINSAL | B14: 2026-08-05 | C14: Se eliminó lenguaje 'MINSAL vigente' sin resolución y se identificaron documento, año y resolución cuando existe. | D14: Trazabilidad documental. | E14: Equipo Nutrimetría
A15: 2.0 OMS/MINSAL | B15: 2026-08-05 | C15: Fórmulas compatibles sin XLOOKUP/_xlfn y con rama LMS L=0. | D15: Compatibilidad y robustez. | E15: Equipo Nutrimetría
A16: 2.0 OMS/MINSAL | B16: 2026-08-05 | C16: Auditoría numérica completa de IMC/E OMS 2007: se corrigieron tres celdas LMS discordantes. | D16: Asegurar equivalencia celda a celda con tablas oficiales. | E16: Equipo Nutrimetría
A17: 2.0 OMS/MINSAL | B17: 2026-08-05 | C17: Talla/Edad 0–228 meses sustituida por series oficiales: longitud 0–23, estatura 24–60 y referencia 61–228. | D17: Corregir transición técnica a 24 meses y seis valores aislados. | E17: Equipo Nutrimetría
... A31: 3.1 FUENTES | B31: 2026-08-06 | C31: Escaneo final de errores. | D31: Control técnico. | E31: Equipo Nutrimetría

Sheet PRUEBAS_COMPATIBILIDAD
A1: PRUEBAS DE COMPATIBILIDAD · Motor LMS NMX-14 (XLOOKUP → INDEX/MATCH)
A2: Verificación estructural de las búsquedas reparadas con rangos acotados. Col. F = fórmula viva (mismo patrón que el motor). Col. G = valor esperado (tablas OMS). Estado PASS confirma equivalencia; no se modificaron L, M, S ni las tablas.
A3: N° | B3: Caso | C3: Tabla / Referencia OMS | D3: Sexo | E3: Valor clave | F3: Resultado (fórmula viva) | G3: Esperado | H3: Estado
A4: 1 | B4: Ambos sexos — Femenino | C4: IMC/Edad · M (mediana) | D4: Femenino | E4: 61 | F4: =IF(D4="Femenino",IFERROR(INDEX(Tablas_OMS!$C$2:$C$169,MATCH(E4,Tablas_OMS!$A$2:$A$169,0)),""),IF(D4="Masculino",IFERROR(INDEX(Tablas_OMS!$H$2:$H$169,MATCH(E4,Tablas_OMS!$F$2:$F$169,0)),""),"")) -> 15.2441 | G4: 15.2441 | H4: =IF(IFERROR(ABS(F4-G4)<0.0000001,FALSE()),"PASS",IF(AND(F4="",G4=""),"PASS","FALLA")) -> PASS | J4: L (IMC/E F,61) | K4: =INDEX(Tablas_OMS!$B$2:$B$169,MATCH(61,Tablas_OMS!$A$2:$A$169,0)) -> -0.8886
A5: 2 | B5: Ambos sexos — Masculino | C5: IMC/Edad · M (mediana) | D5: Masculino | E5: 61 | F5: =IF(D5="Femenino",IFERROR(INDEX(Tablas_OMS!$C$2:$C$169,MATCH(E5,Tablas_OMS!$A$2:$A$169,0)),""),IF(D5="Masculino",IFERROR(INDEX(Tablas_OMS!$H$2:$H$169,MATCH(E5,Tablas_OMS!$F$2:$F$169,0)),""),"")) -> 15.2641 | G5: 15.2641 | H5: =IF(IFERROR(ABS(F5-G5)<0.0000001,FALSE()),"PASS",IF(AND(F5="",G5=""),"PASS","FALLA")) -> PASS | J5: M (IMC/E F,61) | K5: =INDEX(Tablas_OMS!$C$2:$C$169,MATCH(61,Tablas_OMS!$A$2:$A$169,0)) -> 15.2441
A6: 3 | B6: Edad mínima (0 meses) | C6: Peso/Edad · M | D6: Femenino | E6: 0 | F6: =IF(D6="Femenino",IFERROR(INDEX(Tablas_OMS!$M$2:$M$14,MATCH(E6,Tablas_OMS!$K$2:$K$14,0)),""),IF(D6="Masculino",IFERROR(INDEX(Tablas_OMS!$R$2:$R$14,MATCH(E6,Tablas_OMS!$P$2:$P$14,0)),""),"")) -> 3.2322 | G6: 3.2322 | H6: =IF(IFERROR(ABS(F6-G6)<0.0000001,FALSE()),"PASS",IF(AND(F6="",G6=""),"PASS","FALLA")) -> PASS | J6: S (IMC/E F,61) | K6: =INDEX(Tablas_OMS!$D$2:$D$169,MATCH(61,Tablas_OMS!$A$2:$A$169,0)) -> 0.09692
A7: 4 | B7: Edad máxima (228 meses) | C7: Talla/Edad · mediana (SD) | D7: Femenino | E7: 228 | F7: =IF(D7="Femenino",IFERROR(INDEX(Tablas_OMS!$X$2:$X$230,MATCH(E7,Tablas_OMS!$U$2:$U$230,0)),""),IF(D7="Masculino",IFERROR(INDEX(Tablas_OMS!$AE$2:$AE$230,MATCH(E7,Tablas_OMS!$AB$2:$AB$230,0)),""),"")) -> 163.2 | G7: 163.2 | H7: =IF(IFERROR(ABS(F7-G7)<0.0000001,FALSE()),"PASS",IF(AND(F7="",G7=""),"PASS","FALLA")) -> PASS
A8: 5 | B8: Cambio de tabla (misma clave 61) | C8: Talla/Edad · mediana (≠ IMC del caso 1) | D8: Femenino | E8: 61 | F8: =IF(D8="Femenino",IFERROR(INDEX(Tablas_OMS!$X$2:$X$230,MATCH(E8,Tablas_OMS!$U$2:$U$230,0)),""),IF(D8="Masculino",IFERROR(INDEX(Tablas_OMS!$AE$2:$AE$230,MATCH(E8,Tablas_OMS!$AB$2:$AB$230,0)),""),"")) -> 109.6 | G8: 109.6 | H8: =IF(IFERROR(ABS(F8-G8)<0.0000001,FALSE()),"PASS",IF(AND(F8="",G8=""),"PASS","FALLA")) -> PASS | J8: Mini-tabla L=0 | K8: clave|valor
A9: 6 | B9: Edad inexistente (61.5) | C9: IMC/Edad · M (sin coincidencia) | D9: Femenino | E9: 61.5 | F9: =IF(D9="Femenino",IFERROR(INDEX(Tablas_OMS!$C$2:$C$169,MATCH(E9,Tablas_OMS!$A$2:$A$169,0)),""),IF(D9="Masculino",IFERROR(INDEX(Tablas_OMS!$H$2:$H$169,MATCH(E9,Tablas_OMS!$F$2:$F$169,0)),""),"")) | H9: =IF(IFERROR(ABS(F9-G9)<0.0000001,FALSE()),"PASS",IF(AND(F9="",G9=""),"PASS","FALLA")) -> PASS | J9: 1 | K9: 0
A10: 7 | B10: Z = 0 cuando X = M | C10: LMS IMC/Edad F,61 (X=M) | D10: — | F10: =IFERROR((((K5/K5)^K4)-1)/(K4*K6),"") -> 0 | G10: 0 | H10: =IF(IFERROR(ABS(F10-G10)<0.0000001,FALSE()),"PASS",IF(AND(F10="",G10=""),"PASS","FALLA")) -> PASS | J10: 2 | K10: 5
A11: 8 | B11: Caso L = 0 (0 real se conserva) | C11: Sonda INDEX/MATCH → valor 0 | D11: — | F11: =IFERROR(INDEX($K$9:$K$10,MATCH(1,$J$9:$J$10,0)),"") -> 0 | G11: 0 | H11: =IF(IFERROR(ABS(F11-G11)<0.0000001,FALSE()),"PASS",IF(AND(F11="",G11=""),"PASS","FALLA")) -> PASS
A12: 9 | B12: Peso vacío (IMC protegido) | C12: IFERROR IMC, peso vacío | D12: — | F12: =IFERROR(K12/((K13/100)^2),"") -> 0 | G12: 0 | H12: =IF(IFERROR(ABS(F12-G12)<0.0000001,FALSE()),"PASS",IF(AND(F12="",G12=""),"PASS","FALLA")) -> PASS | J12: Peso vacío
A13: 10 | B13: Talla cero (división neutralizada) | C13: IFERROR IMC, talla=0 → vacío | D13: — | F13: =IFERROR(K15/((K16/100)^2),"") | H13: =IF(IFERROR(ABS(F13-G13)<0.0000001,FALSE()),"PASS",IF(AND(F13="",G13=""),"PASS","FALLA")) -> PASS | J13: Talla=100 | K13: 100
A14: 11 | B14: Sexo inválido | C14: IMC/Edad · M (ramas IF fallan) | D14: Intersexo | E14: 61 | F14: =IF(D14="Femenino",IFERROR(INDEX(Tablas_OMS!$C$2:$C$169,MATCH(E14,Tablas_OMS!$A$2:$A$169,0)),""),IF(D14="Masculino",IFERROR(INDEX(Tablas_OMS!$H$2:$H$169,MATCH(E14,Tablas_OMS!$F$2:$F$169,0)),""),"")) | H14: =IF(IFERROR(ABS(F14-G14)<0.0000001,FALSE()),"PASS",IF(AND(F14="",G14=""),"PASS","FALLA")) -> PASS
J15: Peso=62 | K15: 62
A16: RESULTADO GLOBAL | E16: PASS: | F16: =COUNTIF(H4:H14,"PASS")&" / 11" -> 11 / 11 | H16: =IF(COUNTIF(H4:H14,"FALLA")=0,"COMPATIBILIDAD OK","REVISAR") -> COMPATIBILIDAD OK | J16: Talla=0 | K16: 0

Sheet OMS_TABLAS_OFICIALES
A1: NUTRIMETRÍA · TABLAS OMS OFICIALES INCORPORADAS
A2: Datos LMS descargados de los archivos Excel oficiales OMS. P/E: 0–60 meses; P/Longitud: 45–110 cm (<2 años); P/Estatura: 65–120 cm (2–5 años).
A3: PESO / EDAD · OMS 2006 · 0–60 MESES | K3: PESO / LONGITUD · OMS 2006 · 0–23 MESES | U3: PESO / ESTATURA · OMS 2006 · 24–60 MESES | AE3: TALLA/EDAD · OMS 2006/2007 · LÍNEAS Z VERIFICADAS | AL3: TALLA/EDAD · OMS 2006/2007 · NIÑOS | AS3: PCe/EDAD · OMS 2006 · 0–60 MESES · NIÑAS | AZ3: PCe/EDAD · OMS 2006 · 0–60 MESES · NIÑOS
A4: Mes | B4: L_Niñas | C4: M_Niñas | D4: S_Niñas | F4: Mes | G4: L_Niños | H4: M_Niños | I4: S_Niños | K4: Longitud_cm | L4: L_Niñas | M4: M_Niñas | N4: S_Niñas | P4: Longitud_cm | Q4: L_Niños | R4: M_Niños | S4: S_Niños | U4: Estatura_cm | V4: L_Niñas | W4: M_Niñas | X4: S_Niñas | Z4: Estatura_cm | AA4: L_Niños | AB4: M_Niños | AC4: S_Niños | AE4: Mes | AF4: -2DE_Niñas | AG4: -1DE_Niñas | AH4: Mediana_Niñas | AI4: +1DE_Niñas | AJ4: +2DE_Niñas | AL4: Mes | AM4: -2DE_Niños | AN4: -1DE_Niños | AO4: Mediana_Niños | AP4: +1DE_Niños | AQ4: +2DE_Niños | AS4: Mes | AT4: -2DE | AU4: -1DE | AV4: Mediana | AW4: +1DE | AX4: +2DE | AZ4: Mes | BA4: -2DE | BB4: -1DE | BC4: Mediana | BD4: +1DE | BE4: +2DE
A5: 0 | B5: 0.3809 | C5: 3.2322 | D5: 0.14171 | F5: 0 | G5: 0.3487 | H5: 3.3464 | I5: 0.14602 | K5: 45 | L5: -0.3833 | M5: 2.4607 | N5: 0.09029 | P5: 45 | Q5: -0.3521 | R5: 2.441 | S5: 0.09182 | U5: 65 | V5: -0.3833 | W5: 7.2402 | X5: 0.09113 | Z5: 65 | AA5: -0.3521 | AB5: 7.4327 | AC5: 0.08217 | AE5: 0 | AF5: 45.4 | AG5: 47.3 | AH5: 49.1 | AI5: 51 | AJ5: 52.9 | AL5: 0 | AM5: 46.1 | AN5: 48 | AO5: 49.9 | AP5: 51.8 | AQ5: 53.7 | AS5: 0 | AT5: 31.5 | AU5: 32.7 | AV5: 33.9 | AW5: 35.1 | AX5: 36.2 | AZ5: 0 | BA5: 31.9 | BB5: 33.2 | BC5: 34.5 | BD5: 35.7 | BE5: 37
A6: 1 | B6: 0.1714 | C6: 4.1873 | D6: 0.13724 | F6: 1 | G6: 0.2297 | H6: 4.4709 | I6: 0.13395 | K6: 45.5 | L6: -0.3833 | M6: 2.5457 | N6: 0.09033 | P6: 45.5 | Q6: -0.3521 | R6: 2.5244 | S6: 0.09153 | U6: 65.5 | V6: -0.3833 | W6: 7.3523 | X6: 0.09109 | Z6: 65.5 | AA6: -0.3521 | AB6: 7.5504 | AC6: 0.08214 | AE6: 1 | AF6: 49.8 | AG6: 51.7 | AH6: 53.7 | AI6: 55.6 | AJ6: 57.6 | AL6: 1 | AM6: 50.8 | AN6: 52.8 | AO6: 54.7 | AP6: 56.7 | AQ6: 58.6 | AS6: 1 | AT6: 34.2 | AU6: 35.4 | AV6: 36.5 | AW6: 37.7 | AX6: 38.9 | AZ6: 1 | BA6: 34.9 | BB6: 36.1 | BC6: 37.3 | BD6: 38.4 | BE6: 39.6
A7: 2 | B7: 0.0962 | C7: 5.1282 | D7: 0.13 | F7: 2 | G7: 0.197 | H7: 5.5675 | I7: 0.12385 | K7: 46 | L7: -0.3833 | M7: 2.6306 | N7: 0.09037 | P7: 46 | Q7: -0.3521 | R7: 2.6077 | S7: 0.09124 | U7: 66 | V7: -0.3833 | W7: 7.463 | X7: 0.09104 | Z7: 66 | AA7: -0.3521 | AB7: 7.6673 | AC7: 0.08212 | AE7: 2 | AF7: 53 | AG7: 55 | AH7: 57.1 | AI7: 59.1 | AJ7: 61.1 | AL7: 2 | AM7: 54.4 | AN7: 56.4 | AO7: 58.4 | AP7: 60.4 | AQ7: 62.4 | AS7: 2 | AT7: 35.8 | AU7: 37 | AV7: 38.3 | AW7: 39.5 | AX7: 40.7 | AZ7: 2 | BA7: 36.8 | BB7: 38 | BC7: 39.1 | BD7: 40.3 | BE7: 41.5
A8: 3 | B8: 0.0402 | C8: 5.8458 | D8: 0.12619 | F8: 3 | G8: 0.1738 | H8: 6.3762 | I8: 0.11727 | K8: 46.5 | L8: -0.3833 | M8: 2.7155 | N8: 0.0904 | P8: 46.5 | Q8: -0.3521 | R8: 2.6913 | S8: 0.09094 | U8: 66.5 | V8: -0.3833 | W8: 7.5724 | X8: 0.09099 | Z8: 66.5 | AA8: -0.3521 | AB8: 7.7834 | AC8: 0.08212 | AE8: 3 | AF8: 55.6 | AG8: 57.7 | AH8: 59.8 | AI8: 61.9 | AJ8: 64 | AL8: 3 | AM8: 57.3 | AN8: 59.4 | AO8: 61.4 | AP8: 63.5 | AQ8: 65.5 | AS8: 3 | AT8: 37.1 | AU8: 38.3 | AV8: 39.5 | AW8: 40.8 | AX8: 42 | AZ8: 3 | BA8: 38.1 | BB8: 39.3 | BC8: 40.5 | BD8: 41.7 | BE8: 42.9
A9: 4 | B9: -0.005 | C9: 6.4237 | D9: 0.12402 | F9: 4 | G9: 0.1553 | H9: 7.0023 | I9: 0.11316 | K9: 47 | L9: -0.3833 | M9: 2.8007 | N9: 0.09044 | P9: 47 | Q9: -0.3521 | R9: 2.7755 | S9: 0.09065 | U9: 67 | V9: -0.3833 | W9: 7.6806 | X9: 0.09094 | Z9: 67 | AA9: -0.3521 | AB9: 7.8986 | AC9: 0.08213 | AE9: 4 | AF9: 57.8 | AG9: 59.9 | AH9: 62.1 | AI9: 64.3 | AJ9: 66.4 | AL9: 4 | AM9: 59.7 | AN9: 61.8 | AO9: 63.9 | AP9: 66 | AQ9: 68 | AS9: 4 | AT9: 38.1 | AU9: 39.3 | AV9: 40.6 | AW9: 41.8 | AX9: 43.1 | AZ9: 4 | BA9: 39.2 | BB9: 40.4 | BC9: 41.6 | BD9: 42.8 | BE9: 44
A10: 5 | B10: -0.043 | C10: 6.8985 | D10: 0.12274 | F10: 5 | G10: 0.1395 | H10: 7.5105 | I10: 0.1108 | K10: 47.5 | L10: -0.3833 | M10: 2.8867 | N10: 0.09048 | P10: 47.5 | Q10: -0.3521 | R10: 2.8609 | S10: 0.09036 | U10: 67.5 | V10: -0.3833 | W10: 7.7874 | X10: 0.09088 | Z10: 67.5 | AA10: -0.3521 | AB10: 8.0132 | AC10: 0.08214 | AE10: 5 | AF10: 59.6 | AG10: 61.8 | AH10: 64 | AI10: 66.2 | AJ10: 68.5 | AL10: 5 | AM10: 61.7 | AN10: 63.8 | AO10: 65.9 | AP10: 68 | AQ10: 70.1 | AS10: 5 | AT10: 38.9 | AU10: 40.2 | AV10: 41.5 | AW10: 42.7 | AX10: 44 | AZ10: 5 | BA10: 40.1 | BB10: 41.4 | BC10: 42.6 | BD10: 43.8 | BE10: 45
A11: 6 | B11: -0.0756 | C11: 7.297 | D11: 0.12204 | F11: 6 | G11: 0.1257 | H11: 7.934 | I11: 0.10958 | K11: 48 | L11: -0.3833 | M11: 2.9741 | N11: 0.09052 | P11: 48 | Q11: -0.3521 | R11: 2.948 | S11: 0.09007 | U11: 68 | V11: -0.3833 | W11: 7.893 | X11: 0.09083 | Z11: 68 | AA11: -0.3521 | AB11: 8.1272 | AC11: 0.08217 | AE11: 6 | AF11: 61.2 | AG11: 63.5 | AH11: 65.7 | AI11: 68 | AJ11: 70.3 | AL11: 6 | AM11: 63.3 | AN11: 65.5 | AO11: 67.6 | AP11: 69.8 | AQ11: 71.9 | AS11: 6 | AT11: 39.6 | AU11: 40.9 | AV11: 42.2 | AW11: 43.5 | AX11: 44.8 | AZ11: 6 | BA11: 40.9 | BB11: 42.1 | BC11: 43.3 | BD11: 44.6 | BE11: 45.8
A12: 7 | B12: -0.1039 | C12: 7.6422 | D12: 0.12178 | F12: 7 | G12: 0.1134 | H12: 8.297 | I12: 0.10902 | K12: 48.5 | L12: -0.3833 | M12: 3.0636 | N12: 0.09056 | P12: 48.5 | Q12: -0.3521 | R12: 3.0377 | S12: 0.08977 | U12: 68.5 | V12: -0.3833 | W12: 7.9976 | X12: 0.09077 | Z12: 68.5 | AA12: -0.3521 | AB12: 8.241 | AC12: 0.08221 | AE12: 7 | AF12: 62.7 | AG12: 65 | AH12: 67.3 | AI12: 69.6 | AJ12: 71.9 | AL12: 7 | AM12: 64.8 | AN12: 67 | AO12: 69.2 | AP12: 71.3 | AQ12: 73.5 | AS12: 7 | AT12: 40.2 | AU12: 41.5 | AV12: 42.8 | AW12: 44.1 | AX12: 45.5 | AZ12: 7 | BA12: 41.5 | BB12: 42.7 | BC12: 44 | BD12: 45.2 | BE12: 46.4
A13: 8 | B13: -0.1288 | C13: 7.9487 | D13: 0.12181 | F13: 8 | G13: 0.1021 | H13: 8.6151 | I13: 0.10882 | K13: 49 | L13: -0.3833 | M13: 3.156 | N13: 0.0906 | P13: 49 | Q13: -0.3521 | R13: 3.1308 | S13: 0.08948 | U13: 69 | V13: -0.3833 | W13: 8.1012 | X13: 0.09071 | Z13: 69 | AA13: -0.3521 | AB13: 8.3547 | AC13: 0.08226 | AE13: 8 | AF13: 64 | AG13: 66.4 | AH13: 68.7 | AI13: 71.1 | AJ13: 73.5 | AL13: 8 | AM13: 66.2 | AN13: 68.4 | AO13: 70.6 | AP13: 72.8 | AQ13: 75 | AS13: 8 | AT13: 40.7 | AU13: 42 | AV13: 43.4 | AW13: 44.7 | AX13: 46 | AZ13: 8 | BA13: 42 | BB13: 43.3 | BC13: 44.5 | BD13: 45.8 | BE13: 47
A14: 9 | B14: -0.1507 | C14: 8.2254 | D14: 0.12199 | F14: 9 | G14: 0.0917 | H14: 8.9014 | I14: 0.10881 | K14: 49.5 | L14: -0.3833 | M14: 3.252 | N14: 0.09064 | P14: 49.5 | Q14: -0.3521 | R14: 3.2276 | S14: 0.08919 | U14: 69.5 | V14: -0.3833 | W14: 8.2039 | X14: 0.09065 | Z14: 69.5 | AA14: -0.3521 | AB14: 8.468 | AC14: 0.08231 | AE14: 9 | AF14: 65.3 | AG14: 67.7 | AH14: 70.1 | AI14: 72.6 | AJ14: 75 | AL14: 9 | AM14: 67.5 | AN14: 69.7 | AO14: 72 | AP14: 74.2 | AQ14: 76.5 | AS14: 9 | AT14: 41.2 | AU14: 42.5 | AV14: 43.8 | AW14: 45.2 | AX14: 46.5 | AZ14: 9 | BA14: 42.5 | BB14: 43.7 | BC14: 45 | BD14: 46.3 | BE14: 47.5
A15: 10 | B15: -0.17 | C15: 8.48 | D15: 0.12223 | F15: 10 | G15: 0.082 | H15: 9.1649 | I15: 0.10891 | K15: 50 | L15: -0.3833 | M15: 3.3518 | N15: 0.09068 | P15: 50 | Q15: -0.3521 | R15: 3.3278 | S15: 0.0889 | U15: 70 | V15: -0.3833 | W15: 8.3058 | X15: 0.09059 | Z15: 70 | AA15: -0.3521 | AB15: 8.5808 | AC15: 0.08237 | AE15: 10 | AF15: 66.5 | AG15: 69 | AH15: 71.5 | AI15: 73.9 | AJ15: 76.4 | AL15: 10 | AM15: 68.7 | AN15: 71 | AO15: 73.3 | AP15: 75.6 | AQ15: 77.9 | AS15: 10 | AT15: 41.5 | AU15: 42.9 | AV15: 44.2 | AW15: 45.6 | AX15: 46.9 | AZ15: 10 | BA15: 42.9 | BB15: 44.1 | BC15: 45.4 | BD15: 46.7 | BE15: 47.9
A16: 11 | B16: -0.1872 | C16: 8.7192 | D16: 0.12247 | F16: 11 | G16: 0.073 | H16: 9.4122 | I16: 0.10906 | K16: 50.5 | L16: -0.3833 | M16: 3.4557 | N16: 0.09072 | P16: 50.5 | Q16: -0.3521 | R16: 3.4311 | S16: 0.08861 | U16: 70.5 | V16: -0.3833 | W16: 8.4071 | X16: 0.09053 | Z16: 70.5 | AA16: -0.3521 | AB16: 8.6927 | AC16: 0.08243 | AE16: 11 | AF16: 67.7 | AG16: 70.3 | AH16: 72.8 | AI16: 75.3 | AJ16: 77.8 | AL16: 11 | AM16: 69.9 | AN16: 72.2 | AO16: 74.5 | AP16: 76.9 | AQ16: 79.2 | AS16: 11 | AT16: 41.9 | AU16: 43.2 | AV16: 44.6 | AW16: 45.9 | AX16: 47.3 | AZ16: 11 | BA16: 43.2 | BB16: 44.5 | BC16: 45.8 | BD16: 47 | BE16: 48.3
... A65: 60 | B65: -0.3518 | C65: 18.2193 | D65: 0.14821 | F65: 60 | G65: -0.1506 | H65: 18.3366 | I65: 0.13517 | K65: 75 | L65: -0.3833 | M65: 9.149 | N65: 0.09005 | P65: 75 | Q65: -0.3521 | R65: 9.5032 | S65: 0.08295 | U65: 95 | V65: -0.3833 | W65: 13.8914 | X65: 0.08975 | Z65: 95 | AA65: -0.3521 | AB65: 14.06 | AC65: 0.0806 | AE65: 60 | AF65: 99.9 | AG65: 104.7 | AH65: 109.4 | AI65: 114.2 | AJ65: 118.9 | AL65: 60 | AM65: 100.7 | AN65: 105.3 | AO65: 110 | AP65: 114.6 | AQ65: 119.2 | AS65: 60 | AT65: 47.1 | AU65: 48.5 | AV65: 49.9 | AW65: 51.3 | AX65: 52.8 | AZ65: 60 | BA65: 47.7 | BB65: 49.2 | BC65: 50.7 | BD65: 52.2 | BE65: 53.7
K66: 75.5 | L66: -0.3833 | M66: 9.2418 | N66: 0.08999 | P66: 75.5 | Q66: -0.3521 | R66: 9.6041 | S66: 0.08301 | U66: 95.5 | V66: -0.3833 | W66: 14.0186 | X66: 0.08984 | Z66: 95.5 | AA66: -0.3521 | AB66: 14.1811 | AC66: 0.08071 | AE66: 61 | AF66: 100.1 | AG66: 104.8 | AH66: 109.6 | AI66: 114.4 | AJ66: 119.1 | AL66: 61 | AM66: 101.1 | AN66: 105.7 | AO66: 110.3 | AP66: 114.9 | AQ66: 119.4
K67: 76 | L67: -0.3833 | M67: 9.3337 | N67: 0.08992 | P67: 76 | Q67: -0.3521 | R67: 9.7033 | S67: 0.08307 | U67: 96 | V67: -0.3833 | W67: 14.1466 | X67: 0.08994 | Z67: 96 | AA67: -0.3521 | AB67: 14.3037 | AC67: 0.08083 | AE67: 62 | AF67: 100.5 | AG67: 105.3 | AH67: 110.1 | AI67: 114.9 | AJ67: 119.7 | AL67: 62 | AM67: 101.6 | AN67: 106.2 | AO67: 110.8 | AP67: 115.4 | AQ67: 120
K68: 76.5 | L68: -0.3833 | M68: 9.4252 | N68: 0.08985 | P68: 76.5 | Q68: -0.3521 | R68: 9.8007 | S68: 0.08311 | U68: 96.5 | V68: -0.3833 | W68: 14.2757 | X68: 0.09004 | Z68: 96.5 | AA68: -0.3521 | AB68: 14.4282 | AC68: 0.08097 | AE68: 63 | AF68: 101 | AG68: 105.8 | AH68: 110.6 | AI68: 115.5 | AJ68: 120.3 | AL68: 63 | AM68: 102 | AN68: 106.7 | AO68: 111.3 | AP68: 116 | AQ68: 120.6
K69: 77 | L69: -0.3833 | M69: 9.5166 | N69: 0.08979 | P69: 77 | Q69: -0.3521 | R69: 9.8963 | S69: 0.08314 | U69: 97 | V69: -0.3833 | W69: 14.4059 | X69: 0.09015 | Z69: 97 | AA69: -0.3521 | AB69: 14.5547 | AC69: 0.08112 | AE69: 64 | AF69: 101.4 | AG69: 106.3 | AH69: 111.2 | AI69: 116 | AJ69: 120.9 | AL69: 64 | AM69: 102.5 | AN69: 107.2 | AO69: 111.9 | AP69: 116.5 | AQ69: 121.2
K70: 77.5 | L70: -0.3833 | M70: 9.6086 | N70: 0.08972 | P70: 77.5 | Q70: -0.3521 | R70: 9.9902 | S70: 0.08317 | U70: 97.5 | V70: -0.3833 | W70: 14.5376 | X70: 0.09026 | Z70: 97.5 | AA70: -0.3521 | AB70: 14.6832 | AC70: 0.08129 | AE70: 65 | AF70: 101.9 | AG70: 106.8 | AH70: 111.7 | AI70: 116.6 | AJ70: 121.5 | AL70: 65 | AM70: 103 | AN70: 107.7 | AO70: 112.4 | AP70: 117.1 | AQ70: 121.8
K71: 78 | L71: -0.3833 | M71: 9.7015 | N71: 0.08965 | P71: 78 | Q71: -0.3521 | R71: 10.0827 | S71: 0.08318 | U71: 98 | V71: -0.3833 | W71: 14.671 | X71: 0.09037 | Z71: 98 | AA71: -0.3521 | AB71: 14.814 | AC71: 0.08146 | AE71: 66 | AF71: 102.3 | AG71: 107.2 | AH71: 112.2 | AI71: 117.1 | AJ71: 122 | AL71: 66 | AM71: 103.4 | AN71: 108.2 | AO71: 112.9 | AP71: 117.7 | AQ71: 122.4
K72: 78.5 | L72: -0.3833 | M72: 9.7957 | N72: 0.08959 | P72: 78.5 | Q72: -0.3521 | R72: 10.1741 | S72: 0.08318 | U72: 98.5 | V72: -0.3833 | W72: 14.8062 | X72: 0.09049 | Z72: 98.5 | AA72: -0.3521 | AB72: 14.9468 | AC72: 0.08165 | AE72: 67 | AF72: 102.7 | AG72: 107.7 | AH72: 112.7 | AI72: 117.6 | AJ72: 122.6 | AL72: 67 | AM72: 103.9 | AN72: 108.7 | AO72: 113.4 | AP72: 118.2 | AQ72: 123
K73: 79 | L73: -0.3833 | M73: 9.8915 | N73: 0.08952 | P73: 79 | Q73: -0.3521 | R73: 10.2649 | S73: 0.08316 | U73: 99 | V73: -0.3833 | W73: 14.9434 | X73: 0.09062 | Z73: 99 | AA73: -0.3521 | AB73: 15.0818 | AC73: 0.08185 | AE73: 68 | AF73: 103.2 | AG73: 108.2 | AH73: 113.2 | AI73: 118.2 | AJ73: 123.2 | AL73: 68 | AM73: 104.3 | AN73: 109.1 | AO73: 113.9 | AP73: 118.7 | AQ73: 123.6
K74: 79.5 | L74: -0.3833 | M74: 9.9892 | N74: 0.08946 | P74: 79.5 | Q74: -0.3521 | R74: 10.3558 | S74: 0.08313 | U74: 99.5 | V74: -0.3833 | W74: 15.0828 | X74: 0.09075 | Z74: 99.5 | AA74: -0.3521 | AB74: 15.2187 | AC74: 0.08206 | AE74: 69 | AF74: 103.6 | AG74: 108.6 | AH74: 113.7 | AI74: 118.7 | AJ74: 123.7 | AL74: 69 | AM74: 104.8 | AN74: 109.6 | AO74: 114.5 | AP74: 119.3 | AQ74: 124.1
K75: 80 | L75: -0.3833 | M75: 10.0891 | N75: 0.0894 | P75: 80 | Q75: -0.3521 | R75: 10.4475 | S75: 0.08308 | U75: 100 | V75: -0.3833 | W75: 15.2246 | X75: 0.09088 | Z75: 100 | AA75: -0.3521 | AB75: 15.3576 | AC75: 0.08229 | AE75: 70 | AF75: 104 | AG75: 109.1 | AH75: 114.2 | AI75: 119.2 | AJ75: 124.3 | AL75: 70 | AM75: 105.2 | AN75: 110.1 | AO75: 115 | AP75: 119.8 | AQ75: 124.7
K76: 80.5 | L76: -0.3833 | M76: 10.1916 | N76: 0.08934 | P76: 80.5 | Q76: -0.3521 | R76: 10.5405 | S76: 0.08301 | U76: 100.5 | V76: -0.3833 | W76: 15.3687 | X76: 0.09102 | Z76: 100.5 | AA76: -0.3521 | AB76: 15.4985 | AC76: 0.08252 | AE76: 71 | AF76: 104.5 | AG76: 109.6 | AH76: 114.6 | AI76: 119.7 | AJ76: 124.8 | AL76: 71 | AM76: 105.7 | AN76: 110.6 | AO76: 115.5 | AP76: 120.4 | AQ76: 125.2
K77: 81 | L77: -0.3833 | M77: 10.2965 | N77: 0.08928 | P77: 81 | Q77: -0.3521 | R77: 10.6352 | S77: 0.08293 | U77: 101 | V77: -0.3833 | W77: 15.5154 | X77: 0.09116 | Z77: 101 | AA77: -0.3521 | AB77: 15.6412 | AC77: 0.08277 | AE77: 72 | AF77: 104.9 | AG77: 110 | AH77: 115.1 | AI77: 120.2 | AJ77: 125.4 | AL77: 72 | AM77: 106.1 | AN77: 111 | AO77: 116 | AP77: 120.9 | AQ77: 125.8
... K115: 100 | L115: -0.3833 | M115: 15.0267 | N115: 0.09069 | P115: 100 | Q115: -0.3521 | R115: 15.1637 | S115: 0.08198 | U115: 120 | V115: -0.3833 | W115: 22.8173 | X115: 0.09828 | Z115: 120 | AA115: -0.3521 | AB115: 22.353 | AC115: 0.09424 | AE115: 110 | AF115: 121.2 | AG115: 127.3 | AH115: 133.5 | AI115: 139.7 | AJ115: 145.8 | AL115: 110 | AM115: 121.3 | AN115: 127.4 | AO115: 133.4 | AP115: 139.5 | AQ115: 145.6
K116: 100.5 | L116: -0.3833 | M116: 15.1676 | N116: 0.09083 | P116: 100.5 | Q116: -0.3521 | R116: 15.3018 | S116: 0.0822 | AE116: 111 | AF116: 121.6 | AG116: 127.8 | AH116: 134 | AI116: 140.2 | AJ116: 146.4 | AL116: 111 | AM116: 121.7 | AN116: 127.8 | AO116: 133.9 | AP116: 140 | AQ116: 146.1
K117: 101 | L117: -0.3833 | M117: 15.3108 | N117: 0.09096 | P117: 101 | Q117: -0.3521 | R117: 15.4419 | S117: 0.08243 | AE117: 112 | AF117: 122.1 | AG117: 128.3 | AH117: 134.5 | AI117: 140.7 | AJ117: 146.9 | AL117: 112 | AM117: 122 | AN117: 128.2 | AO117: 134.3 | AP117: 140.4 | AQ117: 146.6
K118: 101.5 | L118: -0.3833 | M118: 15.4564 | N118: 0.0911 | P118: 101.5 | Q118: -0.3521 | R118: 15.5838 | S118: 0.08267 | AE118: 113 | AF118: 122.6 | AG118: 128.8 | AH118: 135 | AI118: 141.3 | AJ118: 147.5 | AL118: 113 | AM118: 122.4 | AN118: 128.6 | AO118: 134.7 | AP118: 140.9 | AQ118: 147.1
K119: 102 | L119: -0.3833 | M119: 15.6046 | N119: 0.09125 | P119: 102 | Q119: -0.3521 | R119: 15.7276 | S119: 0.08292 | AE119: 114 | AF119: 123 | AG119: 129.3 | AH119: 135.5 | AI119: 141.8 | AJ119: 148.1 | AL119: 114 | AM119: 122.8 | AN119: 129 | AO119: 135.2 | AP119: 141.4 | AQ119: 147.6
K120: 102.5 | L120: -0.3833 | M120: 15.7553 | N120: 0.09139 | P120: 102.5 | Q120: -0.3521 | R120: 15.8732 | S120: 0.08317 | AE120: 115 | AF120: 123.5 | AG120: 129.8 | AH120: 136.1 | AI120: 142.3 | AJ120: 148.6 | AL120: 115 | AM120: 123.2 | AN120: 129.4 | AO120: 135.6 | AP120: 141.8 | AQ120: 148.1
K121: 103 | L121: -0.3833 | M121: 15.9087 | N121: 0.09155 | P121: 103 | Q121: -0.3521 | R121: 16.0206 | S121: 0.08343 | AE121: 116 | AF121: 124 | AG121: 130.3 | AH121: 136.6 | AI121: 142.9 | AJ121: 149.2 | AL121: 116 | AM121: 123.5 | AN121: 129.8 | AO121: 136.1 | AP121: 142.3 | AQ121: 148.6
K122: 103.5 | L122: -0.3833 | M122: 16.0645 | N122: 0.0917 | P122: 103.5 | Q122: -0.3521 | R122: 16.1697 | S122: 0.0837 | AE122: 117 | AF122: 124.4 | AG122: 130.8 | AH122: 137.1 | AI122: 143.4 | AJ122: 149.7 | AL122: 117 | AM122: 123.9 | AN122: 130.2 | AO122: 136.5 | AP122: 142.8 | AQ122: 149.1
K123: 104 | L123: -0.3833 | M123: 16.2229 | N123: 0.09186 | P123: 104 | Q123: -0.3521 | R123: 16.3204 | S123: 0.08397 | AE123: 118 | AF123: 124.9 | AG123: 131.2 | AH123: 137.6 | AI123: 144 | AJ123: 150.3 | AL123: 118 | AM123: 124.3 | AN123: 130.6 | AO123: 136.9 | AP123: 143.2 | AQ123: 149.5
K124: 104.5 | L124: -0.3833 | M124: 16.3837 | N124: 0.09203 | P124: 104.5 | Q124: -0.3521 | R124: 16.4728 | S124: 0.08425 | AE124: 119 | AF124: 125.4 | AG124: 131.7 | AH124: 138.1 | AI124: 144.5 | AJ124: 150.9 | AL124: 119 | AM124: 124.7 | AN124: 131 | AO124: 137.3 | AP124: 143.7 | AQ124: 150
K125: 105 | L125: -0.3833 | M125: 16.547 | N125: 0.09219 | P125: 105 | Q125: -0.3521 | R125: 16.6268 | S125: 0.08453 | AE125: 120 | AF125: 125.8 | AG125: 132.2 | AH125: 138.6 | AI125: 145 | AJ125: 151.4 | AL125: 120 | AM125: 125 | AN125: 131.4 | AO125: 137.8 | AP125: 144.2 | AQ125: 150.5
K126: 105.5 | L126: -0.3833 | M126: 16.7129 | N126: 0.09236 | P126: 105.5 | Q126: -0.3521 | R126: 16.7826 | S126: 0.08481 | AE126: 121 | AF126: 126.3 | AG126: 132.7 | AH126: 139.2 | AI126: 145.6 | AJ126: 152 | AL126: 121 | AM126: 125.4 | AN126: 131.8 | AO126: 138.2 | AP126: 144.6 | AQ126: 151
K127: 106 | L127: -0.3833 | M127: 16.8814 | N127: 0.09254 | P127: 106 | Q127: -0.3521 | R127: 16.9401 | S127: 0.0851 | AE127: 122 | AF127: 126.8 | AG127: 133.2 | AH127: 139.7 | AI127: 146.1 | AJ127: 152.6 | AL127: 122 | AM127: 125.8 | AN127: 132.2 | AO127: 138.6 | AP127: 145.1 | AQ127: 151.5
... K135: 110 | L135: -0.3833 | M135: 18.3324 | N135: 0.09401 | P135: 110 | Q135: -0.3521 | R135: 18.2689 | S135: 0.08755 | AE135: 130 | AF135: 130.7 | AG135: 137.3 | AH135: 143.9 | AI135: 150.5 | AJ135: 157.1 | AL135: 130 | AM135: 128.8 | AN135: 135.5 | AO135: 142.2 | AP135: 148.9 | AQ135: 155.5
AE136: 131 | AF136: 131.2 | AG136: 137.8 | AH136: 144.5 | AI136: 151.1 | AJ136: 157.7 | AL136: 131 | AM136: 129.2 | AN136: 135.9 | AO136: 142.7 | AP136: 149.4 | AQ136: 156.1
AE137: 132 | AF137: 131.7 | AG137: 138.3 | AH137: 145 | AI137: 151.6 | AJ137: 158.3 | AL137: 132 | AM137: 129.7 | AN137: 136.4 | AO137: 143.1 | AP137: 149.8 | AQ137: 156.6
A138: TRAZABILIDAD DE ARCHIVOS OFICIALES OMS | AE138: 133 | AF138: 132.2 | AG138: 138.9 | AH138: 145.5 | AI138: 152.2 | AJ138: 158.9 | AL138: 133 | AM138: 130.1 | AN138: 136.8 | AO138: 143.6 | AP138: 150.3 | AQ138: 157.1
A139: Tabla | B139: Población | C139: Archivo OMS | D139: URL oficial | E139: Estado de incorporación | AE139: 134 | AF139: 132.7 | AG139: 139.4 | AH139: 146.1 | AI139: 152.7 | AJ139: 159.4 | AL139: 134 | AM139: 130.5 | AN139: 137.3 | AO139: 144.1 | AP139: 150.8 | AQ139: 157.6
A140: Peso/Edad | B140: Niñas 0–60 meses | C140: wfa_girls_0-to-5-years_zscores.xlsx | D140: https://cdn.who.int/media/docs/default-source/child-growth/child-growth-standards/indicators/weight-for-age/wfa_girls_0-to-5-years_zscores.xlsx | E140: INCORPORADO | AE140: 135 | AF140: 133.2 | AG140: 139.9 | AH140: 146.6 | AI140: 153.3 | AJ140: 160 | AL140: 135 | AM140: 130.9 | AN140: 137.7 | AO140: 144.5 | AP140: 151.3 | AQ140: 158.2
A141: Peso/Edad | B141: Niños 0–60 meses | C141: wfa_boys_0-to-5-years_zscores.xlsx | D141: https://cdn.who.int/media/docs/default-source/child-growth/child-growth-standards/indicators/weight-for-age/wfa_boys_0-to-5-years_zscores.xlsx | E141: INCORPORADO | AE141: 136 | AF141: 133.7 | AG141: 140.4 | AH141: 147.1 | AI141: 153.8 | AJ141: 160.6 | AL141: 136 | AM141: 131.3 | AN141: 138.2 | AO141: 145 | AP141: 151.9 | AQ141: 158.7
A142: Peso/Longitud | B142: Niñas 0–2 años | C142: wfl_girls_0-to-2-years_zscores.xlsx | D142: https://cdn.who.int/media/docs/default-source/child-growth/child-growth-standards/indicators/weight-for-length-height/wfl_girls_0-to-2-years_zscores.xlsx | E142: INCORPORADO | AE142: 137 | AF142: 134.2 | AG142: 140.9 | AH142: 147.7 | AI142: 154.4 | AJ142: 161.1 | AL142: 137 | AM142: 131.7 | AN142: 138.6 | AO142: 145.5 | AP142: 152.4 | AQ142: 159.3
A143: Peso/Longitud | B143: Niños 0–2 años | C143: wfl_boys_0-to-2-years_zscores.xlsx | D143: https://cdn.who.int/media/docs/default-source/child-growth/child-growth-standards/indicators/weight-for-length-height/wfl_boys_0-to-2-years_zscores.xlsx | E143: INCORPORADO | AE143: 138 | AF143: 134.7 | AG143: 141.4 | AH143: 148.2 | AI143: 154.9 | AJ143: 161.7 | AL143: 138 | AM143: 132.2 | AN143: 139.1 | AO143: 146 | AP143: 152.9 | AQ143: 159.8
A144: Peso/Estatura | B144: Niñas 2–5 años | C144: wfh_girls_2-to-5-years_zscores.xlsx | D144: https://cdn.who.int/media/docs/default-source/child-growth/child-growth-standards/indicators/weight-for-length-height/wfh_girls_2-to-5-years_zscores.xlsx | E144: INCORPORADO | AE144: 139 | AF144: 135.2 | AG144: 141.9 | AH144: 148.7 | AI144: 155.5 | AJ144: 162.2 | AL144: 139 | AM144: 132.6 | AN144: 139.6 | AO144: 146.5 | AP144: 153.4 | AQ144: 160.4
A145: Peso/Estatura | B145: Niños 2–5 años | C145: wfh_boys_2-to-5-years_zscores.xlsx | D145: https://cdn.who.int/media/docs/default-source/child-growth/child-growth-standards/indicators/weight-for-length-height/wfh_boys_2-to-5-years_zscores.xlsx | E145: INCORPORADO | AE145: 140 | AF145: 135.7 | AG145: 142.4 | AH145: 149.2 | AI145: 156 | AJ145: 162.8 | AL145: 140 | AM145: 133.1 | AN145: 140 | AO145: 147 | AP145: 154 | AQ145: 160.9
AE146: 141 | AF146: 136.1 | AG146: 142.9 | AH146: 149.7 | AI146: 156.5 | AJ146: 163.3 | AL146: 141 | AM146: 133.5 | AN146: 140.5 | AO146: 147.5 | AP146: 154.5 | AQ146: 161.5
AE147: 142 | AF147: 136.6 | AG147: 143.4 | AH147: 150.2 | AI147: 157.1 | AJ147: 163.9 | AL147: 142 | AM147: 134 | AN147: 141 | AO147: 148 | AP147: 155 | AQ147: 162.1
AE148: 143 | AF148: 137.1 | AG148: 143.9 | AH148: 150.7 | AI148: 157.6 | AJ148: 164.4 | AL148: 143 | AM148: 134.4 | AN148: 141.5 | AO148: 148.5 | AP148: 155.6 | AQ148: 162.7
AE149: 144 | AF149: 137.6 | AG149: 144.4 | AH149: 151.2 | AI149: 158.1 | AJ149: 164.9 | AL149: 144 | AM149: 134.9 | AN149: 142 | AO149: 149.1 | AP149: 156.2 | AQ149: 163.3
AE150: 145 | AF150: 138 | AG150: 144.9 | AH150: 151.7 | AI150: 158.6 | AJ150: 165.4 | AL150: 145 | AM150: 135.4 | AN150: 142.5 | AO150: 149.6 | AP150: 156.7 | AQ150: 163.9
AE151: 146 | AF151: 138.5 | AG151: 145.3 | AH151: 152.2 | AI151: 159.1 | AJ151: 165.9 | AL151: 146 | AM151: 135.9 | AN151: 143 | AO151: 150.2 | AP151: 157.3 | AQ151: 164.5
AE152: 147 | AF152: 138.9 | AG152: 145.8 | AH152: 152.7 | AI152: 159.5 | AJ152: 166.4 | AL152: 147 | AM152: 136.4 | AN152: 143.6 | AO152: 150.7 | AP152: 157.9 | AQ152: 165.1
AE153: 148 | AF153: 139.3 | AG153: 146.2 | AH153: 153.1 | AI153: 160 | AJ153: 166.9 | AL153: 148 | AM153: 136.9 | AN153: 144.1 | AO153: 151.3 | AP153: 158.5 | AQ153: 165.7
AE154: 149 | AF154: 139.8 | AG154: 146.7 | AH154: 153.6 | AI154: 160.5 | AJ154: 167.4 | AL154: 149 | AM154: 137.4 | AN154: 144.6 | AO154: 151.9 | AP154: 159.1 | AQ154: 166.3
AE155: 150 | AF155: 140.2 | AG155: 147.1 | AH155: 154 | AI155: 160.9 | AJ155: 167.8 | AL155: 150 | AM155: 137.9 | AN155: 145.2 | AO155: 152.4 | AP155: 159.7 | AQ155: 167
AE156: 151 | AF156: 140.6 | AG156: 147.5 | AH156: 154.4 | AI156: 161.3 | AJ156: 168.3 | AL156: 151 | AM156: 138.5 | AN156: 145.7 | AO156: 153 | AP156: 160.3 | AQ156: 167.6
AE157: 152 | AF157: 141 | AG157: 147.9 | AH157: 154.8 | AI157: 161.8 | AJ157: 168.7 | AL157: 152 | AM157: 139 | AN157: 146.3 | AO157: 153.6 | AP157: 160.9 | AQ157: 168.3
... AE233: 228 | AF233: 150.1 | AG233: 156.6 | AH233: 163.2 | AI233: 169.7 | AJ233: 176.2 | AL233: 228 | AM233: 161.9 | AN233: 169.2 | AO233: 176.5 | AP233: 183.8 | AQ233: 191.1

Sheet REGLAS_OFICIALES
A1: NUTRIMETRÍA · REGLAS OFICIALES Y CONCORDANCIA
A2: Toda regla no respaldada o internamente ambigua se marca como PENDIENTE_FUENTE. No se utiliza la expresión “MINSAL vigente”.
A4: Criterio_ID | B4: Indicador | C4: Edad_desde | D4: Edad_hasta | E4: Sexo | F4: Regla_actual | G4: Regla_oficial | H4: Cambio | I4: Documento | J4: Página | K4: Estado
A5: DOM-001 | B5: Dominio OMS 2006 | C5: 0 meses | D5: 60 meses | E5: Ambos | F5: El motor diferenciaba curvas, pero P/E solo estaba cargado hasta 12 meses. | G5: OMS Child Growth Standards: herramientas y tablas para 0–60 meses. | H5: Se incorporó P/E oficial 0–60 meses y se dejó explícito el dominio. | I5: OMS Child Growth Standards (2006) | J5: Web de estándares; tablas oficiales | K5: IMPLEMENTADO
A6: DOM-002 | B6: Dominio OMS 2007 | C6: 61 meses | D6: 228 meses | E6: Ambos | F6: IMC/E y T/E disponibles para 61–228 meses sin separación documental visible. | G6: WHO Reference 2007 cubre 5–19 años o 61–228 meses y complementa OMS 2006. | H6: Se agregó dominio, fuente y alerta >228 meses. | I6: WHO Growth Reference 2007 | J6: Web oficial WHO | K6: IMPLEMENTADO
A7: SEX-001 | B7: Selección por sexo | C7: 0 meses | D7: 228 meses | E7: Masculino/Femenino | F7: Ramas por sexo presentes; sexo inválido devolvía vacío. | G7: Las curvas OMS son específicas por sexo. | H7: Se mantuvo la separación y se añadió alerta de sexo inválido. | I7: OMS 2006 / OMS 2007 | J7: Tablas oficiales | K7: SIN_CAMBIO_CON_ALERTA
A8: AGE-001 | B8: Aproximación de edad <5 años | C8: 0 meses | D8: 59 meses 29 días | E8: Ambos | F8: 1–15 días conserva mes; >15 días suma un mes. | G8: MINSAL: 1–15 días se aproxima al mes cumplido; 16–29 al mes siguiente. | H8: Se mantuvo y documentó; se aplica sobre edad corregida cuando corresponde. | I8: MINSAL, Patrones de crecimiento para evaluación nutricional (2018) | J8: p. 8 | K8: IMPLEMENTADO
A9: AGE-002 | B9: Transición OMS | C9: 60 meses | D9: 61 meses | E9: Ambos | F9: El motor utilizaba IMC/E desde 61 meses. | G9: OMS 2006 termina en 60 meses y OMS 2007 comienza en 61 meses. | H9: Se fijó 60 inclusivo para OMS 2006 y 61 para OMS 2007. | I9: OMS Child Growth Standards / WHO Growth Reference 2007 | J9: Web oficial WHO | K9: IMPLEMENTADO
A10: PE-001 | B10: Peso/Edad OMS | C10: 0 meses | D10: 60 meses | E10: Ambos | F10: Tabla LMS cargada solo de 0 a 12 meses. | G10: La tabla oficial OMS P/E cubre nacimiento a 5 años. | H10: Se sustituyó la dependencia por tablas Excel oficiales OMS 0–60 meses. | I10: OMS Child Growth Standards — Weight-for-age | J10: Tabla Excel oficial | K10: CORREGIDO
A11: PE-002 | B11: Clasificación OMS P/E | C11: 0 meses | D11: 60 meses | E11: Ambos | F11: El motor aplicaba categorías de exceso a P/E. | G11: OMS usa P/E para bajo peso y bajo peso severo; no para sobrepeso/obesidad. | H11: Se eliminó la clasificación de exceso de la columna OMS. | I11: WHO Child Growth Monitoring: A Technical Guide (2025) | J11: p. 33, tabla 3 | K11: CORREGIDO
A12: PT-001 | B12: Peso/Longitud | C12: 0 meses | D12: 23 meses | E12: Ambos | F12: P/L y P/Estatura estaban concatenados en una sola serie desde 45 a 120 cm. | G12: OMS dispone de tabla separada de peso/longitud para 45–110 cm y menores de 2 años. | H12: Se incorporó tabla oficial LMS P/L separada. | I12: OMS Child Growth Standards — Weight-for-length | J12: Tabla Excel oficial | K12: CORREGIDO
A13: PT-002 | B13: Peso/Estatura | C13: 24 meses | D13: 60 meses | E13: Ambos | F13: P/L y P/Estatura estaban concatenados en una sola serie. | G13: OMS dispone de tabla separada de peso/estatura para 65–120 cm y 2–5 años. | H13: Se incorporó tabla oficial LMS P/Estatura separada. | I13: OMS Child Growth Standards — Weight-for-height | J13: Tabla Excel oficial | K13: CORREGIDO
A14: PT-003 | B14: Técnica de talla | C14: 0 meses | D14: 60 meses | E14: Ambos | F14: No existía control explícito de longitud versus estatura. | G14: MINSAL diferencia longitud en menores de 2 años y estatura desde 2 años. | H14: Se añadió técnica esperada y alerta de discordancia. | I14: MINSAL, Patrones de crecimiento (2018) | J14: p. 7 | K14: IMPLEMENTADO
A15: LMS-001 | B15: Fórmula LMS | C15: 0 meses | D15: 228 meses | E15: Ambos | F15: z=((X/M)^L−1)/(L·S), sin rama L=0. | G15: Cuando L=0 corresponde z=ln(X/M)/S. | H15: Se añadió rama L=0 en IMC/E, P/E y P/L-P/Estatura. | I15: Método LMS; tablas OMS | J15: Fórmula metodológica | K15: CORREGIDO
... A36: TAB-PCE-001 | B36: Auditoría PCe/Edad OMS | C36: 0 meses | D36: 36 meses usados | E36: Ambos | F36: Serie original hasta 36 meses. | G36: Comparación completa con tablas oficiales OMS 0–60 meses. | H36: 0 discordancias en 37 filas por sexo; se añadió copia oficial 0–60 meses para trazabilidad. | I36: OMS Child Growth Standards 2006 | J36: Tablas simplificadas oficiales z-scores | K36: VERIFICADO

Sheet SITUACIONES_ESPECIALES
A1: NUTRIMETRÍA · SITUACIONES ESPECIALES OMS / MINSAL / UDD
A3: Situación | B3: Criterio documentado | C3: Datos requeridos | D3: Fórmula / regla | E3: Alcance | F3: Fuente exacta | G3: Implementación | H3: Estado
A4: RN muy bajo peso | B4: <1500 g o <32 semanas | C4: Fechas, EG exacta, peso al nacer | D4: Edad corregida diaria | E4: Hasta 24 meses | F4: MINSAL III-11/III-12 | G4: Automática | H4: IMPLEMENTADO
A5: Prematuro moderado | B5: 32–33+6 y ≥1500 g | C5: EG exacta y peso | D5: Edad corregida | E5: Hasta 12 meses | F5: MINSAL III-11 + III-12 | G5: Automática | H5: IMPLEMENTADO_CON_NOTA
A6: Prematuro tardío | B6: 34–36+6 y ≥1500 g | C6: EG exacta y peso | D6: Edad corregida | E6: Hasta 6 meses | F6: MINSAL III-12 | G6: Automática | H6: IMPLEMENTADO
A7: 1500 g exactos, 32–33+6 | B7: Prematuro moderado | C7: EG y peso | D7: Corrección 12 meses | E7: 12 meses | F7: MINSAL III-11/III-12 | G7: Automática | H7: RESUELTO
A8: Síndrome de Down | B8: Evaluación OMS/Zemel | C8: Percentiles manuales + antropometría | D8: III-21 a III-24 | E8: Nacimiento–19 años | F8: MINSAL + CDC/Zemel | G8: Módulo separado | H8: IMPLEMENTADO_CON_ENTRADA_MANUAL
A9: PCe con macrocefalia | B9: Edad equivalente por talla | C9: Talla, PCe, sexo | D9: Inversión/interpolación | E9: 0–60 meses | F9: MINSAL p.132 + OMS | G9: Módulo transparente | H9: IMPLEMENTADO_CON_LIMITACIÓN
A10: NANEAS y PCe | B10: Medir al menos hasta 5 años | C10: Flag NANEAS + PCe | D10: OMS PCe 0–60 | E10: 37–60 meses | F10: MINSAL + OMS | G10: Flag | H10: IMPLEMENTADO
A11: Edad >9 años | B11: NT218 no cubre supervisión general 10–19 | C11: Edad y antropometría | D11: WHO 2007 + MINSAL 2018 | E11: 10–19 años | F11: MINSAL/WHO | G11: Separación | H11: IMPLEMENTADO
A12: Parálisis cerebral | B12: Fuentes específicas verificadas | C12: GMFCS, sexo, edad, alimentación | D12: No automatizar gráficos sin tabla aprobada | E12: Pediatría | F12: Brooks/CanChild/Amezquita | G12: Fuentes + enrutamiento | H12: FUENTE_VERIFICADA_NO_AUTOMATIZADA
A13: Edad biológica | B13: Usar si diferencia >1 año en rangos | C13: Edad profesional y cronológica | D13: Alerta | E13: Mujeres 8–14; varones 10–15 | F13: MINSAL p.129 | G13: Entrada profesional | H13: IMPLEMENTADO_COMO_ALERTA
A14: Otra población | B14: Referencia específica requerida | C14: Condición, versión y dominio | D14: Bloqueo | E14: Según fuente | F14: No aplica | G14: Seguro | H14: FUENTE_ESPECÍFICA_REQUERIDA
A15: Manual UDD | B15: Fuente secundaria | C15: Elemento_ID, página, fuente original y estado | D15: No reemplaza OMS/MINSAL ni habilita una regla pendiente | E15: Según elemento | F15: Manual UDD 2018 + matrices aprobadas | G15: Trazabilidad | H15: IMPLEMENTADO

Sheet VALIDACION_TABLAS
A1: NUTRIMETRÍA · VALIDACIÓN NUMÉRICA DE TABLAS OMS
A2: Comparación celda a celda contra tablas oficiales OMS. Las correcciones se documentan sin alterar la separación entre referencia OMS y clasificación MINSAL.
A4: Validación_ID | B4: Serie | C4: Cobertura | D4: Filas verificadas | E4: Celdas comparadas | F4: Discordancias iniciales | G4: Acción | H4: Estado
A5: VAL-BMI-F | B5: IMC/Edad OMS 2007 · niñas | C5: 61–228 meses | D5: 168 | E5: 504 | F5: 1 | G5: Corregido S del mes 150: 0,13321 → 0,13295 | H5: CORREGIDO
A6: VAL-BMI-M | B6: IMC/Edad OMS 2007 · niños | C6: 61–228 meses | D6: 168 | E6: 504 | F6: 2 | G6: Corregido L meses 118–119: 0,0118/0,0119 → −1,7271/−1,7341 | H6: CORREGIDO
A7: VAL-TE-F | B7: Longitud/Estatura/Edad · niñas | C7: 0–228 meses | D7: 229 | E7: 1145 | F7: 11 | G7: Se sustituyó toda la serie por tablas oficiales; 5 discrepancias eran la transición longitud→estatura a 24 m y 6 eran valores aislados | H7: CORREGIDO
A8: VAL-TE-M | B8: Longitud/Estatura/Edad · niños | C8: 0–228 meses | D8: 229 | E8: 1145 | F8: 0 | G8: Coincidencia completa con la serie oficial combinada | H8: VERIFICADO
A9: VAL-PCE-F | B9: PCe/Edad · niñas | C9: 0–36 meses usados | D9: 37 | E9: 185 | F9: 0 | G9: Coincidencia completa; además se incorporó copia oficial 0–60 m en OMS_TABLAS_OFICIALES | H9: VERIFICADO
A10: VAL-PCE-M | B10: PCe/Edad · niños | C10: 0–36 meses usados | D10: 37 | E10: 185 | F10: 0 | G10: Coincidencia completa; además se incorporó copia oficial 0–60 m en OMS_TABLAS_OFICIALES | H10: VERIFICADO
A11: VAL-WFA-F | B11: Peso/Edad LMS · niñas | C11: 0–60 meses | D11: 61 | E11: 183 | F11: 0 | G11: Importado desde archivo Excel oficial OMS | H11: VERIFICADO
A12: VAL-WFA-M | B12: Peso/Edad LMS · niños | C12: 0–60 meses | D12: 61 | E12: 183 | F12: 0 | G12: Importado desde archivo Excel oficial OMS | H12: VERIFICADO
A13: VAL-WFL | B13: Peso/Longitud LMS | C13: 45–110 cm | D13: 262 | E13: 786 | F13: 0 | G13: Importado desde archivos Excel oficiales OMS por sexo | H13: VERIFICADO
A14: VAL-WFH | B14: Peso/Estatura LMS | C14: 65–120 cm | D14: 222 | E14: 666 | F14: 0 | G14: Importado desde archivos Excel oficiales OMS por sexo | H14: VERIFICADO
A17: DETALLE DE CORRECCIONES NUMÉRICAS
A18: Corrección_ID | B18: Hoja | C18: Celda / Serie | D18: Sexo | E18: Edad | F18: Valor anterior | G18: Valor oficial | H18: Fuente
A19: COR-001 | B19: Tablas_OMS | C19: D91 · S IMC/E | D19: Femenino | E19: 150 meses | F19: 0.13321 | G19: 0.13295 | H19: WHO BMI-for-age girls 5–19, z-scores
A20: COR-002 | B20: Tablas_OMS | C20: G59 · L IMC/E | D20: Masculino | E20: 118 meses | F20: 0.0118 | G20: -1.7271 | H20: WHO BMI-for-age boys 5–19, z-scores
A21: COR-003 | B21: Tablas_OMS | C21: G60 · L IMC/E | D21: Masculino | E21: 119 meses | F21: 0.0119 | G21: -1.7341 | H21: WHO BMI-for-age boys 5–19, z-scores
A22: COR-004 | B22: Tablas_OMS | C22: U:Z · transición T/E | D22: Femenino | E22: 24 meses | F22: Serie de longitud | G22: Serie de estatura | H22: WHO height-for-age girls 2–5, simplified z-score table
A23: COR-005 | B23: Tablas_OMS | C23: U:Z · valores aislados | D23: Femenino | E23: 65, 115, 124, 125, 127 y 132 meses | F23: 6 valores discordantes | G23: Sustituidos por valores oficiales | H23: WHO height-for-age girls 5–19, simplified z-score table
A26: FUENTES NUMÉRICAS OFICIALES
A27: Fuente_ID | B27: Organismo | C27: Serie | D27: Año | E27: Cobertura | F27: Formato | G27: Uso en el libro | H27: Estado
A28: WHO-NUM-01 | B28: OMS | C28: Weight-for-age LMS | D28: 2006 | E28: 0–60 meses | F28: XLSX oficial | G28: OMS_TABLAS_OFICIALES + motor P/E | H28: INCORPORADO
A29: WHO-NUM-02 | B29: OMS | C29: Weight-for-length LMS | D29: 2006 | E29: 45–110 cm | F29: XLSX oficial | G29: Motor <24 meses | H29: INCORPORADO
A30: WHO-NUM-03 | B30: OMS | C30: Weight-for-height LMS | D30: 2006 | E30: 65–120 cm | F30: XLSX oficial | G30: Motor 24–60 meses | H30: INCORPORADO
A31: WHO-NUM-04 | B31: OMS | C31: Length/height-for-age z lines | D31: 2006 | E31: 0–60 meses | F31: PDF oficial | G31: Tablas_OMS + copia de auditoría | H31: INCORPORADO
A32: WHO-NUM-05 | B32: OMS | C32: Height-for-age z lines | D32: 2007 | E32: 61–228 meses | F32: PDF oficial | G32: Tablas_OMS + copia de auditoría | H32: INCORPORADO
A33: WHO-NUM-06 | B33: OMS | C33: Head circumference-for-age z lines | D33: 2006 | E33: 0–60 meses | F33: PDF oficial | G33: Verificación 0–36 + copia 0–60 | H33: INCORPORADO
A34: WHO-NUM-07 | B34: OMS | C34: BMI-for-age LMS | D34: 2007 | E34: 61–228 meses | F34: PDF oficial | G34: Auditoría y corrección de 3 celdas | H34: INCORPORADO

Sheet MOD_CICLO_PEDIATRICO
A1: NUTRIMETRÍA · MÓDULO CICLO PEDIÁTRICO GENERAL
A2: OMS/MINSAL son las fuentes primarias. El Manual UDD 2018 solo organiza contenidos por curso de vida y aporta protocolos secundarios.
A4: Resultado_ID | B4: Resultado / valor | C4: Estándar | D4: Versión | E4: Población | F4: Rango etario | G4: Sexo | H4: Fuente | I4: Limitación | J4: Estado
A5: GEN-001 | B5: =Cálculos!C52 -> OMS 2007 · 61–228 meses | C5: OMS Child Growth Standards / WHO Growth Reference | D5: =IF(Cálculos!C6<=60,"2006",IF(Cálculos!C6<=228,"2007","FUERA_DE_DOMINIO")) -> 2007 | E5: GENERAL | F5: 0–228 meses | G5: =Ingreso!C3 -> Masculino | H5: OMS 2006/2007; MINSAL 2018 | I5: No atribuir 10–19 años a la NT N.º218. | J5: =IF(Ingreso!C16="GENERAL","APLICA",IF(Ingreso!C16="PREMATURIDAD","APLICA_CON_EDAD_CORREGIDA","NO_APLICA")) -> APLICA
A6: GEN-002 | B6: Recién nacido — contenido documental | C6: Manual UDD (secundario) | D6: 2018 | E6: Recién nacidos | F6: Nacimiento | G6: Ambos | H6: Manual UDD, POP-02/CAP-07, pp.48–50 | I6: La matriz no autoriza sustituir curvas o clasificaciones oficiales con la síntesis del manual. | J6: DOCUMENTADO
A7: GEN-003 | B7: Lactantes y preescolares | C7: OMS Child Growth Standards | D7: 2006 | E7: Niños 0–5 | F7: 0–60 meses | G7: Por sexo | H7: OMS 2006; MINSAL 2018; UDD POP-04 como mapa | I7: UDD no reemplaza LMS, tablas ni cortes oficiales. | J7: =IF(AND(OR(Ingreso!C16="GENERAL",Ingreso!C16="PREMATURIDAD"),Cálculos!C6>=0,Cálculos!C6<=60),"APLICA","NO_APLICA") -> NO_APLICA
A8: GEN-004 | B8: Escolares y adolescentes | C8: WHO Growth Reference | D8: 2007 | E8: 5–19 años | F8: 61–228 meses | G8: Por sexo | H8: WHO 2007; MINSAL 2018; UDD POP-05 como mapa | I8: El manual agrupa escolares/adolescentes; el dominio clínico lo define la referencia oficial. | J8: =IF(AND(OR(Ingreso!C16="GENERAL",Ingreso!C16="PREMATURIDAD"),Cálculos!C6>=61,Cálculos!C6<=228),"APLICA","NO_APLICA") -> APLICA
A9: GEN-005 | B9: =Interpretación!E9 -> Normal | C9: Clasificación clínica MINSAL | D9: Patrones 2018 | E9: GENERAL/PREMATURIDAD | F9: Según indicador primario | G9: =Ingreso!C3 -> Masculino | H9: MINSAL 2018, p.9 | I9: Resultado de tamizaje; revisar trayectoria y antecedentes. | J9: =IF(OR(Ingreso!C16="GENERAL",Ingreso!C16="PREMATURIDAD"),IF(Interpretación!E9="","PENDIENTE_DATO","APLICA"),"NO_APLICA") -> APLICA
A10: GEN-006 | B10: Protocolos de peso y longitud/talla | C10: Manual UDD (secundario) | D10: 2018 | E10: Lactantes, preescolares y adolescentes | F10: Según medida | G10: Ambos | H10: UDD PRO-01, PRO-02 y PRO-03, pp.22–23 | I10: Cotejo primario pendiente; se presenta como ayuda documental, no como protocolo oficial OMS/MINSAL. | J10: DOCUMENTADO_CON_LIMITACIÓN

Sheet MOD_PREMATURIDAD
A1: NUTRIMETRÍA · MÓDULO PREMATURIDAD
A2: El límite exacto de 1500 g se resuelve con la definición de la tabla III-11 (≥1500 g = moderado en 32–33+6), manteniendo 12 meses de corrección de la tabla III-12.
A4: Resultado_ID | B4: Resultado / valor | C4: Estándar | D4: Versión | E4: Población | F4: Rango etario | G4: Sexo | H4: Fuente | I4: Limitación | J4: Estado
A5: PREM-001 | B5: =Cálculos!C44 -> NO_APLICA | C5: MINSAL NT N.º218 | D5: 2.ª edición 2021 · Res. Ex. N.º55 | E5: PREMATURIDAD | F5: Nacimiento–24/12/6 meses corregidos | G5: Ambos | H5: MINSAL NT N.º218, p.146 | I5: Tabla III-11 define ≥1500 g; tabla III-12 imprime >1500 g. Se prioriza la definición clasificatoria explícita. | J5: IMPLEMENTADO_CON_NOTA_DE_CONCORDANCIA
A6: PREM-002 | B6: =Cálculos!C51 -> EDAD_CRONOLÓGICA | C6: Edad corregida MINSAL | D6: 2021 | E6: PREMATURIDAD | F6: Según categoría | G6: Ambos | H6: MINSAL NT N.º218, tabla III-12 | I6: Cálculo diario con EG exacta y fecha equivalente a 40 semanas. | J6: IMPLEMENTADO
A7: PREM-003 | B7: Corrección por peso de nacimiento UDD | C7: Manual UDD (secundario) | D7: 2018 | E7: Prematuros | F7: 0–36 meses | G7: Ambos | H7: UDD TAB-11 / PRO-19, p.51 | I7: Conflicta con motor oficial actualizado. | J7: NO_IMPLEMENTAR
A8: PREM-004 | B8: Notación de edad corregida del manual | C8: Manual UDD / fuente citada | D8: 2018 | E8: Prematuros | F8: 0–36 meses | G8: Ambos | H8: UDD EQ-07, p.52 | I8: Notación ambigua; no transcribir. | J8: NO_IMPLEMENTAR
A9: PREM-005 | B9: Clasificación nutricional del RN pretérmino | C9: Fuente primaria citada por UDD | D9: Milad et al. 2010 | E9: Recién nacido pretérmino | F9: Neonatal | G9: Ambos | H9: UDD CUA-02, p.50 | I9: Fuente primaria cotejada; curvas intrauterinas fuera de este módulo. | J9: FUENTE_VERIFICADA_NO_AUTOMATIZADA
A10: PREM-006 | B10: Índice ponderal neonatal | C10: Fuente histórica citada por UDD | D10: Delgado et al. 1996 | E10: Recién nacidos | F10: Neonatal | G10: Ambos | H10: UDD EQ-06, p.51 | I10: Fuente histórica identificada; punto de corte no automatizado. | J10: FUENTE_VERIFICADA_NO_AUTOMATIZADA

Sheet MOD_PERIMETRO_CEFALICO
A1: NUTRIMETRÍA · MÓDULO PERÍMETRO CEFÁLICO
A2: PCe/E usa tablas OMS 0–60 meses. MINSAL aplica límites exactos −2/+2; ante macrocefalia se ofrece corrección por talla transparente.
A4: Resultado_ID | B4: Resultado / valor | C4: Estándar | D4: Versión | E4: Población | F4: Rango etario | G4: Sexo | H4: Fuente | I4: Limitación | J4: Estado
A5: PCE-001 | B5: =Interpretación!C6 | C5: OMS Child Growth Standards | D5: 2006 | E5: GENERAL/PREMATURIDAD | F5: 0–36 rutinario; 37–60 NANEAS | G5: Por sexo | H5: OMS 2006; MINSAL II-35 | I5: Z interpolado; extensión 37–60 requiere flag NANEAS. | J5: IMPLEMENTADO
A6: PCE-002 | B6: =Interpretación!E6 | C6: Clasificación MINSAL | D6: NT N.º218/2021 | E6: GENERAL/PREMATURIDAD | F6: 0–60 según aplicabilidad | G6: Por sexo | H6: MINSAL II-35 p.132 | I6: Normal >−2 y <+2; sin huecos. | J6: IMPLEMENTADO
A7: PCE-003 | B7: Medición occipitofrontal máxima | C7: Manual UDD secundario | D7: 2018 | E7: Lactantes/NANEAS | F7: 0–5 años | G7: Ambos | H7: UDD PRO-13 + OMS/MINSAL | I7: Protocolo secundario. | J7: DOCUMENTADO_CON_LIMITACIÓN
A8: PCE-004 | B8: =PCE_CORRECCION_TALLA!B22 | C8: Corrección por talla | D8: MINSAL 2021 | E8: Macrocefalia | F8: 0–60 meses | G8: Ambos | H8: MINSAL p.132 | I8: Inversión/interpolación operacional; revisión clínica. | J8: IMPLEMENTADO_CON_LIMITACIÓN

Sheet MOD_SINDROME_DOWN
A1: NUTRIMETRÍA · MÓDULO SÍNDROME DE DOWN
A2: Módulo integrado según MINSAL: percentiles Zemel manuales para P/E, T/E y PCe/E; OMS 2006/2007 para P/T e IMC/E.
A4: Resultado_ID | B4: Resultado / valor | C4: Estándar | D4: Versión | E4: Población | F4: Rango etario | G4: Sexo | H4: Fuente | I4: Limitación | J4: Estado
A5: DOWN-001 | B5: =IF(Ingreso!C16="SINDROME_DOWN","MOTOR_DOWN_INTEGRADO","NO_APLICA") -> NO_APLICA | C5: MINSAL NT N.º218 | D5: 2021 · Res. Ex. N.º55 | E5: SINDROME_DOWN | F5: Nacimiento–19 años | G5: Por sexo | H5: III-21 a III-24, pp.161–162 | I5: Evaluación integrada OMS/Zemel. | J5: IMPLEMENTADO
A6: DOWN-002 | B6: Percentiles específicos manuales | C6: Zemel et al. | D6: 2015 | E6: Síndrome de Down | F6: 0–36 y 2–20 según gráfica | G6: Por sexo | H6: CDC/Zemel 2015 | I6: Profesional lee e ingresa percentil; no se redistribuyen gráficas. | J6: IMPLEMENTADO_CON_ENTRADA_MANUAL
A7: DOWN-003 | B7: Evaluación UDD | C7: Manual UDD secundario | D7: 2018 | E7: Síndrome de Down | F7: Pediatría | G7: Ambos | H7: UDD PRO-24/POP-09 | I7: MINSAL define integración final. | J7: DOCUMENTADO
A8: DOWN-004 | B8: =IF(Ingreso!C16="SINDROME_DOWN",DOWN_INTEGRADO!B16,"NO_APLICA") -> NO_APLICA | C8: Clasificación integrada | D8: 2021 | E8: SINDROME_DOWN | F8: 0–228 meses | G8: Por sexo | H8: MINSAL III-21 | I8: No usar edad biológica en 5–19 años. | J8: IMPLEMENTADO

Sheet MOD_PARALISIS_CEREBRAL
A1: NUTRIMETRÍA · MÓDULO PARÁLISIS CEREBRAL
A2: Fuentes primarias verificadas. GMFCS E&R se registra como nivel informado; las curvas Brooks y ecuaciones segmentarias no se digitalizan en NMX-14.
A4: Resultado_ID | B4: Resultado / valor | C4: Estándar | D4: Versión | E4: Población | F4: Rango etario | G4: Sexo | H4: Fuente | I4: Limitación | J4: Estado
A5: PC-001 | B5: =IF(Ingreso!C16="PARALISIS_CEREBRAL","CURVAS_GENERALES_BLOQUEADAS","NO_APLICA") -> NO_APLICA | C5: Brooks et al. | D5: 2011 | E5: Parálisis cerebral | F5: 2–20 años aprox. | G5: Por sexo y GMFCS | H5: Pediatrics 128:e299; DOI 10.1542/peds.2010-2801 | I5: Curvas gráficas específicas; nivel V separado por alimentación por sonda. | J5: FUENTE_PRIMARIA_VERIFICADA_NO_AUTOMATIZADA
A6: PC-002 | B6: =Ingreso!C18 -> NO_REGISTRADO | C6: GMFCS E&R | D6: Expandido y revisado | E6: Parálisis cerebral | F6: <2 a 18 años | G6: Ambos | H6: CanChild GMFCS E&R | I6: Nivel ingresado; instrumento completo no incorporado. Licencia requerida para EHR/comercial. | J6: FUENTE_OFICIAL_VERIFICADA
A7: PC-003 | B7: Medidas segmentarias | C7: Amezquita y Hodgson | D7: 2014 | E7: Parálisis cerebral | F7: 3–15 años, muestra chilena | G7: Ambos | H7: Rev Chil Pediatr 85(1):22–30; DOI 10.4067/S0370-41062014000100003 | I7: Valida talla estimada; ecuaciones permanecen en NMX-28. | J7: FUENTE_PRIMARIA_VERIFICADA
A8: PC-004 | B8: Curvas específicas / composición corporal | C8: Curvas específicas | D8: Brooks 2011 | E8: Parálisis cerebral | F8: Según gráfica | G8: Por sexo/GMFCS | H8: Sitio de autores + artículo primario | I8: Sin tabla numérica aprobada para cálculo automático en NMX-14. | J8: MOTOR_GRÁFICO_NO_AUTOMATIZADO
A10: Fuente Brooks | B10: https://pubmed.ncbi.nlm.nih.gov/21768315/
A11: Gráficas de autores | B11: https://www.lifeexpectancy.org/articles/growthcharts.shtml
A12: GMFCS E&R | B12: https://canchild.ca/resources/42-gmfcs-e-r/
A13: Validación chilena talla | B13: https://www.scielo.cl/scielo.php?pid=S0370-41062014000100003&script=sci_arttext

Sheet MOD_EDAD_BIOLOGICA
A1: NUTRIMETRÍA · MÓDULO EDAD BIOLÓGICA
A2: MINSAL NT N.º218/2021 recomienda considerar edad biológica en mujeres 8–14 y varones 10–15; usarla si difiere más de un año. La determinación debe ser profesional.
A4: Resultado_ID | B4: Resultado / valor | C4: Estándar | D4: Versión | E4: Población | F4: Rango etario | G4: Sexo | H4: Fuente | I4: Limitación | J4: Estado
A5: BIO-001 | B5: =Ingreso!C17 -> NO_EVALUADO | C5: MINSAL NT N.º218 | D5: 2021 · Res. Ex. N.º55 | E5: Escolares/adolescentes | F5: Mujeres 8–14; varones 10–15 | G5: Por sexo | H5: MINSAL capítulo 2 p.129 | I5: Estadio informado por profesional; sin imágenes en Excel. | J5: FUENTE_OFICIAL_VERIFICADA
A6: BIO-002 | B6: Edad biológica automática | C6: Edad biológica profesional | D6: Entrada clínica | E6: Escolares/adolescentes | F6: Rangos oficiales | G6: Por sexo | H6: MINSAL p.129 | I6: No se deriva automáticamente desde Tanner. | J6: IMPLEMENTADO_COMO_ENTRADA
A7: BIO-003 | B7: Sets fotográficos Tanner | C7: Sets fotográficos Tanner | D7: No incorporados | E7: Pediatría puberal | F7: Escolares/adolescentes | G7: Por sexo | H7: Marshall y Tanner; Tanner 1962 | I7: No reproducir imágenes; privacidad y derechos. | J7: NO_IMPLEMENTAR_IMÁGENES
A8: BIO-004 | B8: Uso del dato | C8: Regla de uso | D8: >1 año de diferencia | E8: Escolares/adolescentes | F8: Rangos oficiales | G8: Por sexo | H8: MINSAL p.129 | I8: Alerta profesional; no modifica el motor automáticamente. | J8: IMPLEMENTADO_COMO_ALERTA
A10: BIO-005 | B10: =IF(Ingreso!C23="","",Ingreso!C23) | C10: Edad biológica profesional | D10: Años | E10: Escolares/adolescentes | F10: Mujeres 8–14; varones 10–15 | G10: Por sexo | H10: MINSAL p.129 | I10: Entrada profesional | J10: PENDIENTE_DATO
A11: BIO-006 | B11: =IF(OR(Ingreso!C23="",Cálculos!C5=""),"",ABS(Ingreso!C23-(Cálculos!C5/12))) | C11: Diferencia biológica-cronológica | D11: Años | E11: Escolares/adolescentes | F11: Rangos oficiales | G11: Por sexo | H11: MINSAL p.129 | I11: Usar edad biológica si diferencia >1 año | J11: PENDIENTE_DATO
A12: BIO-007 | B12: =IF(Ingreso!C16="SINDROME_DOWN","NO_CORREGIR_EDAD_BIOLÓGICA_EN_DOWN",IF(OR(Ingreso!C23="",Cálculos!C5=""),"PENDIENTE_DATO",IF(AND(Ingreso!C3="Femenino",Cálculos!C5/12>=8,Cálculos!C5/12<=14),IF(B11>1,"CONSIDERAR_EDAD_BIOLÓGICA","USAR_EDAD_CRONOLÓGICA"),IF(AND(Ingreso!C3="Masculino",Cálculos!C5/12>=10,Cálculos!C5/12<=15),IF(B11>1,"CONSIDERAR_EDAD_BIOLÓGICA","USAR_EDAD_CRONOLÓGICA"),"FUERA_RANGO_RECOMENDADO")))) -> PENDIENTE_DATO | C12: Recomendación de edad | D12: Regla MINSAL | E12: Escolares/adolescentes | F12: Rangos oficiales | G12: Por sexo | H12: MINSAL p.129 | I12: No modifica automáticamente el motor | J12: PENDIENTE_DATO
A13: BIO-008 | B13: Sin corrección en síndrome de Down | C13: MINSAL NT N.º218 | D13: 2021 | E13: Síndrome de Down | F13: 5 años 1 mes–19 años | G13: Ambos | H13: Tabla III-21, nota ** | I13: No aplicar corrección biológica en SD | J13: IMPLEMENTADO

Sheet UDD_TRAZABILIDAD
A1: NUTRIMETRÍA · TRAZABILIDAD DE INTEGRACIÓN PEDIÁTRICA UDD
A2: Solo se integran elementos aprobados como documentación, enrutamiento o bloqueo. El Manual UDD 2018 permanece como fuente secundaria.
A4: Elemento_ID | B4: Contenido | C4: Módulo NMX-14 | D4: Acción aprobada | E4: Decisión en v3.0 | F4: Fuente UDD | G4: Página PDF | H4: Población | I4: Rango | J4: Sexo | K4: Fuente original citada | L4: Estado fuente | M4: Limitación | N4: Estado integración
A5: CAP-06 | B5: Recién nacido, lactantes y preescolares | C5: MOD_CICLO_PEDIATRICO | D5: DOCUMENTAR | E5: Estructura por curso de vida | F5: Manual UDD 2018 | G5: 47 | H5: Pediatría | I5: Según etapa | J5: Ambos | K5: Manual UDD | L5: VERIFICADO_EN_PDF | M5: No es autoridad clínica | N5: DOCUMENTADO
A6: CAP-07 / POP-02 | B6: Recién nacido | C6: MOD_CICLO_PEDIATRICO | D6: DOCUMENTAR | E6: Módulo documental | F6: Manual UDD 2018 | G6: 49 | H6: Recién nacidos | I6: Nacimiento | J6: Ambos | K6: Manual UDD y fuentes específicas | L6: MAPEADA | M6: Sin algoritmo operacional nuevo | N6: DOCUMENTADO
A7: POP-04 | B7: Niños 0–5 | C7: MOD_CICLO_PEDIATRICO | D7: DOCUMENTAR | E7: Enrutamiento al dominio OMS 2006 | F7: Manual UDD 2018 | G7: 55 | H7: Niños 0–5 | I7: 0–60 meses | J7: Ambos | K7: OMS/MINSAL mantienen prioridad | L7: MAPEADA | M7: UDD solo como mapa | N7: IMPLEMENTADO
A8: POP-05 | B8: Escolares/adolescentes | C8: MOD_CICLO_PEDIATRICO | D8: DOCUMENTAR | E8: Enrutamiento al dominio OMS 2007 | F8: Manual UDD 2018 | G8: 63 | H8: 5–19 años | I8: 61–228 meses | J8: Ambos | K8: OMS/MINSAL mantienen prioridad | L8: MAPEADA | M8: UDD solo como mapa | N8: IMPLEMENTADO
A9: PRO-01 | B9: Peso corporal <2 años | C9: MOD_CICLO_PEDIATRICO | D9: DOCUMENTAR | E9: Nota protocolaria secundaria | F9: Manual UDD 2018 | G9: 23 | H9: RN/lactantes | I9: 0–<2 años | J9: Ambos | K9: MINSAL/OMS para medición pediátrica | L9: FUENTE_OFICIAL_SUSTITUTIVA_VERIFICADA | M9: El protocolo UDD permanece como nota secundaria. | N9: DOCUMENTADO_COMO_SECUNDARIO
A10: PRO-02 | B10: Peso adolescente | C10: MOD_CICLO_PEDIATRICO | D10: DOCUMENTAR | E10: Nota protocolaria secundaria | F10: Manual UDD 2018 | G10: 24 | H10: Adolescentes | I10: Adolescencia | J10: Ambos | K10: MINSAL 2018 / WHO 2007 | L10: FUENTE_OFICIAL_SUSTITUTIVA_VERIFICADA | M10: El protocolo UDD no gobierna el motor. | N10: DOCUMENTADO_COMO_SECUNDARIO
A11: PRO-03 | B11: Longitud recumbente | C11: MOD_CICLO_PEDIATRICO | D11: DOCUMENTAR | E11: Nota protocolaria secundaria | F11: Manual UDD 2018 | G11: 24 | H11: Lactantes | I11: <2 años | J11: Ambos | K11: MINSAL 2013/2018 / OMS | L11: FUENTE_OFICIAL_SUSTITUTIVA_VERIFICADA | M11: Longitud <2 años y estatura desde 2 años ya están implementadas. | N11: IMPLEMENTADO_CON_FUENTE_OFICIAL
A12: PRO-13 | B12: Perímetro cefálico | C12: MOD_PERIMETRO_CEFALICO | D12: DOCUMENTAR | E12: Nota de medición | F12: Manual UDD 2018 | G12: 33 | H12: Lactantes | I12: 0–3 años aprox. | J12: Ambos | K12: MINSAL NT N.º218 / OMS 2006 | L12: FUENTE_OFICIAL_SUSTITUTIVA_VERIFICADA | M12: PCe oficial 0–60 y técnica secundaria documentada. | N12: IMPLEMENTADO_CON_LIMITACIÓN
A13: TAB-11 / PRO-19 | B13: Corrección por peso al nacer | C13: MOD_PREMATURIDAD | D13: NO IMPLEMENTAR | E13: Bloqueado | F13: Manual UDD 2018 | G13: 52 | H13: Prematuros | I13: 0–36 meses | J13: Ambos | K13: Manual UDD/elaboración propia | L13: CONFLICTO_RESUELTO_CON_NT218 | M13: Regla por peso no se usa. | N13: NO_IMPLEMENTAR
A14: EQ-07 | B14: Edad corregida del prematuro | C14: MOD_PREMATURIDAD | D14: NO IMPLEMENTAR | E14: No transcribir | F14: Manual UDD 2018 | G14: 53 | H14: Prematuros | I14: 0–36 meses | J14: Ambos | K14: MINSAL 2018 citado | L14: CONFLICTO_RESUELTO_CON_NT218 | M14: Notación ambigua sustituida por cálculo diario oficial. | N14: NO_IMPLEMENTAR
A15: CUA-02 | B15: Clasificación RN pretérmino | C15: MOD_PREMATURIDAD | D15: COTEJAR Y VERSIONAR | E15: Módulo bloqueado | F15: Manual UDD 2018 | G15: 51 | H15: Prematuros | I15: Neonatal | J15: Ambos | K15: Milad et al. 2010 citado por UDD | L15: FUENTE_PRIMARIA_IDENTIFICADA_FUERA_DE_ALCANCE | M15: Clasificación neonatal específica no se incorpora al motor postalta. | N15: FUENTE_IDENTIFICADA_NO_AUTOMATIZADA
A16: EQ-06 | B16: Índice ponderal neonatal | C16: MOD_PREMATURIDAD | D16: COTEJAR Y VERSIONAR | E16: Módulo bloqueado | F16: Manual UDD 2018 | G16: 52 | H16: Recién nacidos | I16: Neonatal | J16: Ambos | K16: Delgado et al. 1996 citado por UDD | L16: FUENTE_HISTÓRICA_IDENTIFICADA_FUERA_DE_ALCANCE | M16: Índice ponderal neonatal no se automatiza en NMX-14. | N16: FUENTE_IDENTIFICADA_NO_AUTOMATIZADA
... A20: FIG-13 / FIG-14 / INS-04 | B20: Sets fotográficos Tanner | C20: MOD_EDAD_BIOLOGICA | D20: REFERENCIAR/NO COPIAR | E20: No reproducidos | F20: Manual UDD 2018 | G20: 68 | H20: Pediatría puberal | I20: Escolares/adolescentes | J20: Por sexo | K20: Marshall/Tanner citados; material protegido | L20: DERECHOS_Y_GOBERNANZA_RESUELTOS | M20: No reproducir sets fotográficos. | N20: NO_IMPLEMENTAR_IMÁGENES

Sheet OMS_PCE_0_60
A1: OMS CHILD GROWTH STANDARDS · PERÍMETRO CEFÁLICO/EDAD 0–60 MESES
A2: Importación directa de tablas oficiales OMS por sexo. Valores L, M, S y líneas Z sin modificación.
A4: Month | B4: L | C4: M | D4: S | E4: SD | F4: SD3neg | G4: SD2neg | H4: SD1neg | I4: SD0 | J4: SD1 | K4: SD2 | L4: SD3 | N4: Month | O4: L | P4: M | Q4: S | R4: SD | S4: SD3neg | T4: SD2neg | U4: SD1neg | V4: SD0 | W4: SD1 | X4: SD2 | Y4: SD3
A5: 0 | B5: 1 | C5: 33.8787 | D5: 0.03496 | E5: 1.1844 | F5: 30.3 | G5: 31.5 | H5: 32.7 | I5: 33.9 | J5: 35.1 | K5: 36.2 | L5: 37.4 | N5: 0 | O5: 1 | P5: 34.4618 | Q5: 0.03686 | R5: 1.2703 | S5: 30.7 | T5: 31.9 | U5: 33.2 | V5: 34.5 | W5: 35.7 | X5: 37 | Y5: 38.3
A6: 1 | B6: 1 | C6: 36.5463 | D6: 0.0321 | E6: 1.1731 | F6: 33 | G6: 34.2 | H6: 35.4 | I6: 36.5 | J6: 37.7 | K6: 38.9 | L6: 40.1 | N6: 1 | O6: 1 | P6: 37.2759 | Q6: 0.03133 | R6: 1.1679 | S6: 33.8 | T6: 34.9 | U6: 36.1 | V6: 37.3 | W6: 38.4 | X6: 39.6 | Y6: 40.8
A7: 2 | B7: 1 | C7: 38.2521 | D7: 0.03168 | E7: 1.2118 | F7: 34.6 | G7: 35.8 | H7: 37 | I7: 38.3 | J7: 39.5 | K7: 40.7 | L7: 41.9 | N7: 2 | O7: 1 | P7: 39.1285 | Q7: 0.02997 | R7: 1.1727 | S7: 35.6 | T7: 36.8 | U7: 38 | V7: 39.1 | W7: 40.3 | X7: 41.5 | Y7: 42.6
A8: 3 | B8: 1 | C8: 39.5328 | D8: 0.0314 | E8: 1.2413 | F8: 35.8 | G8: 37.1 | H8: 38.3 | I8: 39.5 | J8: 40.8 | K8: 42 | L8: 43.3 | N8: 3 | O8: 1 | P8: 40.5135 | Q8: 0.02918 | R8: 1.1822 | S8: 37 | T8: 38.1 | U8: 39.3 | V8: 40.5 | W8: 41.7 | X8: 42.9 | Y8: 44.1
A9: 4 | B9: 1 | C9: 40.5817 | D9: 0.03119 | E9: 1.2657 | F9: 36.8 | G9: 38.1 | H9: 39.3 | I9: 40.6 | J9: 41.8 | K9: 43.1 | L9: 44.4 | N9: 4 | O9: 1 | P9: 41.6317 | Q9: 0.02868 | R9: 1.194 | S9: 38 | T9: 39.2 | U9: 40.4 | V9: 41.6 | W9: 42.8 | X9: 44 | Y9: 45.2
A10: 5 | B10: 1 | C10: 41.459 | D10: 0.03102 | E10: 1.2861 | F10: 37.6 | G10: 38.9 | H10: 40.2 | I10: 41.5 | J10: 42.7 | K10: 44 | L10: 45.3 | N10: 5 | O10: 1 | P10: 42.5576 | Q10: 0.02837 | R10: 1.2074 | S10: 38.9 | T10: 40.1 | U10: 41.4 | V10: 42.6 | W10: 43.8 | X10: 45 | Y10: 46.2
A11: 6 | B11: 1 | C11: 42.1995 | D11: 0.03087 | E11: 1.3027 | F11: 38.3 | G11: 39.6 | H11: 40.9 | I11: 42.2 | J11: 43.5 | K11: 44.8 | L11: 46.1 | N11: 6 | O11: 1 | P11: 43.3306 | Q11: 0.02817 | R11: 1.2206 | S11: 39.7 | T11: 40.9 | U11: 42.1 | V11: 43.3 | W11: 44.6 | X11: 45.8 | Y11: 47
A12: 7 | B12: 1 | C12: 42.829 | D12: 0.03075 | E12: 1.317 | F12: 38.9 | G12: 40.2 | H12: 41.5 | I12: 42.8 | J12: 44.1 | K12: 45.5 | L12: 46.8 | N12: 7 | O12: 1 | P12: 43.9803 | Q12: 0.02804 | R12: 1.2332 | S12: 40.3 | T12: 41.5 | U12: 42.7 | V12: 44 | W12: 45.2 | X12: 46.4 | Y12: 47.7
A13: 8 | B13: 1 | C13: 43.3671 | D13: 0.03063 | E13: 1.3283 | F13: 39.4 | G13: 40.7 | H13: 42 | I13: 43.4 | J13: 44.7 | K13: 46 | L13: 47.4 | N13: 8 | O13: 1 | P13: 44.53 | Q13: 0.02796 | R13: 1.2451 | S13: 40.8 | T13: 42 | U13: 43.3 | V13: 44.5 | W13: 45.8 | X13: 47 | Y13: 48.3
A14: 9 | B14: 1 | C14: 43.83 | D14: 0.03053 | E14: 1.3381 | F14: 39.8 | G14: 41.2 | H14: 42.5 | I14: 43.8 | J14: 45.2 | K14: 46.5 | L14: 47.8 | N14: 9 | O14: 1 | P14: 44.9998 | Q14: 0.02792 | R14: 1.2564 | S14: 41.2 | T14: 42.5 | U14: 43.7 | V14: 45 | W14: 46.3 | X14: 47.5 | Y14: 48.8
A15: 10 | B15: 1 | C15: 44.2319 | D15: 0.03044 | E15: 1.3464 | F15: 40.2 | G15: 41.5 | H15: 42.9 | I15: 44.2 | J15: 45.6 | K15: 46.9 | L15: 48.3 | N15: 10 | O15: 1 | P15: 45.4051 | Q15: 0.0279 | R15: 1.2668 | S15: 41.6 | T15: 42.9 | U15: 44.1 | V15: 45.4 | W15: 46.7 | X15: 47.9 | Y15: 49.2
A16: 11 | B16: 1 | C16: 44.5844 | D16: 0.03035 | E16: 1.3531 | F16: 40.5 | G16: 41.9 | H16: 43.2 | I16: 44.6 | J16: 45.9 | K16: 47.3 | L16: 48.6 | N16: 11 | O16: 1 | P16: 45.7573 | Q16: 0.02789 | R16: 1.2762 | S16: 41.9 | T16: 43.2 | U16: 44.5 | V16: 45.8 | W16: 47 | X16: 48.3 | Y16: 49.6
... A65: 60 | B65: 1 | C65: 49.9229 | D65: 0.0285 | E65: 1.4228 | F65: 45.7 | G65: 47.1 | H65: 48.5 | I65: 49.9 | J65: 51.3 | K65: 52.8 | L65: 54.2 | N65: 60 | O65: 1 | P65: 50.7375 | Q65: 0.02946 | R65: 1.4947 | S65: 46.3 | T65: 47.7 | U65: 49.2 | V65: 50.7 | W65: 52.2 | X65: 53.7 | Y65: 55.2
A67: Fuente niñas | B67: https://cdn.who.int/media/docs/default-source/child-growth/child-growth-standards/indicators/head-circumference-for-age/hcfa-girls-0-5-zscores.xlsx
A68: Fuente niños | B68: https://cdn.who.int/media/docs/default-source/child-growth/child-growth-standards/indicators/head-circumference-for-age/hcfa-boys-0-5-zscores.xlsx
A69: Página oficial | B69: https://www.who.int/tools/child-growth-standards/standards/head-circumference-for-age
A70: Fecha de verificación | B70: 2026-08-06

Sheet PCE_CORRECCION_TALLA
A1: NUTRIMETRÍA · CORRECCIÓN DEL PCe POR TALLA
A2: Ante macrocefalia, MINSAL indica evaluar PCe con la edad en que la talla actual corresponde a la mediana. Se usa inversión e interpolación lineal mensual, claramente identificada como método operacional.
A4: Dato | B4: Valor
A5: Sexo | B5: =Ingreso!C3 -> Masculino
A6: Edad efectiva (meses) | B6: =Cálculos!C6 -> 192
A7: Talla actual (cm) | B7: =IF(Ingreso!C9="","",Ingreso!C9) -> 168
A8: PCe actual (cm) | B8: =IF(Ingreso!C10="","",Ingreso!C10)
A9: Clasificación PCe inicial | B9: =IF(Interpretación!E6="","",Interpretación!E6)
A10: T/E Z interpolado | B10: =Cálculos!C22 -> -0.62820513
A11: Corrección requerida | B11: =IF(AND(OR(Ingreso!C16="GENERAL",Ingreso!C16="PREMATURIDAD"),B9="Macrocefalia",B6>=0,B6<=60,B7<>"",B8<>""),"SÍ","NO") -> NO
A12: Edad equivalente por talla (meses) | B12: =IF(B11<>"SÍ","",IF(OR(B7<MIN(B24:B84),B7>MAX(B24:B84)),"",IF(B7=MAX(B24:B84),60,INDEX(A24:A84,MATCH(B7,B24:B84,1))+(B7-INDEX(B24:B84,MATCH(B7,B24:B84,1)))/(INDEX(B24:B84,MATCH(B7,B24:B84,1)+1)-INDEX(B24:B84,MATCH(B7,B24:B84,1))))))
A13: Estado de inversión | B13: =IF(B11<>"SÍ","NO_REQUERIDA",IF(B12="","FUERA_DOMINIO_TALLA_OMS_0_60","EDAD_EQUIVALENTE_CALCULADA")) -> NO_REQUERIDA
A14: PCe −2 a edad equivalente | B14: =IF($B$12="","",IF($B$12=60,INDEX(C$24:C$84,61),INDEX(C$24:C$84,INT($B$12)+1)+($B$12-INT($B$12))*(INDEX(C$24:C$84,INT($B$12)+2)-INDEX(C$24:C$84,INT($B$12)+1))))
A15: PCe −1 a edad equivalente | B15: =IF($B$12="","",IF($B$12=60,INDEX(D$24:D$84,61),INDEX(D$24:D$84,INT($B$12)+1)+($B$12-INT($B$12))*(INDEX(D$24:D$84,INT($B$12)+2)-INDEX(D$24:D$84,INT($B$12)+1))))
A16: PCe mediana a edad equivalente | B16: =IF($B$12="","",IF($B$12=60,INDEX(E$24:E$84,61),INDEX(E$24:E$84,INT($B$12)+1)+($B$12-INT($B$12))*(INDEX(E$24:E$84,INT($B$12)+2)-INDEX(E$24:E$84,INT($B$12)+1))))
A17: PCe +1 a edad equivalente | B17: =IF($B$12="","",IF($B$12=60,INDEX(F$24:F$84,61),INDEX(F$24:F$84,INT($B$12)+1)+($B$12-INT($B$12))*(INDEX(F$24:F$84,INT($B$12)+2)-INDEX(F$24:F$84,INT($B$12)+1))))
A18: PCe +2 a edad equivalente | B18: =IF($B$12="","",IF($B$12=60,INDEX(G$24:G$84,61),INDEX(G$24:G$84,INT($B$12)+1)+($B$12-INT($B$12))*(INDEX(G$24:G$84,INT($B$12)+2)-INDEX(G$24:G$84,INT($B$12)+1))))
A20: Resultado corregido | B20: Valor
A21: Puntaje Z PCe corregido | B21: =IF(OR(B14="",B15="",B16="",B17="",B18="",B8=""),"",IF(B8<B15,-1+(B8-B15)/(B15-B14),IF(B8<B16,(B8-B16)/(B16-B15),IF(B8<B17,(B8-B16)/(B17-B16),1+(B8-B17)/(B18-B17)))))
A22: Clasificación corregida | B22: =IF(B21="","",IF(B21<=-2,"Microcefalia",IF(B21>=2,"Macrocefalia","Normal")))
A23: Mes | B23: Talla mediana | C23: PCe −2 | D23: PCe −1 | E23: PCe 0 | F23: PCe +1 | G23: PCe +2
A24: 0 | B24: =IF($B$5="Femenino",Tablas_OMS!X2,IF($B$5="Masculino",Tablas_OMS!AE2,"")) -> 49.9 | C24: =IF($B$5="Femenino",OMS_PCE_0_60!G5,IF($B$5="Masculino",OMS_PCE_0_60!T5,"")) -> 31.9 | D24: =IF($B$5="Femenino",OMS_PCE_0_60!H5,IF($B$5="Masculino",OMS_PCE_0_60!U5,"")) -> 33.2 | E24: =IF($B$5="Femenino",OMS_PCE_0_60!I5,IF($B$5="Masculino",OMS_PCE_0_60!V5,"")) -> 34.5 | F24: =IF($B$5="Femenino",OMS_PCE_0_60!J5,IF($B$5="Masculino",OMS_PCE_0_60!W5,"")) -> 35.7 | G24: =IF($B$5="Femenino",OMS_PCE_0_60!K5,IF($B$5="Masculino",OMS_PCE_0_60!X5,"")) -> 37
A25: 1 | B25: =IF($B$5="Femenino",Tablas_OMS!X3,IF($B$5="Masculino",Tablas_OMS!AE3,"")) -> 54.7 | C25: =IF($B$5="Femenino",OMS_PCE_0_60!G6,IF($B$5="Masculino",OMS_PCE_0_60!T6,"")) -> 34.9 | D25: =IF($B$5="Femenino",OMS_PCE_0_60!H6,IF($B$5="Masculino",OMS_PCE_0_60!U6,"")) -> 36.1 | E25: =IF($B$5="Femenino",OMS_PCE_0_60!I6,IF($B$5="Masculino",OMS_PCE_0_60!V6,"")) -> 37.3 | F25: =IF($B$5="Femenino",OMS_PCE_0_60!J6,IF($B$5="Masculino",OMS_PCE_0_60!W6,"")) -> 38.4 | G25: =IF($B$5="Femenino",OMS_PCE_0_60!K6,IF($B$5="Masculino",OMS_PCE_0_60!X6,"")) -> 39.6
A26: 2 | B26: =IF($B$5="Femenino",Tablas_OMS!X4,IF($B$5="Masculino",Tablas_OMS!AE4,"")) -> 58.4 | C26: =IF($B$5="Femenino",OMS_PCE_0_60!G7,IF($B$5="Masculino",OMS_PCE_0_60!T7,"")) -> 36.8 | D26: =IF($B$5="Femenino",OMS_PCE_0_60!H7,IF($B$5="Masculino",OMS_PCE_0_60!U7,"")) -> 38 | E26: =IF($B$5="Femenino",OMS_PCE_0_60!I7,IF($B$5="Masculino",OMS_PCE_0_60!V7,"")) -> 39.1 | F26: =IF($B$5="Femenino",OMS_PCE_0_60!J7,IF($B$5="Masculino",OMS_PCE_0_60!W7,"")) -> 40.3 | G26: =IF($B$5="Femenino",OMS_PCE_0_60!K7,IF($B$5="Masculino",OMS_PCE_0_60!X7,"")) -> 41.5
A27: 3 | B27: =IF($B$5="Femenino",Tablas_OMS!X5,IF($B$5="Masculino",Tablas_OMS!AE5,"")) -> 61.4 | C27: =IF($B$5="Femenino",OMS_PCE_0_60!G8,IF($B$5="Masculino",OMS_PCE_0_60!T8,"")) -> 38.1 | D27: =IF($B$5="Femenino",OMS_PCE_0_60!H8,IF($B$5="Masculino",OMS_PCE_0_60!U8,"")) -> 39.3 | E27: =IF($B$5="Femenino",OMS_PCE_0_60!I8,IF($B$5="Masculino",OMS_PCE_0_60!V8,"")) -> 40.5 | F27: =IF($B$5="Femenino",OMS_PCE_0_60!J8,IF($B$5="Masculino",OMS_PCE_0_60!W8,"")) -> 41.7 | G27: =IF($B$5="Femenino",OMS_PCE_0_60!K8,IF($B$5="Masculino",OMS_PCE_0_60!X8,"")) -> 42.9
A28: 4 | B28: =IF($B$5="Femenino",Tablas_OMS!X6,IF($B$5="Masculino",Tablas_OMS!AE6,"")) -> 63.9 | C28: =IF($B$5="Femenino",OMS_PCE_0_60!G9,IF($B$5="Masculino",OMS_PCE_0_60!T9,"")) -> 39.2 | D28: =IF($B$5="Femenino",OMS_PCE_0_60!H9,IF($B$5="Masculino",OMS_PCE_0_60!U9,"")) -> 40.4 | E28: =IF($B$5="Femenino",OMS_PCE_0_60!I9,IF($B$5="Masculino",OMS_PCE_0_60!V9,"")) -> 41.6 | F28: =IF($B$5="Femenino",OMS_PCE_0_60!J9,IF($B$5="Masculino",OMS_PCE_0_60!W9,"")) -> 42.8 | G28: =IF($B$5="Femenino",OMS_PCE_0_60!K9,IF($B$5="Masculino",OMS_PCE_0_60!X9,"")) -> 44
A29: 5 | B29: =IF($B$5="Femenino",Tablas_OMS!X7,IF($B$5="Masculino",Tablas_OMS!AE7,"")) -> 65.9 | C29: =IF($B$5="Femenino",OMS_PCE_0_60!G10,IF($B$5="Masculino",OMS_PCE_0_60!T10,"")) -> 40.1 | D29: =IF($B$5="Femenino",OMS_PCE_0_60!H10,IF($B$5="Masculino",OMS_PCE_0_60!U10,"")) -> 41.4 | E29: =IF($B$5="Femenino",OMS_PCE_0_60!I10,IF($B$5="Masculino",OMS_PCE_0_60!V10,"")) -> 42.6 | F29: =IF($B$5="Femenino",OMS_PCE_0_60!J10,IF($B$5="Masculino",OMS_PCE_0_60!W10,"")) -> 43.8 | G29: =IF($B$5="Femenino",OMS_PCE_0_60!K10,IF($B$5="Masculino",OMS_PCE_0_60!X10,"")) -> 45
A30: 6 | B30: =IF($B$5="Femenino",Tablas_OMS!X8,IF($B$5="Masculino",Tablas_OMS!AE8,"")) -> 67.6 | C30: =IF($B$5="Femenino",OMS_PCE_0_60!G11,IF($B$5="Masculino",OMS_PCE_0_60!T11,"")) -> 40.9 | D30: =IF($B$5="Femenino",OMS_PCE_0_60!H11,IF($B$5="Masculino",OMS_PCE_0_60!U11,"")) -> 42.1 | E30: =IF($B$5="Femenino",OMS_PCE_0_60!I11,IF($B$5="Masculino",OMS_PCE_0_60!V11,"")) -> 43.3 | F30: =IF($B$5="Femenino",OMS_PCE_0_60!J11,IF($B$5="Masculino",OMS_PCE_0_60!W11,"")) -> 44.6 | G30: =IF($B$5="Femenino",OMS_PCE_0_60!K11,IF($B$5="Masculino",OMS_PCE_0_60!X11,"")) -> 45.8
A31: 7 | B31: =IF($B$5="Femenino",Tablas_OMS!X9,IF($B$5="Masculino",Tablas_OMS!AE9,"")) -> 69.2 | C31: =IF($B$5="Femenino",OMS_PCE_0_60!G12,IF($B$5="Masculino",OMS_PCE_0_60!T12,"")) -> 41.5 | D31: =IF($B$5="Femenino",OMS_PCE_0_60!H12,IF($B$5="Masculino",OMS_PCE_0_60!U12,"")) -> 42.7 | E31: =IF($B$5="Femenino",OMS_PCE_0_60!I12,IF($B$5="Masculino",OMS_PCE_0_60!V12,"")) -> 44 | F31: =IF($B$5="Femenino",OMS_PCE_0_60!J12,IF($B$5="Masculino",OMS_PCE_0_60!W12,"")) -> 45.2 | G31: =IF($B$5="Femenino",OMS_PCE_0_60!K12,IF($B$5="Masculino",OMS_PCE_0_60!X12,"")) -> 46.4
A32: 8 | B32: =IF($B$5="Femenino",Tablas_OMS!X10,IF($B$5="Masculino",Tablas_OMS!AE10,"")) -> 70.6 | C32: =IF($B$5="Femenino",OMS_PCE_0_60!G13,IF($B$5="Masculino",OMS_PCE_0_60!T13,"")) -> 42 | D32: =IF($B$5="Femenino",OMS_PCE_0_60!H13,IF($B$5="Masculino",OMS_PCE_0_60!U13,"")) -> 43.3 | E32: =IF($B$5="Femenino",OMS_PCE_0_60!I13,IF($B$5="Masculino",OMS_PCE_0_60!V13,"")) -> 44.5 | F32: =IF($B$5="Femenino",OMS_PCE_0_60!J13,IF($B$5="Masculino",OMS_PCE_0_60!W13,"")) -> 45.8 | G32: =IF($B$5="Femenino",OMS_PCE_0_60!K13,IF($B$5="Masculino",OMS_PCE_0_60!X13,"")) -> 47
A33: 9 | B33: =IF($B$5="Femenino",Tablas_OMS!X11,IF($B$5="Masculino",Tablas_OMS!AE11,"")) -> 72 | C33: =IF($B$5="Femenino",OMS_PCE_0_60!G14,IF($B$5="Masculino",OMS_PCE_0_60!T14,"")) -> 42.5 | D33: =IF($B$5="Femenino",OMS_PCE_0_60!H14,IF($B$5="Masculino",OMS_PCE_0_60!U14,"")) -> 43.7 | E33: =IF($B$5="Femenino",OMS_PCE_0_60!I14,IF($B$5="Masculino",OMS_PCE_0_60!V14,"")) -> 45 | F33: =IF($B$5="Femenino",OMS_PCE_0_60!J14,IF($B$5="Masculino",OMS_PCE_0_60!W14,"")) -> 46.3 | G33: =IF($B$5="Femenino",OMS_PCE_0_60!K14,IF($B$5="Masculino",OMS_PCE_0_60!X14,"")) -> 47.5
A34: 10 | B34: =IF($B$5="Femenino",Tablas_OMS!X12,IF($B$5="Masculino",Tablas_OMS!AE12,"")) -> 73.3 | C34: =IF($B$5="Femenino",OMS_PCE_0_60!G15,IF($B$5="Masculino",OMS_PCE_0_60!T15,"")) -> 42.9 | D34: =IF($B$5="Femenino",OMS_PCE_0_60!H15,IF($B$5="Masculino",OMS_PCE_0_60!U15,"")) -> 44.1 | E34: =IF($B$5="Femenino",OMS_PCE_0_60!I15,IF($B$5="Masculino",OMS_PCE_0_60!V15,"")) -> 45.4 | F34: =IF($B$5="Femenino",OMS_PCE_0_60!J15,IF($B$5="Masculino",OMS_PCE_0_60!W15,"")) -> 46.7 | G34: =IF($B$5="Femenino",OMS_PCE_0_60!K15,IF($B$5="Masculino",OMS_PCE_0_60!X15,"")) -> 47.9
A35: 11 | B35: =IF($B$5="Femenino",Tablas_OMS!X13,IF($B$5="Masculino",Tablas_OMS!AE13,"")) -> 74.5 | C35: =IF($B$5="Femenino",OMS_PCE_0_60!G16,IF($B$5="Masculino",OMS_PCE_0_60!T16,"")) -> 43.2 | D35: =IF($B$5="Femenino",OMS_PCE_0_60!H16,IF($B$5="Masculino",OMS_PCE_0_60!U16,"")) -> 44.5 | E35: =IF($B$5="Femenino",OMS_PCE_0_60!I16,IF($B$5="Masculino",OMS_PCE_0_60!V16,"")) -> 45.8 | F35: =IF($B$5="Femenino",OMS_PCE_0_60!J16,IF($B$5="Masculino",OMS_PCE_0_60!W16,"")) -> 47 | G35: =IF($B$5="Femenino",OMS_PCE_0_60!K16,IF($B$5="Masculino",OMS_PCE_0_60!X16,"")) -> 48.3
... A84: 60 | B84: =IF($B$5="Femenino",Tablas_OMS!X62,IF($B$5="Masculino",Tablas_OMS!AE62,"")) -> 110 | C84: =IF($B$5="Femenino",OMS_PCE_0_60!G65,IF($B$5="Masculino",OMS_PCE_0_60!T65,"")) -> 47.7 | D84: =IF($B$5="Femenino",OMS_PCE_0_60!H65,IF($B$5="Masculino",OMS_PCE_0_60!U65,"")) -> 49.2 | E84: =IF($B$5="Femenino",OMS_PCE_0_60!I65,IF($B$5="Masculino",OMS_PCE_0_60!V65,"")) -> 50.7 | F84: =IF($B$5="Femenino",OMS_PCE_0_60!J65,IF($B$5="Masculino",OMS_PCE_0_60!W65,"")) -> 52.2 | G84: =IF($B$5="Femenino",OMS_PCE_0_60!K65,IF($B$5="Masculino",OMS_PCE_0_60!X65,"")) -> 53.7
A87: Trazabilidad
A88: Estándar | B88: OMS Child Growth Standards 2006 + MINSAL NT N.º218/2021
A89: Regla oficial | B89: Ante macrocefalia, evaluar PCe usando la edad en que la talla actual corresponde a la mediana.
A90: Método operativo | B90: Inversión de la mediana mensual T/E e interpolación lineal.
A91: Limitación | B91: La interpolación es una implementación metodológica; sospecha de micro/macrocefalia requiere evaluación médica.

Sheet DOWN_INTEGRADO
A1: NUTRIMETRÍA · EVALUACIÓN INTEGRADA EN SÍNDROME DE DOWN
A2: MINSAL NT N.º218 integra Zemel 2015 para P/E, T/E y PCe/E con OMS 2006/2007 para P/T e IMC/E. Los percentiles Zemel se ingresan manualmente desde las gráficas oficiales CDC.
A4: Dato / resultado | B4: Valor | C4: Fuente | D4: Estado | F4: Parámetro auxiliar | G4: Valor | H4: Dominio
A5: Selector | B5: =Ingreso!C16 -> GENERAL | C5: Ingreso NMX-14 | F5: P/T M | G5: =IF(OR(B5<>"SINDROME_DOWN",B7<0,B7>60,G14=""),"",IF(B7<24,IF(B6="Femenino",IFERROR(INDEX(OMS_TABLAS_OFICIALES!$M$5:$M$135,MATCH(G14,OMS_TABLAS_OFICIALES!$K$5:$K$135,0)),""),IF(B6="Masculino",IFERROR(INDEX(OMS_TABLAS_OFICIALES!$R$5:$R$135,MATCH(G14,OMS_TABLAS_OFICIALES!$P$5:$P$135,0)),""),"")),IF(B6="Femenino",IFERROR(INDEX(OMS_TABLAS_OFICIALES!$W$5:$W$115,MATCH(G14,OMS_TABLAS_OFICIALES!$U$5:$U$115,0)),""),IF(B6="Masculino",IFERROR(INDEX(OMS_TABLAS_OFICIALES!$AB$5:$AB$115,MATCH(G14,OMS_TABLAS_OFICIALES!$Z$5:$Z$115,0)),""),"")))) | H5: 0–60 meses
A6: Sexo | B6: =Ingreso!C3 -> Masculino | C6: Ingreso NMX-14 | F6: P/T L | G6: =IF(OR(B5<>"SINDROME_DOWN",B7<0,B7>60,G14=""),"",IF(B7<24,IF(B6="Femenino",IFERROR(INDEX(OMS_TABLAS_OFICIALES!$L$5:$L$135,MATCH(G14,OMS_TABLAS_OFICIALES!$K$5:$K$135,0)),""),IF(B6="Masculino",IFERROR(INDEX(OMS_TABLAS_OFICIALES!$Q$5:$Q$135,MATCH(G14,OMS_TABLAS_OFICIALES!$P$5:$P$135,0)),""),"")),IF(B6="Femenino",IFERROR(INDEX(OMS_TABLAS_OFICIALES!$V$5:$V$115,MATCH(G14,OMS_TABLAS_OFICIALES!$U$5:$U$115,0)),""),IF(B6="Masculino",IFERROR(INDEX(OMS_TABLAS_OFICIALES!$AA$5:$AA$115,MATCH(G14,OMS_TABLAS_OFICIALES!$Z$5:$Z$115,0)),""),"")))) | H6: 0–60 meses
A7: Edad efectiva (meses) | B7: =Cálculos!C6 -> 192 | C7: Edad cronológica/corregida | F7: P/T S | G7: =IF(OR(B5<>"SINDROME_DOWN",B7<0,B7>60,G14=""),"",IF(B7<24,IF(B6="Femenino",IFERROR(INDEX(OMS_TABLAS_OFICIALES!$N$5:$N$135,MATCH(G14,OMS_TABLAS_OFICIALES!$K$5:$K$135,0)),""),IF(B6="Masculino",IFERROR(INDEX(OMS_TABLAS_OFICIALES!$S$5:$S$135,MATCH(G14,OMS_TABLAS_OFICIALES!$P$5:$P$135,0)),""),"")),IF(B6="Femenino",IFERROR(INDEX(OMS_TABLAS_OFICIALES!$X$5:$X$115,MATCH(G14,OMS_TABLAS_OFICIALES!$U$5:$U$115,0)),""),IF(B6="Masculino",IFERROR(INDEX(OMS_TABLAS_OFICIALES!$AC$5:$AC$115,MATCH(G14,OMS_TABLAS_OFICIALES!$Z$5:$Z$115,0)),""),"")))) | H7: 0–60 meses
A8: Peso (kg) | B8: =Ingreso!C8 -> 62 | C8: Ingreso NMX-14 | F8: P/T Z | G8: =IF(OR(B8="",G5="",G6="",G7=""),"",IF(G6=0,LN(B8/G5)/G7,(((B8/G5)^G6)-1)/(G7*G6))) | H8: 0–60 meses
A9: Talla (cm) | B9: =Ingreso!C9 -> 168 | C9: Ingreso NMX-14 | F9: IMC/E M | G9: =IF(OR(B5<>"SINDROME_DOWN",B7<61,B7>228),"",IF(B6="Femenino",IFERROR(INDEX(Tablas_OMS!$C$2:$C$169,MATCH(B7,Tablas_OMS!$A$2:$A$169,0)),""),IF(B6="Masculino",IFERROR(INDEX(Tablas_OMS!$H$2:$H$169,MATCH(B7,Tablas_OMS!$F$2:$F$169,0)),""),""))) | H9: 61–228 meses
A10: IMC | B10: =IF(OR(B8="",B9="",B8<=0,B9<=0),"",B8/((B9/100)^2)) -> 21.96712 | C10: Cálculo directo | F10: IMC/E L | G10: =IF(OR(B5<>"SINDROME_DOWN",B7<61,B7>228),"",IF(B6="Femenino",IFERROR(INDEX(Tablas_OMS!$B$2:$B$169,MATCH(B7,Tablas_OMS!$A$2:$A$169,0)),""),IF(B6="Masculino",IFERROR(INDEX(Tablas_OMS!$G$2:$G$169,MATCH(B7,Tablas_OMS!$F$2:$F$169,0)),""),""))) | H10: 61–228 meses
A11: Percentil P/E Zemel | B11: =IF(Ingreso!C20="","",Ingreso!C20) | C11: CDC/Zemel 2015; entrada manual | F11: IMC/E S | G11: =IF(OR(B5<>"SINDROME_DOWN",B7<61,B7>228),"",IF(B6="Femenino",IFERROR(INDEX(Tablas_OMS!$D$2:$D$169,MATCH(B7,Tablas_OMS!$A$2:$A$169,0)),""),IF(B6="Masculino",IFERROR(INDEX(Tablas_OMS!$I$2:$I$169,MATCH(B7,Tablas_OMS!$F$2:$F$169,0)),""),""))) | H11: 61–228 meses
A12: Percentil T/E Zemel | B12: =IF(Ingreso!C21="","",Ingreso!C21) | C12: CDC/Zemel 2015; entrada manual | F12: IMC | G12: =B10 -> 21.96712 | H12: 61–228 meses
A13: Percentil PCe/E Zemel | B13: =IF(Ingreso!C22="","",Ingreso!C22) | C13: CDC/Zemel 2015; entrada manual | F13: IMC/E Z | G13: =IF(OR(G12="",G9="",G10="",G11=""),"",IF(G10=0,LN(G12/G9)/G11,(((G12/G9)^G10)-1)/(G11*G10))) | H13: 61–228 meses
A14: P/T OMS 2006, puntaje Z | B14: =G8 | C14: OMS 2006 | F14: Talla normalizada 0,5 cm | G14: =IF(OR(B9="",B9<=0),"",ROUND(B9*2,0)/2) -> 168 | H14: 0–60 meses
A15: IMC/E OMS 2007, puntaje Z | B15: =G13 | C15: OMS 2007 | F15: Clasificación <1 año | G15: =IF(B14>=2,"Obesidad",IF(B14>=1,"Sobrepeso",IF(B11="","PENDIENTE_PERCENTIL_P_E_ZEMEL",IF(OR(B11<=0,B11>100),"PERCENTIL_INVÁLIDO",IF(B11<10,"Desnutrición",IF(B11<25,"Riesgo de desnutrir",IF(B11<90,"Normal o eutrófico","P_E_≥P90 · REVISAR_P_T_Y_TRAYECTORIA"))))))) -> Obesidad | H15: MINSAL III-21
A16: Calificación nutricional integrada | B16: =IF(B5<>"SINDROME_DOWN","NO_APLICA",IF(OR(B7="",B7<0,B7>228),"FUERA_DE_DOMINIO",IF(B7<12,G15,IF(B7<=60,G16,G17)))) -> NO_APLICA | C16: MINSAL NT N.º218, tabla III-21 | F16: Clasificación 1–5 años | G16: =IF(B14="","PENDIENTE_DATO_OMS_P_T",IF(B14<=-2,"Desnutrición",IF(B14<=-1,"Riesgo de desnutrir",IF(B14<1,"Normal o eutrófico",IF(B14<2,"Sobrepeso","Obesidad"))))) -> PENDIENTE_DATO_OMS_P_T | H16: MINSAL III-21
A17: Calificación de peso | B17: =IF(B5<>"SINDROME_DOWN","NO_APLICA",IF(B11="","PENDIENTE_PERCENTIL",IF(OR(B11<=0,B11>100),"PERCENTIL_INVÁLIDO",IF(B11<5,"Peso por debajo de lo normal",IF(B11<95,"Normal","Peso por sobre lo normal"))))) -> NO_APLICA | C17: MINSAL NT N.º218, tabla III-22 | F17: Clasificación 5–19 años | G17: =IF(B15="","PENDIENTE_DATO_OMS_IMC_E",IF(B15<=-2,"Desnutrición",IF(B15<=-1,"Riesgo de desnutrir",IF(B15<1,"Normal o eutrófico",IF(B15<2,"Sobrepeso",IF(B15<3,"Obesidad","Obesidad severa")))))) -> PENDIENTE_DATO_OMS_IMC_E | H17: MINSAL III-21
A18: Calificación estatural | B18: =IF(B5<>"SINDROME_DOWN","NO_APLICA",IF(B12="","PENDIENTE_PERCENTIL",IF(OR(B12<=0,B12>100),"PERCENTIL_INVÁLIDO",IF(B12<5,"Talla baja",IF(B12<95,"Normal","Talla alta"))))) -> NO_APLICA | C18: MINSAL NT N.º218, tabla III-23 | F18: Control interno | G18: =IF(AND(B7<12,B14<1,B11=""),"FALTA_P_E_ZEMEL",IF(AND(B7<=60,B14=""),"FALTA_P_T_OMS",IF(AND(B7>=61,B15=""),"FALTA_IMC_E_OMS","OK"))) -> FALTA_IMC_E_OMS | H18: No mostrar como diagnóstico
A19: Calificación PCe | B19: =IF(B5<>"SINDROME_DOWN","NO_APLICA",IF(B7>60,"FUERA_DE_DOMINIO_PCE_DOWN",IF(B13="","PENDIENTE_PERCENTIL",IF(OR(B13<=0,B13>100),"PERCENTIL_INVÁLIDO",IF(B13<5,"Microcefalia",IF(B13<95,"Normal","Macrocefalia")))))) -> NO_APLICA | C19: MINSAL NT N.º218, tabla III-24
A20: Aplicabilidad | B20: =IF(B5<>"SINDROME_DOWN","NO_APLICA",IF(AND(B6<>"Femenino",B6<>"Masculino"),"SEXO_INVÁLIDO",IF(AND(B7>=0,B7<=228),"APLICA","FUERA_DE_DOMINIO"))) -> NO_APLICA | C20: MINSAL/OMS/Zemel
A21: Alerta | B21: =IF(B5<>"SINDROME_DOWN","NO_APLICA",IF(B20<>"APLICA",B20,G18)) -> NO_APLICA | C21: Motor seguro
A22: Criterio
A23: Regla oficial | C23: Fuente | D23: Estado
A24: <1 año | B24: P/E Zemel determina; si P/T OMS ≥+1, prima P/T para exceso. | C24: MINSAL III-21 | D24: IMPLEMENTADO
A25: 1 año–5 años 29 días | B25: P/T OMS 2006. | C25: MINSAL III-21 | D25: IMPLEMENTADO
A26: 5 años 1 mes–19 años | B26: IMC/E OMS 2007; no corregir edad biológica. | C26: MINSAL III-21 | D26: IMPLEMENTADO
A27: Peso | B27: <p5 bajo; p5–<p95 normal; ≥p95 sobre lo normal. | C27: MINSAL III-22 | D27: IMPLEMENTADO
A28: Talla | B28: <p5 baja; p5–<p95 normal; ≥p95 alta. | C28: MINSAL III-23 | D28: IMPLEMENTADO
A29: PCe | B29: <p5 micro; p5–<p95 normal; ≥p95 macro; medir al menos hasta 5 años. | C29: MINSAL III-24 | D29: IMPLEMENTADO
A31: Fuente oficial MINSAL | B31: https://www.minsal.cl/wp-content/uploads/2021/12/Capi%CC%81tulo-3-Web.pdf
A32: Gráficas CDC/Zemel | B32: https://www.cdc.gov/birth-defects/hcp/down-syndrome-growth-charts/index.html
A33: Artículo primario | B33: https://doi.org/10.1542/peds.2015-1652
A34: Limitación | B34: Los percentiles se leen manualmente; el libro no digitaliza ni redistribuye las gráficas.

Sheet FUENTES_RESUELTAS
A1: NUTRIMETRÍA · RESOLUCIÓN DE FUENTES PENDIENTES
A2: Cada decisión distingue fuente verificada, implementación clínica, limitación de licencia y estado del motor.
A4: ID | B4: Tema | C4: Estado previo | D4: Fuente resuelta | E4: Documento / versión | F4: Página / tabla | G4: Implementación | H4: Limitación | I4: Estado actual | J4: Fecha
A5: SRC-001 | B5: 1500 g exactos 32–33+6 | C5: PENDIENTE_FUENTE | D5: MINSAL | E5: NT218 2021 Res.Ex.55 | F5: III-11/III-12 | G5: Moderado, 12 meses | H5: Discordancia documentada | I5: RESUELTO_CON_NOTA | J5: 2026-08-06
A6: SRC-002 | B6: Límites PCe | C6: PENDIENTE_FUENTE | D6: MINSAL | E6: NT218 2021 | F6: II-35 p.132 | G6: ≤−2 / normal / ≥+2 | H6: Z interpolado | I6: RESUELTO | J6: 2026-08-06
A7: SRC-003 | B7: Corrección PCe talla | C7: PENDIENTE_FUENTE | D7: MINSAL + OMS | E7: NT218 + OMS 2006 | F7: p.132 + tablas | G7: Edad equivalente | H7: Interpolación operacional | I7: IMPLEMENTADO_CON_LIMITACIÓN | J7: 2026-08-06
A8: SRC-004 | B8: PCe NANEAS 3–5 | C8: PENDIENTE_FUENTE | D8: OMS + MINSAL | E8: WHO 2006 | F8: PCe 0–60 | G8: Tabla importada + flag | H8: Aplicabilidad clínica | I8: RESUELTO | J8: 2026-08-06
A9: SRC-005 | B9: Síndrome de Down | C9: REFERENCIA_NO_IMPLEMENTADA | D9: MINSAL + Zemel/CDC | E9: NT218 + Zemel 2015 | F9: III-21 a III-24 | G9: Percentil manual + OMS | H9: No redistribuir gráficas | I9: IMPLEMENTADO_ENTRADA_MANUAL | J9: 2026-08-06
A10: SRC-006 | B10: Parálisis cerebral | C10: COTEJO_PENDIENTE | D10: Brooks/CanChild/Amezquita | E10: 2011/GMFCS/2014 | F10: DOI y sitios | G10: Fuentes verificadas | H10: Sin motor tabular en NMX14 | I10: FUENTE_VERIFICADA_NO_AUTOMATIZADA | J10: 2026-08-06
A11: SRC-007 | B11: Edad biológica | C11: REFERENCIA_NO_IMPLEMENTADA | D11: MINSAL | E11: NT218 2021 | F11: p.129 | G11: Entrada + alerta | H11: Sin imágenes/Tanner automático | I11: IMPLEMENTADO_COMO_ALERTA | J11: 2026-08-06

Sheet RESUMEN
A1: INFORME DE VALIDACIÓN INDEPENDIENTE — MOTOR PEDIÁTRICO NMX-14
A2: Auditoría OMS/MINSAL · esperados desde tablas oficiales · motor recalculado con hoja independiente (LibreOffice/UNO)
A4: Archivo auditado | B4: NMX-14_OMS_MINSAL_UDD_DIAGNOSTICO_FINAL.xlsx
A5: Fecha (UTC) | B5: 2026-08-06T17:39:44+00:00
A6: Motor de recálculo | B6: LibreOffice Calc (soffice) vía UNO — celdas ORIGINALES del libro
A7: Nota Excel/COM | B7: Excel/COM no disponible en Linux; sustituido por LibreOffice (independiente)
A8: Fórmulas en el libro | B8: 623 · recálculo base: 0 errores
A9: Integridad tablas OMS | B9: Anclas embebidas = OMS publicado (coinciden)
A11: Casos de prueba | B11: 79
A12: Verificaciones totales | B12: 1508
A13: PASS | B13: 1466
A14: FAIL | B14: 0
A15: HALLAZGO | B15: 41
A16: INFO | B16: 1
A18: VEREDICTO | B18: Motor LMS correcto en P/E, P/T, IMC/E (|Δz|<0.01) y en clasificaciones OMS/MINSAL, aplicabilidad, prematuridad NT-218 y bloqueo de poblaciones especiales. Sin fallos. 2 limitaciones + 1 hallazgo de robustez (ver HALLAZGOS).
A20: NOTA | B20: Este libro conserva el MOTOR ORIGINAL COMPLETO y funcional (hojas Ingreso, Cálculos, Interpretación, GRÁFICO y tablas). Ingrese datos en la hoja "Ingreso" para calcular y diagnosticar.

Sheet CASOS
A1: Caso | B1: Categoría | C1: Sexo | D1: Edad efectiva (m) | E1: Peso (kg) | F1: Talla (cm) | G1: Población | H1: Prematuro | I1: Alerta esperada | J1: Alerta motor | K1: Z primario esp. | L1: Z primario motor | M1: Veredicto
A2: PE_M_0_0.0 | B2: peso/edad | C2: Masculino | D2: 0 | E2: 3.346 | F2: 50 | G2: GENERAL | H2: No | I2: OK | J2: OK | K2: -0.0008 | L2: -0.001 | M2: OK
A3: PE_M_6_2.0 | B3: peso/edad | C3: Masculino | D3: 6 | E3: 9.849 | F3: 67.5 | G3: GENERAL | H3: No | I3: OK | J3: OK | K3: 2.6513 | L3: 2.651 | M3: OK
A4: PE_M_12_-2.0 | B4: peso/edad | C4: Masculino | D4: 12 | E4: 7.742 | F4: 75.5 | G4: GENERAL | H4: No | I4: OK | J4: OK | K4: -2.6975 | L4: -2.697 | M4: OK
A5: PE_M_24_3.0 | B5: peso/edad | C5: Masculino | D5: 24 | E5: 17.134 | F5: 87 | G5: GENERAL | H5: No | I5: OK | J5: OK | K5: 3.9888 | L5: 3.989 | M5: HALLAZGO
A6: PE_M_36_-3.0 | B6: peso/edad | C6: Masculino | D6: 36 | E6: 10.017 | F6: 96 | G6: GENERAL | H6: No | I6: OK | J6: OK | K6: -4.6955 | L6: -4.696 | M6: HALLAZGO
A7: PE_M_60_0.0 | B7: peso/edad | C7: Masculino | D7: 60 | E7: 18.337 | F7: 110 | G7: GENERAL | H7: No | I7: OK | J7: OK | K7: -0.1105 | L7: -0.110 | M7: OK
A8: PE_F_0_0.0 | B8: peso/edad | C8: Femenino | D8: 0 | E8: 3.232 | F8: 49 | G8: GENERAL | H8: No | I8: OK | J8: OK | K8: -0.0004 | L8: 0.000 | M8: OK
A9: PE_F_6_2.0 | B9: peso/edad | C9: Femenino | D9: 6 | E9: 9.335 | F9: 65.5 | G9: GENERAL | H9: No | I9: OK | J9: OK | K9: 2.7187 | L9: 2.719 | M9: OK
A10: PE_F_12_-2.0 | B10: peso/edad | C10: Femenino | D10: 12 | E10: 7.043 | F10: 74 | G10: GENERAL | H10: No | I10: OK | J10: OK | K10: -2.7967 | L10: -2.797 | M10: OK
A11: PE_F_24_3.0 | B11: peso/edad | C11: Femenino | D11: 24 | E11: 17.014 | F11: 85.5 | G11: GENERAL | H11: No | I11: OK | J11: OK | K11: 4.0732 | L11: 4.073 | M11: HALLAZGO
A12: PE_F_36_-3.0 | B12: peso/edad | C12: Femenino | D12: 36 | E12: 9.611 | F12: 95 | G12: GENERAL | H12: No | I12: OK | J12: OK | K12: -4.4082 | L12: -4.408 | M12: HALLAZGO
A13: PE_F_60_0.0 | B13: peso/edad | C13: Femenino | D13: 60 | E13: 18.219 | F13: 109.5 | G13: GENERAL | H13: No | I13: OK | J13: OK | K13: -0.1108 | L13: -0.111 | M13: OK
... A67: ROUND_F_18 | B67: peso/talla | C67: Femenino | D67: 18 | E67: 9.425 | F67: 76.3 | G67: GENERAL | H67: No | I67: OK | J67: OK | K67: -0.0002 | L67: 0.000 | M67: OK
A68: ERR_SEXO | B68: sexo inválido | C68: Otro | E68: 8 | F68: 74 | G68: GENERAL | H68: No | I68: SEXO_INVÁLIDO | J68: SEXO_INVÁLIDO | M68: OK
A69: ERR_FECHAS | B69: edad inexistente | C69: Masculino | E69: 8 | F69: 74 | G69: GENERAL | H69: No | I69: FECHAS_INVÁLIDAS | J69: FECHAS_INVÁLIDAS | M69: OK
A70: ERR_EDADMAX | B70: edad inexistente | C70: Masculino | D70: 240 | E70: 60 | F70: 175 | G70: GENERAL | H70: No | I70: EDAD_FUERA_DE_RANGO | J70: EDAD_FUERA_DE_RANGO | M70: OK
A71: ERR_PESONEG | B71: peso negativo | C71: Femenino | D71: 12 | E71: -5 | F71: 74 | G71: GENERAL | H71: No | I71: MEDICIÓN_INVÁLIDA | J71: MEDICIÓN_INVÁLIDA | L71: #NUM | M71: HALLAZGO
A72: ERR_TALLA0 | B72: talla cero | C72: Femenino | D72: 12 | E72: 8 | F72: 0 | G72: GENERAL | H72: No | I72: MEDICIÓN_INVÁLIDA | J72: MEDICIÓN_INVÁLIDA | M72: OK
A73: ERR_VACIO | B73: datos vacíos | C73: Femenino | D73: 12 | G73: GENERAL | H73: No | I73: FALTAN_PESO_TALLA | J73: FALTAN_PESO_TALLA | M73: OK
A74: ERR_FECHAVACIA | B74: datos vacíos | C74: Femenino | E74: 8 | F74: 74 | G74: GENERAL | H74: No | I74: FALTAN_FECHAS | J74: FALTAN_FECHAS | M74: OK
A75: PREM_TARDIO | B75: prematuridad | C75: Masculino | D75: 3 | E75: 6.5 | F75: 62 | G75: PREMATURIDAD | H75: Sí | I75: OK | J75: OK | K75: 0.1643 | L75: 0.164 | M75: OK
A76: PREM_RNMBP | B76: prematuridad | C76: Femenino | D76: 7 | E76: 7 | F76: 68 | G76: PREMATURIDAD | H76: Sí | I76: OK | J76: OK | K76: -0.7241 | L76: -0.724 | M76: OK
A77: PREM_SELECTOR | B77: prematuridad | C77: Masculino | D77: 3 | E77: 6.5 | F77: 62 | G77: GENERAL | H77: Sí | I77: SELECTOR_NO_COINCIDE | J77: SELECTOR_NO_COINCIDE | K77: 0.1643 | L77: 0.164 | M77: OK
A78: POB_DOWN | B78: población especial | C78: Masculino | D78: 24 | E78: 12 | F78: 85 | G78: SINDROME_DOWN | H78: No | I78: (ruteo DOWN) | J78: OK | M78: OK
A79: POB_PC | B79: población especial | C79: Femenino | D79: 60 | E79: 18 | F79: 110 | G79: PARALISIS_CEREBRAL | H79: No | I79: FUENTE_VERIFICADA · MOTOR_NO_AUTOMATIZADO | J79: FUENTE_VERIFICADA · MOTOR_NO_AUTOMATIZADO | M79: OK
A80: POB_OTRA | B80: población especial | C80: Masculino | D80: 30 | E80: 14 | F80: 95 | G80: OTRA | H80: No | I80: FUENTE_ESPECÍFICA_REQUERIDA | J80: FUENTE_ESPECÍFICA_REQUERIDA | M80: OK

Sheet VERIFICACIONES
A1: Caso | B1: Categoría | C1: Indicador | D1: Verificación | E1: Esperado | F1: Motor | G1: Δ | H1: Veredicto | I1: Fuente | J1: Tabla | K1: Fila | L1: Columna
A2: PE_M_0_0.0 | B2: peso/edad | C2: - | D2: edad_efectiva_meses | E2: 0 | F2: 0.00 | H2: PASS
A3: PE_M_0_0.0 | B3: peso/edad | C3: - | D3: alerta_C53 | E3: OK | F3: OK | H3: PASS
A4: PE_M_0_0.0 | B4: peso/edad | C4: PE | D4: z | E4: -0.0008 | F4: -0.0008 | G4: -2e-05 | H4: PASS | I4: OMS_TABLAS_OFICIALES | J4: PESO/EDAD OMS 2006 | K4: A/F (mes) | L4: B-D niñas / G-I niños
A5: PE_M_0_0.0 | B5: peso/edad | C5: PE | D5: clasificación_OMS | E5: Normal | F5: Normal | H5: PASS | I5: OMS_TABLAS_OFICIALES | J5: PESO/EDAD OMS 2006 | K5: A/F (mes) | L5: B-D niñas / G-I niños
A6: PE_M_0_0.0 | B6: peso/edad | C6: PE | D6: clasificación_MINSAL | E6: Normal / eutrófico | F6: Normal / eutrófico | H6: PASS | I6: OMS_TABLAS_OFICIALES | J6: PESO/EDAD OMS 2006 | K6: A/F (mes) | L6: B-D niñas / G-I niños
A7: PE_M_0_0.0 | B7: peso/edad | C7: PE | D7: aplicabilidad | E7: APLICA | F7: APLICA | H7: PASS | I7: OMS_TABLAS_OFICIALES | J7: PESO/EDAD OMS 2006 | K7: A/F (mes) | L7: B-D niñas / G-I niños
A8: PE_M_0_0.0 | B8: peso/edad | C8: PE | D8: param_L | E8: 0.3487 | F8: 0.349 | H8: PASS | I8: OMS_TABLAS_OFICIALES | J8: PESO/EDAD OMS 2006 | K8: A/F (mes) | L8: B-D niñas / G-I niños
A9: PE_M_0_0.0 | B9: peso/edad | C9: PE | D9: param_M | E9: 3.3464 | F9: 3.346 | H9: PASS | I9: OMS_TABLAS_OFICIALES | J9: PESO/EDAD OMS 2006 | K9: A/F (mes) | L9: B-D niñas / G-I niños
A10: PE_M_0_0.0 | B10: peso/edad | C10: PE | D10: param_S | E10: 0.14602 | F10: 0.146 | H10: PASS | I10: OMS_TABLAS_OFICIALES | J10: PESO/EDAD OMS 2006 | K10: A/F (mes) | L10: B-D niñas / G-I niños
A11: PE_M_0_0.0 | B11: peso/edad | C11: IMC | D11: aplicabilidad(fuera) | E11: FUERA_DE_DOMINIO | F11: FUERA_DE_DOMINIO | H11: PASS | I11: Tablas_OMS | J11: IMC/EDAD OMS 2007 | K11: A/F (mes) | L11: B-D niñas / G-I niños
A12: PE_M_0_0.0 | B12: peso/edad | C12: PT | D12: z | E12: 0.0613 | F12: 0.0613 | G12: -1e-05 | H12: PASS | I12: OMS_TABLAS_OFICIALES | J12: P/LONGITUD o P/ESTATURA OMS 2006 | K12: K/P/U/Z (cm) | L12: L-N/Q-S/V-X/AA-AC
A13: PE_M_0_0.0 | B13: peso/edad | C13: PT | D13: clasificación_OMS | E13: Normal | F13: Normal | H13: PASS | I13: OMS_TABLAS_OFICIALES | J13: P/LONGITUD o P/ESTATURA OMS 2006 | K13: K/P/U/Z (cm) | L13: L-N/Q-S/V-X/AA-AC
A14: PE_M_0_0.0 | B14: peso/edad | C14: PT | D14: clasificación_MINSAL | E14: Normal | F14: Normal | H14: PASS | I14: OMS_TABLAS_OFICIALES | J14: P/LONGITUD o P/ESTATURA OMS 2006 | K14: K/P/U/Z (cm) | L14: L-N/Q-S/V-X/AA-AC
A15: PE_M_0_0.0 | B15: peso/edad | C15: PT | D15: aplicabilidad | E15: APLICA | F15: APLICA | H15: PASS | I15: OMS_TABLAS_OFICIALES | J15: P/LONGITUD o P/ESTATURA OMS 2006 | K15: K/P/U/Z (cm) | L15: L-N/Q-S/V-X/AA-AC
A16: PE_M_0_0.0 | B16: peso/edad | C16: PT | D16: param_L | E16: -0.3521 | F16: -0.352 | H16: PASS | I16: OMS_TABLAS_OFICIALES | J16: P/LONGITUD o P/ESTATURA OMS 2006 | K16: K/P/U/Z (cm) | L16: L-N/Q-S/V-X/AA-AC
A17: PE_M_0_0.0 | B17: peso/edad | C17: PT | D17: param_M | E17: 3.3278 | F17: 3.328 | H17: PASS | I17: OMS_TABLAS_OFICIALES | J17: P/LONGITUD o P/ESTATURA OMS 2006 | K17: K/P/U/Z (cm) | L17: L-N/Q-S/V-X/AA-AC
A18: PE_M_0_0.0 | B18: peso/edad | C18: PT | D18: param_S | E18: 0.0889 | F18: 0.089 | H18: PASS | I18: OMS_TABLAS_OFICIALES | J18: P/LONGITUD o P/ESTATURA OMS 2006 | K18: K/P/U/Z (cm) | L18: L-N/Q-S/V-X/AA-AC
A19: PE_M_0_0.0 | B19: peso/edad | C19: TE | D19: z | E19: 0.0526 | F19: 0.0526 | G19: 3e-05 | H19: PASS | I19: Tablas_OMS | J19: TALLA/EDAD OMS (cortes DE) | K19: U/AB (mes) | L19: V-Z niñas / AC-AG niños
A20: PE_M_0_0.0 | B20: peso/edad | C20: TE | D20: clasificación_OMS | E20: Normal | F20: Normal | H20: PASS | I20: Tablas_OMS | J20: TALLA/EDAD OMS (cortes DE) | K20: U/AB (mes) | L20: V-Z niñas / AC-AG niños
A21: PE_M_0_0.0 | B21: peso/edad | C21: TE | D21: clasificación_MINSAL | E21: Normal | F21: Normal | H21: PASS | I21: Tablas_OMS | J21: TALLA/EDAD OMS (cortes DE) | K21: U/AB (mes) | L21: V-Z niñas / AC-AG niños
A22: PE_M_0_0.0 | B22: peso/edad | C22: TE | D22: aplicabilidad | E22: APLICA | F22: APLICA | H22: PASS | I22: Tablas_OMS | J22: TALLA/EDAD OMS (cortes DE) | K22: U/AB (mes) | L22: V-Z niñas / AC-AG niños
A23: PE_M_0_0.0 | B23: peso/edad | C23: PCE | D23: aplicabilidad(fuera) | E23: NO_INGRESADO | F23: NO_INGRESADO | H23: PASS | I23: OMS_PCE_0_60 | J23: PC/EDAD OMS 2006 (cortes DE) | K23: A/N (mes) | L23: G-K niñas / T-X niños
A24: PE_M_6_2.0 | B24: peso/edad | C24: - | D24: edad_efectiva_meses | E24: 6 | F24: 6.00 | H24: PASS
A25: PE_M_6_2.0 | B25: peso/edad | C25: - | D25: alerta_C53 | E25: OK | F25: OK | H25: PASS
A26: PE_M_6_2.0 | B26: peso/edad | C26: PE | D26: z | E26: 2.0002 | F26: 2.0002 | G26: -4e-05 | H26: PASS | I26: OMS_TABLAS_OFICIALES | J26: PESO/EDAD OMS 2006 | K26: A/F (mes) | L26: B-D niñas / G-I niños
A27: PE_M_6_2.0 | B27: peso/edad | C27: PE | D27: clasificación_OMS | E27: Normal | F27: Normal | H27: PASS | I27: OMS_TABLAS_OFICIALES | J27: PESO/EDAD OMS 2006 | K27: A/F (mes) | L27: B-D niñas / G-I niños
A28: PE_M_6_2.0 | B28: peso/edad | C28: PE | D28: clasificación_MINSAL | E28: Normal / eutrófico | F28: Normal / eutrófico | H28: PASS | I28: OMS_TABLAS_OFICIALES | J28: PESO/EDAD OMS 2006 | K28: A/F (mes) | L28: B-D niñas / G-I niños
A29: PE_M_6_2.0 | B29: peso/edad | C29: PE | D29: aplicabilidad | E29: APLICA | F29: APLICA | H29: PASS | I29: OMS_TABLAS_OFICIALES | J29: PESO/EDAD OMS 2006 | K29: A/F (mes) | L29: B-D niñas / G-I niños
A30: PE_M_6_2.0 | B30: peso/edad | C30: PE | D30: param_L | E30: 0.1257 | F30: 0.126 | H30: PASS | I30: OMS_TABLAS_OFICIALES | J30: PESO/EDAD OMS 2006 | K30: A/F (mes) | L30: B-D niñas / G-I niños
A31: PE_M_6_2.0 | B31: peso/edad | C31: PE | D31: param_M | E31: 7.934 | F31: 7.934 | H31: PASS | I31: OMS_TABLAS_OFICIALES | J31: PESO/EDAD OMS 2006 | K31: A/F (mes) | L31: B-D niñas / G-I niños
A32: PE_M_6_2.0 | B32: peso/edad | C32: PE | D32: param_S | E32: 0.10958 | F32: 0.110 | H32: PASS | I32: OMS_TABLAS_OFICIALES | J32: PESO/EDAD OMS 2006 | K32: A/F (mes) | L32: B-D niñas / G-I niños
A33: PE_M_6_2.0 | B33: peso/edad | C33: IMC | D33: aplicabilidad(fuera) | E33: FUERA_DE_DOMINIO | F33: FUERA_DE_DOMINIO | H33: PASS | I33: Tablas_OMS | J33: IMC/EDAD OMS 2007 | K33: A/F (mes) | L33: B-D niñas / G-I niños
A34: PE_M_6_2.0 | B34: peso/edad | C34: PT | D34: z | E34: 2.6513 | F34: 2.6513 | G34: 3e-05 | H34: PASS | I34: OMS_TABLAS_OFICIALES | J34: P/LONGITUD o P/ESTATURA OMS 2006 | K34: K/P/U/Z (cm) | L34: L-N/Q-S/V-X/AA-AC
A35: PE_M_6_2.0 | B35: peso/edad | C35: PT | D35: clasificación_OMS | E35: Sobrepeso | F35: Sobrepeso | H35: PASS | I35: OMS_TABLAS_OFICIALES | J35: P/LONGITUD o P/ESTATURA OMS 2006 | K35: K/P/U/Z (cm) | L35: L-N/Q-S/V-X/AA-AC
A36: PE_M_6_2.0 | B36: peso/edad | C36: PT | D36: clasificación_MINSAL | E36: Obesidad | F36: Obesidad | H36: PASS | I36: OMS_TABLAS_OFICIALES | J36: P/LONGITUD o P/ESTATURA OMS 2006 | K36: K/P/U/Z (cm) | L36: L-N/Q-S/V-X/AA-AC
A37: PE_M_6_2.0 | B37: peso/edad | C37: PT | D37: aplicabilidad | E37: APLICA | F37: APLICA | H37: PASS | I37: OMS_TABLAS_OFICIALES | J37: P/LONGITUD o P/ESTATURA OMS 2006 | K37: K/P/U/Z (cm) | L37: L-N/Q-S/V-X/AA-AC
A38: PE_M_6_2.0 | B38: peso/edad | C38: PT | D38: param_L | E38: -0.3521 | F38: -0.352 | H38: PASS | I38: OMS_TABLAS_OFICIALES | J38: P/LONGITUD o P/ESTATURA OMS 2006 | K38: K/P/U/Z (cm) | L38: L-N/Q-S/V-X/AA-AC
A39: PE_M_6_2.0 | B39: peso/edad | C39: PT | D39: param_M | E39: 7.8526 | F39: 7.853 | H39: PASS | I39: OMS_TABLAS_OFICIALES | J39: P/LONGITUD o P/ESTATURA OMS 2006 | K39: K/P/U/Z (cm) | L39: L-N/Q-S/V-X/AA-AC
A40: PE_M_6_2.0 | B40: peso/edad | C40: PT | D40: param_S | E40: 0.08212 | F40: 0.082 | H40: PASS | I40: OMS_TABLAS_OFICIALES | J40: P/LONGITUD o P/ESTATURA OMS 2006 | K40: K/P/U/Z (cm) | L40: L-N/Q-S/V-X/AA-AC
A41: PE_M_6_2.0 | B41: peso/edad | C41: TE | D41: z | E41: -0.0476 | F41: -0.0476 | G41: -2e-05 | H41: PASS | I41: Tablas_OMS | J41: TALLA/EDAD OMS (cortes DE) | K41: U/AB (mes) | L41: V-Z niñas / AC-AG niños
A42: PE_M_6_2.0 | B42: peso/edad | C42: TE | D42: clasificación_OMS | E42: Normal | F42: Normal | H42: PASS | I42: Tablas_OMS | J42: TALLA/EDAD OMS (cortes DE) | K42: U/AB (mes) | L42: V-Z niñas / AC-AG niños
A43: PE_M_6_2.0 | B43: peso/edad | C43: TE | D43: clasificación_MINSAL | E43: Normal | F43: Normal | H43: PASS | I43: Tablas_OMS | J43: TALLA/EDAD OMS (cortes DE) | K43: U/AB (mes) | L43: V-Z niñas / AC-AG niños
A44: PE_M_6_2.0 | B44: peso/edad | C44: TE | D44: aplicabilidad | E44: APLICA | F44: APLICA | H44: PASS | I44: Tablas_OMS | J44: TALLA/EDAD OMS (cortes DE) | K44: U/AB (mes) | L44: V-Z niñas / AC-AG niños
A45: PE_M_6_2.0 | B45: peso/edad | C45: PCE | D45: aplicabilidad(fuera) | E45: NO_INGRESADO | F45: NO_INGRESADO | H45: PASS | I45: OMS_PCE_0_60 | J45: PC/EDAD OMS 2006 (cortes DE) | K45: A/N (mes) | L45: G-K niñas / T-X niños
A46: PE_M_12_-2.0 | B46: peso/edad | C46: - | D46: edad_efectiva_meses | E46: 12 | F46: 12.00 | H46: PASS
A47: PE_M_12_-2.0 | B47: peso/edad | C47: - | D47: alerta_C53 | E47: OK | F47: OK | H47: PASS
A48: PE_M_12_-2.0 | B48: peso/edad | C48: PE | D48: z | E48: -2.0003 | F48: -2.0003 | G48: 4e-05 | H48: PASS | I48: OMS_TABLAS_OFICIALES | J48: PESO/EDAD OMS 2006 | K48: A/F (mes) | L48: B-D niñas / G-I niños
A49: PE_M_12_-2.0 | B49: peso/edad | C49: PE | D49: clasificación_OMS | E49: Bajo peso | F49: Bajo peso | H49: PASS | I49: OMS_TABLAS_OFICIALES | J49: PESO/EDAD OMS 2006 | K49: A/F (mes) | L49: B-D niñas / G-I niños
A50: PE_M_12_-2.0 | B50: peso/edad | C50: PE | D50: clasificación_MINSAL | E50: Desnutrición | F50: Desnutrición | H50: PASS | I50: OMS_TABLAS_OFICIALES | J50: PESO/EDAD OMS 2006 | K50: A/F (mes) | L50: B-D niñas / G-I niños
A51: PE_M_12_-2.0 | B51: peso/edad | C51: PE | D51: aplicabilidad | E51: APLICA | F51: APLICA | H51: PASS | I51: OMS_TABLAS_OFICIALES | J51: PESO/EDAD OMS 2006 | K51: A/F (mes) | L51: B-D niñas / G-I niños
A52: PE_M_12_-2.0 | B52: peso/edad | C52: PE | D52: param_L | E52: 0.0644 | F52: 0.064 | H52: PASS | I52: OMS_TABLAS_OFICIALES | J52: PESO/EDAD OMS 2006 | K52: A/F (mes) | L52: B-D niñas / G-I niños
A53: PE_M_12_-2.0 | B53: peso/edad | C53: PE | D53: param_M | E53: 9.6479 | F53: 9.648 | H53: PASS | I53: OMS_TABLAS_OFICIALES | J53: PESO/EDAD OMS 2006 | K53: A/F (mes) | L53: B-D niñas / G-I niños
A54: PE_M_12_-2.0 | B54: peso/edad | C54: PE | D54: param_S | E54: 0.10925 | F54: 0.109 | H54: PASS | I54: OMS_TABLAS_OFICIALES | J54: PESO/EDAD OMS 2006 | K54: A/F (mes) | L54: B-D niñas / G-I niños
A55: PE_M_12_-2.0 | B55: peso/edad | C55: IMC | D55: aplicabilidad(fuera) | E55: FUERA_DE_DOMINIO | F55: FUERA_DE_DOMINIO | H55: PASS | I55: Tablas_OMS | J55: IMC/EDAD OMS 2007 | K55: A/F (mes) | L55: B-D niñas / G-I niños
A56: PE_M_12_-2.0 | B56: peso/edad | C56: PT | D56: z | E56: -2.6975 | F56: -2.6975 | G56: 1e-05 | H56: PASS | I56: OMS_TABLAS_OFICIALES | J56: P/LONGITUD o P/ESTATURA OMS 2006 | K56: K/P/U/Z (cm) | L56: L-N/Q-S/V-X/AA-AC
A57: PE_M_12_-2.0 | B57: peso/edad | C57: PT | D57: clasificación_OMS | E57: Emaciación | F57: Emaciación | H57: PASS | I57: OMS_TABLAS_OFICIALES | J57: P/LONGITUD o P/ESTATURA OMS 2006 | K57: K/P/U/Z (cm) | L57: L-N/Q-S/V-X/AA-AC
A58: PE_M_12_-2.0 | B58: peso/edad | C58: PT | D58: clasificación_MINSAL | E58: Desnutrición | F58: Desnutrición | H58: PASS | I58: OMS_TABLAS_OFICIALES | J58: P/LONGITUD o P/ESTATURA OMS 2006 | K58: K/P/U/Z (cm) | L58: L-N/Q-S/V-X/AA-AC
A59: PE_M_12_-2.0 | B59: peso/edad | C59: PT | D59: aplicabilidad | E59: APLICA | F59: APLICA | H59: PASS | I59: OMS_TABLAS_OFICIALES | J59: P/LONGITUD o P/ESTATURA OMS 2006 | K59: K/P/U/Z (cm) | L59: L-N/Q-S/V-X/AA-AC
A60: PE_M_12_-2.0 | B60: peso/edad | C60: PT | D60: param_L | E60: -0.3521 | F60: -0.352 | H60: PASS | I60: OMS_TABLAS_OFICIALES | J60: P/LONGITUD o P/ESTATURA OMS 2006 | K60: K/P/U/Z (cm) | L60: L-N/Q-S/V-X/AA-AC
A61: PE_M_12_-2.0 | B61: peso/edad | C61: PT | D61: param_M | E61: 9.6041 | F61: 9.604 | H61: PASS | I61: OMS_TABLAS_OFICIALES | J61: P/LONGITUD o P/ESTATURA OMS 2006 | K61: K/P/U/Z (cm) | L61: L-N/Q-S/V-X/AA-AC
A62: PE_M_12_-2.0 | B62: peso/edad | C62: PT | D62: param_S | E62: 0.08301 | F62: 0.083 | H62: PASS | I62: OMS_TABLAS_OFICIALES | J62: P/LONGITUD o P/ESTATURA OMS 2006 | K62: K/P/U/Z (cm) | L62: L-N/Q-S/V-X/AA-AC
A63: PE_M_12_-2.0 | B63: peso/edad | C63: TE | D63: z | E63: -0.087 | F63: -0.087 | G63: 4e-05 | H63: PASS | I63: Tablas_OMS | J63: TALLA/EDAD OMS (cortes DE) | K63: U/AB (mes) | L63: V-Z niñas / AC-AG niños
A64: PE_M_12_-2.0 | B64: peso/edad | C64: TE | D64: clasificación_OMS | E64: Normal | F64: Normal | H64: PASS | I64: Tablas_OMS | J64: TALLA/EDAD OMS (cortes DE) | K64: U/AB (mes) | L64: V-Z niñas / AC-AG niños
A65: PE_M_12_-2.0 | B65: peso/edad | C65: TE | D65: clasificación_MINSAL | E65: Normal | F65: Normal | H65: PASS | I65: Tablas_OMS | J65: TALLA/EDAD OMS (cortes DE) | K65: U/AB (mes) | L65: V-Z niñas / AC-AG niños
A66: PE_M_12_-2.0 | B66: peso/edad | C66: TE | D66: aplicabilidad | E66: APLICA | F66: APLICA | H66: PASS | I66: Tablas_OMS | J66: TALLA/EDAD OMS (cortes DE) | K66: U/AB (mes) | L66: V-Z niñas / AC-AG niños
A67: PE_M_12_-2.0 | B67: peso/edad | C67: PCE | D67: aplicabilidad(fuera) | E67: NO_INGRESADO | F67: NO_INGRESADO | H67: PASS | I67: OMS_PCE_0_60 | J67: PC/EDAD OMS 2006 (cortes DE) | K67: A/N (mes) | L67: G-K niñas / T-X niños
A68: PE_M_24_3.0 | B68: peso/edad | C68: - | D68: edad_efectiva_meses | E68: 24 | F68: 24.00 | H68: PASS
A69: PE_M_24_3.0 | B69: peso/edad | C69: - | D69: alerta_C53 | E69: OK | F69: OK | H69: PASS
A70: PE_M_24_3.0 | B70: peso/edad | C70: PE | D70: z | E70: 3.0002 | F70: 3.0002 | G70: 2e-05 | H70: PASS | I70: OMS_TABLAS_OFICIALES | J70: PESO/EDAD OMS 2006 | K70: A/F (mes) | L70: B-D niñas / G-I niños
A71: PE_M_24_3.0 | B71: peso/edad | C71: PE | D71: clasificación_OMS | E71: Normal | F71: Normal | H71: PASS | I71: OMS_TABLAS_OFICIALES | J71: PESO/EDAD OMS 2006 | K71: A/F (mes) | L71: B-D niñas / G-I niños
A72: PE_M_24_3.0 | B72: peso/edad | C72: PE | D72: clasificación_MINSAL | E72: Normal / eutrófico | F72: Normal / eutrófico | H72: PASS | I72: OMS_TABLAS_OFICIALES | J72: PESO/EDAD OMS 2006 | K72: A/F (mes) | L72: B-D niñas / G-I niños
A73: PE_M_24_3.0 | B73: peso/edad | C73: PE | D73: aplicabilidad | E73: APLICA | F73: APLICA | H73: PASS | I73: OMS_TABLAS_OFICIALES | J73: PESO/EDAD OMS 2006 | K73: A/F (mes) | L73: B-D niñas / G-I niños
A74: PE_M_24_3.0 | B74: peso/edad | C74: PE | D74: param_L | E74: -0.0137 | F74: -0.014 | H74: PASS | I74: OMS_TABLAS_OFICIALES | J74: PESO/EDAD OMS 2006 | K74: A/F (mes) | L74: B-D niñas / G-I niños
A75: PE_M_24_3.0 | B75: peso/edad | C75: PE | D75: param_M | E75: 12.1515 | F75: 12.152 | H75: PASS | I75: OMS_TABLAS_OFICIALES | J75: PESO/EDAD OMS 2006 | K75: A/F (mes) | L75: B-D niñas / G-I niños
A76: PE_M_24_3.0 | B76: peso/edad | C76: PE | D76: param_S | E76: 0.11426 | F76: 0.114 | H76: PASS | I76: OMS_TABLAS_OFICIALES | J76: PESO/EDAD OMS 2006 | K76: A/F (mes) | L76: B-D niñas / G-I niños
A77: PE_M_24_3.0 | B77: peso/edad | C77: IMC | D77: aplicabilidad(fuera) | E77: FUERA_DE_DOMINIO | F77: FUERA_DE_DOMINIO | H77: PASS | I77: Tablas_OMS | J77: IMC/EDAD OMS 2007 | K77: A/F (mes) | L77: B-D niñas / G-I niños
A78: PE_M_24_3.0 | B78: peso/edad | C78: PT | D78: z | E78: 3.9888 | F78: 3.9888 | G78: -2e-05 | H78: PASS | I78: OMS_TABLAS_OFICIALES | J78: P/LONGITUD o P/ESTATURA OMS 2006 | K78: K/P/U/Z (cm) | L78: L-N/Q-S/V-X/AA-AC
A79: PE_M_24_3.0 | B79: peso/edad | C79: PT | D79: clasificación_OMS | E79: Obesidad | F79: Obesidad | H79: PASS | I79: OMS_TABLAS_OFICIALES | J79: P/LONGITUD o P/ESTATURA OMS 2006 | K79: K/P/U/Z (cm) | L79: L-N/Q-S/V-X/AA-AC
A80: PE_M_24_3.0 | B80: peso/edad | C80: PT | D80: clasificación_MINSAL | E80: Obesidad | F80: Obesidad | H80: PASS | I80: OMS_TABLAS_OFICIALES | J80: P/LONGITUD o P/ESTATURA OMS 2006 | K80: K/P/U/Z (cm) | L80: L-N/Q-S/V-X/AA-AC
A81: PE_M_24_3.0 | B81: peso/edad | C81: PT | D81: aplicabilidad | E81: APLICA | F81: APLICA | H81: PASS | I81: OMS_TABLAS_OFICIALES | J81: P/LONGITUD o P/ESTATURA OMS 2006 | K81: K/P/U/Z (cm) | L81: L-N/Q-S/V-X/AA-AC
A82: PE_M_24_3.0 | B82: peso/edad | C82: PT | D82: param_L | E82: -0.3521 | F82: -0.352 | H82: PASS | I82: OMS_TABLAS_OFICIALES | J82: P/LONGITUD o P/ESTATURA OMS 2006 | K82: K/P/U/Z (cm) | L82: L-N/Q-S/V-X/AA-AC
A83: PE_M_24_3.0 | B83: peso/edad | C83: PT | D83: param_M | E83: 12.1645 | F83: 12.165 | H83: PASS | I83: OMS_TABLAS_OFICIALES | J83: P/LONGITUD o P/ESTATURA OMS 2006 | K83: K/P/U/Z (cm) | L83: L-N/Q-S/V-X/AA-AC
A84: PE_M_24_3.0 | B84: peso/edad | C84: PT | D84: param_S | E84: 0.0809 | F84: 0.081 | H84: PASS | I84: OMS_TABLAS_OFICIALES | J84: P/LONGITUD o P/ESTATURA OMS 2006 | K84: K/P/U/Z (cm) | L84: L-N/Q-S/V-X/AA-AC
A85: PE_M_24_3.0 | B85: peso/edad | C85: PT | D85: z_ajustado_OMS(>3DE) | E85: 4.1137 | F85: 3.9888 | G85: -0.1249 | H85: HALLAZGO | I85: OMS_TABLAS_OFICIALES | J85: P/LONGITUD o P/ESTATURA OMS 2006 | K85: K/P/U/Z (cm) | L85: L-N/Q-S/V-X/AA-AC
A86: PE_M_24_3.0 | B86: peso/edad | C86: TE | D86: z | E86: -0.0333 | F86: -0.0333 | G86: -3e-05 | H86: PASS | I86: Tablas_OMS | J86: TALLA/EDAD OMS (cortes DE) | K86: U/AB (mes) | L86: V-Z niñas / AC-AG niños
A87: PE_M_24_3.0 | B87: peso/edad | C87: TE | D87: clasificación_OMS | E87: Normal | F87: Normal | H87: PASS | I87: Tablas_OMS | J87: TALLA/EDAD OMS (cortes DE) | K87: U/AB (mes) | L87: V-Z niñas / AC-AG niños
A88: PE_M_24_3.0 | B88: peso/edad | C88: TE | D88: clasificación_MINSAL | E88: Normal | F88: Normal | H88: PASS | I88: Tablas_OMS | J88: TALLA/EDAD OMS (cortes DE) | K88: U/AB (mes) | L88: V-Z niñas / AC-AG niños
A89: PE_M_24_3.0 | B89: peso/edad | C89: TE | D89: aplicabilidad | E89: APLICA | F89: APLICA | H89: PASS | I89: Tablas_OMS | J89: TALLA/EDAD OMS (cortes DE) | K89: U/AB (mes) | L89: V-Z niñas / AC-AG niños
A90: PE_M_24_3.0 | B90: peso/edad | C90: PCE | D90: aplicabilidad(fuera) | E90: NO_INGRESADO | F90: NO_INGRESADO | H90: PASS | I90: OMS_PCE_0_60 | J90: PC/EDAD OMS 2006 (cortes DE) | K90: A/N (mes) | L90: G-K niñas / T-X niños
A91: PE_M_36_-3.0 | B91: peso/edad | C91: - | D91: edad_efectiva_meses | E91: 36 | F91: 36.00 | H91: PASS
A92: PE_M_36_-3.0 | B92: peso/edad | C92: - | D92: alerta_C53 | E92: OK | F92: OK | H92: PASS
A93: PE_M_36_-3.0 | B93: peso/edad | C93: PE | D93: z | E93: -2.9997 | F93: -2.9997 | G93: -3e-05 | H93: PASS | I93: OMS_TABLAS_OFICIALES | J93: PESO/EDAD OMS 2006 | K93: A/F (mes) | L93: B-D niñas / G-I niños
A94: PE_M_36_-3.0 | B94: peso/edad | C94: PE | D94: clasificación_OMS | E94: Bajo peso | F94: Bajo peso | H94: PASS | I94: OMS_TABLAS_OFICIALES | J94: PESO/EDAD OMS 2006 | K94: A/F (mes) | L94: B-D niñas / G-I niños
A95: PE_M_36_-3.0 | B95: peso/edad | C95: PE | D95: clasificación_MINSAL | E95: Desnutrición | F95: Desnutrición | H95: PASS | I95: OMS_TABLAS_OFICIALES | J95: PESO/EDAD OMS 2006 | K95: A/F (mes) | L95: B-D niñas / G-I niños
A96: PE_M_36_-3.0 | B96: peso/edad | C96: PE | D96: aplicabilidad | E96: APLICA | F96: APLICA | H96: PASS | I96: OMS_TABLAS_OFICIALES | J96: PESO/EDAD OMS 2006 | K96: A/F (mes) | L96: B-D niñas / G-I niños
A97: PE_M_36_-3.0 | B97: peso/edad | C97: PE | D97: param_L | E97: -0.0689 | F97: -0.069 | H97: PASS | I97: OMS_TABLAS_OFICIALES | J97: PESO/EDAD OMS 2006 | K97: A/F (mes) | L97: B-D niñas / G-I niños
A98: PE_M_36_-3.0 | B98: peso/edad | C98: PE | D98: param_M | E98: 14.3429 | F98: 14.343 | H98: PASS | I98: OMS_TABLAS_OFICIALES | J98: PESO/EDAD OMS 2006 | K98: A/F (mes) | L98: B-D niñas / G-I niños
A99: PE_M_36_-3.0 | B99: peso/edad | C99: PE | D99: param_S | E99: 0.12116 | F99: 0.121 | H99: PASS | I99: OMS_TABLAS_OFICIALES | J99: PESO/EDAD OMS 2006 | K99: A/F (mes) | L99: B-D niñas / G-I niños
A100: PE_M_36_-3.0 | B100: peso/edad | C100: IMC | D100: aplicabilidad(fuera) | E100: FUERA_DE_DOMINIO | F100: FUERA_DE_DOMINIO | H100: PASS | I100: Tablas_OMS | J100: IMC/EDAD OMS 2007 | K100: A/F (mes) | L100: B-D niñas / G-I niños
...

Sheet HALLAZGOS
A1: HALLAZGOS Y LIMITACIONES DOCUMENTADAS
A3: ID | B3: Tipo | C3: Título | D3: Descripción | E3: Severidad | F3: Recomendación
A4: H-1 | B4: Robustez | C4: Peso negativo filtra error de cálculo a celdas de resultado | D4: Con peso ≤ 0, las fórmulas de Z de P/E (Cálculos!C16) y P/T (Cálculos!C33) sólo validan celda vacía, no valores no físicos. El error se propaga a Z integrado (C35) y a Interpretación (Z, clas. OMS/MINSAL, aplicabilidad, estado). La alerta global sí marca MEDICIÓN_INVÁLIDA. Talla=0 SÍ se maneja bien. Caso ERR_PESONEG. | E4: Media-baja | F4: Envolver C16/C33/C35 con IF(Ingreso!C8<=0,"",…) o IFERROR, como ya hace IMC (C7) y talla clave (C54).
A5: H-2 | B5: Metodología OMS | C5: Z no ajustado más allá de ±3 DE | D5: El motor entrega Z LMS bruto; no aplica la extrapolación WHO-Anthro para |Z|>3. En extremos la diferencia numérica puede superar 1 Z, pero NO cambia la banda de clasificación. 24 verificaciones. | E5: Baja | F5: Documentar criterio Z bruto vs ajustado. Para paridad con WHO-Anthro, implementar ajuste >±3 DE en P/E, P/T, IMC.
A6: H-3 | B6: Metodología declarada | C6: T/E y perímetro cefálico por interpolación lineal | D6: Z de talla/edad y perímetro cefálico se interpola entre líneas DE impresas, no con L,M,S completos. Desviación máx. ≈0.03 Z. El archivo lo declara (OK_CON_LIMITACIÓN_Z_INTERPOLADO). | E6: Informativa | F6: Aceptable para tamizaje; para Z de precisión, usar L,M,S completos.
A7: H-4 | B7: Cobertura | C7: Rama L=0 no alcanzable con datos oficiales | D7: Ninguna fila OMS tiene L=0 exacto (mín |L|≈0.0028). Verificado con LNEAR0_M_22 (L≈-0.003): Z motor=1.500 vs 1.4998. | E7: Informativa | F7: Sin acción; rama defensiva consistente.

Sheet INTEGRIDAD_TABLAS
A1: AUDITORÍA DE INTEGRIDAD — TABLAS EMBEBIDAS vs OMS PUBLICADO
A3: Tabla | B3: Clave | C3: Embebido | D3: Oficial OMS | E3: Resultado
A4: PE_F | B4: 0 | C4: [0.3809, 3.2322, 0.14171] | D4: [0.3809, 3.2322, 0.14171] | E4: IGUAL
A5: PE_M | B5: 0 | C5: [0.3487, 3.3464, 0.14602] | D5: [0.3487, 3.3464, 0.14602] | E5: IGUAL
A6: PL_F | B6: 45 | C6: [-0.3833, 2.4607, 0.09029] | D6: [-0.3833, 2.4607, 0.09029] | E6: IGUAL
A7: IMC_F | B7: 61 | C7: [-0.8886, 15.2441, 0.09692] | D7: [-0.8886, 15.2441, 0.09692] | E7: IGUAL
A8: IMC_M | B8: 61 | C8: [-0.7387, 15.2641, 0.0839] | D8: [-0.7387, 15.2641, 0.0839] | E8: IGUAL
A9: TE_M | B9: 0 | C9: [46.1, 48.0, 49.9, 51.8, 53.7] | D9: [46.1, 48.0, 49.9, 51.8, 53.7] | E9: IGUAL
A10: PCE_F | B10: 0 | C10: [31.5, 32.7, 33.9, 35.1, 36.2] | D10: [31.5, 32.7, 33.9, 35.1, 36.2] | E10: IGUAL

Sheet LOG
A1: LOG DE RECÁLCULO
A3: LOG DE RECÁLCULO — VALIDACIÓN INDEPENDIENTE NMX-14
A4: ================================================================
A5: Fecha de ejecución (UTC): 2026-08-06T08:35:22
A6: Archivo auditado: NMX-14_OMS_MINSAL_UDD_DIAGNOSTICO_FINAL.xlsx
A8: MOTOR DE RECÁLCULO EMPLEADO
A9: ----------------------------------------------------------------
A10: Solicitado: Microsoft Excel vía COM (win32com).
A11: Entorno real de ejecución: Linux (Ubuntu 24). No hay Microsoft Excel
A12: ni interfaz COM de Windows disponibles en este entorno (win32com no
A13: existe; COM es exclusivo de Windows).
A14: Sustituto empleado: LibreOffice Calc (soffice) vía puente UNO,
... A60: FIN DEL LOG
